filepath,species,breed,label
D:\B.Tech\CE-AI\Sem 7\MP\Datasets\archive (1)\clean_images\cattle\ongole\ongole_0008.jpg,cattle,ongole,cattle_ongole
D:\B.Tech\CE-AI\Sem 7\MP\Datasets\archive (1)\clean_images\cattle\sahiwal\sahiwal_0375.jpg,cattle,sahiwal,cattle_sahiwal
D:\B.Tech\CE-AI\Sem 7\MP\Datasets\archive (1)\clean_images\cattle\hallikar\hallikar_0202.jpg,cattle,hallikar,cattle_hallikar
D:\B.Tech\CE-AI\Sem 7\MP\Datasets\archive (1)\clean_images\buffalo\mehsana\mehsana_0019.png,buffalo,mehsana,buffalo_mehsana
D:\B.Tech\CE-AI\Sem 7\MP\Datasets\archive (1)\clean_images\buffalo\alambadi\alambadi_0137.png,buffalo,alambadi,buffalo_alambadi
D:\B.Tech\CE-AI\Sem 7\MP\Datasets\archive (1)\clean_images\buffalo\banni\banni_0047.jpg,buffalo,banni,buffalo_banni
D:\B.Tech\CE-AI\Sem 7\MP\Datasets\archive (1)\clean_images\cattle\sahiwal\sahiwal_0026.jpg,cattle,sahiwal,cattle_sahiwal
D:\B.Tech\CE-AI\Sem 7\MP\Datasets\archive (1)\clean_images\cattle\dangi\dangi_0080.png,cattle,dangi,cattle_dangi
D:\B.Tech\CE-AI\Sem 7\MP\Datasets\archive (1)\clean_images\cattle\sahiwal\sahiwal_0051.jpg,cattle,sahiwal,cattle_sahiwal
D:\B.Tech\CE-AI\Sem 7\MP\Datasets\archive (1)\clean_images\cattle\gir\gir_0685.png,cattle,gir,cattle_gir
D:\B.Tech\CE-AI\Sem 7\MP\Datasets\archive (1)\clean_images\cattle\deoni\deoni_0128.jpg,cattle,deoni,cattle_deoni
D:\B.Tech\CE-AI\Sem 7\MP\Datasets\archive (1)\clean_images\cattle\red_sindhi\red_sindhi_0001.jpg,cattle,red_sindhi,cattle_red_sindhi
D:\B.Tech\CE-AI\Sem 7\MP\Datasets\archive (1)\clean_images\cattle\bargur\bargur_0057.png,cattle,bargur,cattle_bargur
D:\B.Tech\CE-AI\Sem 7\MP\Datasets\archive (1)\clean_images\cattle\hariana\hariana_0111.jpg,cattle,hariana,cattle_hariana
D:\B.Tech\CE-AI\Sem 7\MP\Datasets\archive (1)\clean_images\cattle\khillar\khillar_0077.jpg,cattle,khillar,cattle_khillar
D:\B.Tech\CE-AI\Sem 7\MP\Datasets\archive (1)\clean_images\cattle\jersey\jersey_0048.jpg,cattle,jersey,cattle_jersey
D:\B.Tech\CE-AI\Sem 7\MP\Datasets\archive (1)\clean_images\cattle\malnad_gidda\malnad_gidda_0073.png,cattle,malnad_gidda,cattle_malnad_gidda
D:\B.Tech\CE-AI\Sem 7\MP\Datasets\archive (1)\clean_images\cattle\ayrshire\ayrshire_0639.jpg,cattle,ayrshire,cattle_ayrshire
D:\B.Tech\CE-AI\Sem 7\MP\Datasets\archive (1)\clean_images\buffalo\murrah\murrah_0071.jpg,buffalo,murrah,buffalo_murrah
D:\B.Tech\CE-AI\Sem 7\MP\Datasets\archive (1)\clean_images\cattle\gir\gir_0247.jpg,cattle,gir,cattle_gir
D:\B.Tech\CE-AI\Sem 7\MP\Datasets\archive (1)\clean_images\cattle\nimari\nimari_0019.jpg,cattle,nimari,cattle_nimari
D:\B.Tech\CE-AI\Sem 7\MP\Datasets\archive (1)\clean_images\cattle\ayrshire\ayrshire_0668.jpg,cattle,ayrshire,cattle_ayrshire
D:\B.Tech\CE-AI\Sem 7\MP\Datasets\archive (1)\clean_images\cattle\ayrshire\ayrshire_0266.jpg,cattle,ayrshire,cattle_ayrshire
D:\B.Tech\CE-AI\Sem 7\MP\Datasets\archive (1)\clean_images\buffalo\banni\banni_0096.jpg,buffalo,banni,buffalo_banni
D:\B.Tech\CE-AI\Sem 7\MP\Datasets\archive (1)\clean_images\cattle\krishna_valley\krishna_valley_0059.jpg,cattle,krishna_valley,cattle_krishna_valley
D:\B.Tech\CE-AI\Sem 7\MP\Datasets\archive (1)\clean_images\cattle\gir\gir_0409.jpg,cattle,gir,cattle_gir
D:\B.Tech\CE-AI\Sem 7\MP\Datasets\archive (1)\clean_images\buffalo\bhadawari\bhadawari_0045.jpg,buffalo,bhadawari,buffalo_bhadawari
D:\B.Tech\CE-AI\Sem 7\MP\Datasets\archive (1)\clean_images\cattle\sahiwal\sahiwal_0029.jpg,cattle,sahiwal,cattle_sahiwal
D:\B.Tech\CE-AI\Sem 7\MP\Datasets\archive (1)\clean_images\cattle\brown_swiss\brown_swiss_0440.jpg,cattle,brown_swiss,cattle_brown_swiss
D:\B.Tech\CE-AI\Sem 7\MP\Datasets\archive (1)\clean_images\cattle\gir\gir_0030.jpg,cattle,gir,cattle_gir
D:\B.Tech\CE-AI\Sem 7\MP\Datasets\archive (1)\clean_images\cattle\sahiwal\sahiwal_0136.jpg,cattle,sahiwal,cattle_sahiwal
D:\B.Tech\CE-AI\Sem 7\MP\Datasets\archive (1)\clean_images\cattle\nagori\nagori_0033.jpg,cattle,nagori,cattle_nagori
D:\B.Tech\CE-AI\Sem 7\MP\Datasets\archive (1)\clean_images\cattle\sahiwal\sahiwal_0225.jpg,cattle,sahiwal,cattle_sahiwal
D:\B.Tech\CE-AI\Sem 7\MP\Datasets\archive (1)\clean_images\cattle\hariana\hariana_0060.png,cattle,hariana,cattle_hariana
D:\B.Tech\CE-AI\Sem 7\MP\Datasets\archive (1)\clean_images\cattle\red_sindhi\red_sindhi_0047.png,cattle,red_sindhi,cattle_red_sindhi
D:\B.Tech\CE-AI\Sem 7\MP\Datasets\archive (1)\clean_images\buffalo\bargur\bargur_0038.jpg,buffalo,bargur,buffalo_bargur
D:\B.Tech\CE-AI\Sem 7\MP\Datasets\archive (1)\clean_images\cattle\amritmahal\amritmahal_0132.png,cattle,amritmahal,cattle_amritmahal
D:\B.Tech\CE-AI\Sem 7\MP\Datasets\archive (1)\clean_images\cattle\guernsey\guernsey_0017.jpg,cattle,guernsey,cattle_guernsey
D:\B.Tech\CE-AI\Sem 7\MP\Datasets\archive (1)\clean_images\cattle\gir\gir_0741.jpg,cattle,gir,cattle_gir
D:\B.Tech\CE-AI\Sem 7\MP\Datasets\archive (1)\clean_images\cattle\hallikar\hallikar_0280.png,cattle,hallikar,cattle_hallikar
D:\B.Tech\CE-AI\Sem 7\MP\Datasets\archive (1)\clean_images\cattle\sahiwal\sahiwal_0444.jpg,cattle,sahiwal,cattle_sahiwal
D:\B.Tech\CE-AI\Sem 7\MP\Datasets\archive (1)\clean_images\cattle\brown_swiss\brown_swiss_0146.jpg,cattle,brown_swiss,cattle_brown_swiss
D:\B.Tech\CE-AI\Sem 7\MP\Datasets\archive (1)\clean_images\buffalo\nili_ravi\nili_ravi_0081.jpg,buffalo,nili_ravi,buffalo_nili_ravi
D:\B.Tech\CE-AI\Sem 7\MP\Datasets\archive (1)\clean_images\cattle\umblachery\umblachery_0040.png,cattle,umblachery,cattle_umblachery
D:\B.Tech\CE-AI\Sem 7\MP\Datasets\archive (1)\clean_images\cattle\ayrshire\ayrshire_0217.jpg,cattle,ayrshire,cattle_ayrshire
D:\B.Tech\CE-AI\Sem 7\MP\Datasets\archive (1)\clean_images\cattle\umblachery\umblachery_0013.jpg,cattle,umblachery,cattle_umblachery
D:\B.Tech\CE-AI\Sem 7\MP\Datasets\archive (1)\clean_images\buffalo\bhadawari\bhadawari_0126.jpg,buffalo,bhadawari,buffalo_bhadawari
D:\B.Tech\CE-AI\Sem 7\MP\Datasets\archive (1)\clean_images\cattle\malnad_gidda\malnad_gidda_0058.jpg,cattle,malnad_gidda,cattle_malnad_gidda
D:\B.Tech\CE-AI\Sem 7\MP\Datasets\archive (1)\clean_images\cattle\deoni\deoni_0171.png,cattle,deoni,cattle_deoni
D:\B.Tech\CE-AI\Sem 7\MP\Datasets\archive (1)\clean_images\buffalo\banni\banni_0087.jpg,buffalo,banni,buffalo_banni
D:\B.Tech\CE-AI\Sem 7\MP\Datasets\archive (1)\clean_images\buffalo\banni\banni_0014.jpg,buffalo,banni,buffalo_banni
D:\B.Tech\CE-AI\Sem 7\MP\Datasets\archive (1)\clean_images\cattle\kherigarh\kherigarh_0032.jpg,cattle,kherigarh,cattle_kherigarh
D:\B.Tech\CE-AI\Sem 7\MP\Datasets\archive (1)\clean_images\cattle\khillar\khillar_0067.jpg,cattle,khillar,cattle_khillar
D:\B.Tech\CE-AI\Sem 7\MP\Datasets\archive (1)\clean_images\cattle\sahiwal\sahiwal_0054.jpg,cattle,sahiwal,cattle_sahiwal
D:\B.Tech\CE-AI\Sem 7\MP\Datasets\archive (1)\clean_images\buffalo\nili_ravi\nili_ravi_0021.jpg,buffalo,nili_ravi,buffalo_nili_ravi
D:\B.Tech\CE-AI\Sem 7\MP\Datasets\archive (1)\clean_images\cattle\pulikulam\pulikulam_0104.jpg,cattle,pulikulam,cattle_pulikulam
D:\B.Tech\CE-AI\Sem 7\MP\Datasets\archive (1)\clean_images\cattle\krishna_valley\krishna_valley_0076.jpg,cattle,krishna_valley,cattle_krishna_valley
D:\B.Tech\CE-AI\Sem 7\MP\Datasets\archive (1)\clean_images\buffalo\jaffarabadi\jaffarabadi_0046.png,buffalo,jaffarabadi,buffalo_jaffarabadi
D:\B.Tech\CE-AI\Sem 7\MP\Datasets\archive (1)\clean_images\cattle\holstein-friesian\holstein-friesian_0136.jpg,cattle,holstein-friesian,cattle_holstein-friesian
D:\B.Tech\CE-AI\Sem 7\MP\Datasets\archive (1)\clean_images\cattle\malnad_gidda\malnad_gidda_0078.png,cattle,malnad_gidda,cattle_malnad_gidda
D:\B.Tech\CE-AI\Sem 7\MP\Datasets\archive (1)\clean_images\cattle\umblachery\umblachery_0048.jpg,cattle,umblachery,cattle_umblachery
D:\B.Tech\CE-AI\Sem 7\MP\Datasets\archive (1)\clean_images\cattle\rathi\rathi_0088.jpg,cattle,rathi,cattle_rathi
D:\B.Tech\CE-AI\Sem 7\MP\Datasets\archive (1)\clean_images\cattle\ayrshire\ayrshire_0362.jpg,cattle,ayrshire,cattle_ayrshire
D:\B.Tech\CE-AI\Sem 7\MP\Datasets\archive (1)\clean_images\cattle\sahiwal\sahiwal_0360.jpg,cattle,sahiwal,cattle_sahiwal
D:\B.Tech\CE-AI\Sem 7\MP\Datasets\archive (1)\clean_images\cattle\red_dane\red_dane_0061.jpg,cattle,red_dane,cattle_red_dane
D:\B.Tech\CE-AI\Sem 7\MP\Datasets\archive (1)\clean_images\cattle\deoni\deoni_0187.jpg,cattle,deoni,cattle_deoni
D:\B.Tech\CE-AI\Sem 7\MP\Datasets\archive (1)\clean_images\buffalo\jaffarabadi\jaffarabadi_0056.png,buffalo,jaffarabadi,buffalo_jaffarabadi
D:\B.Tech\CE-AI\Sem 7\MP\Datasets\archive (1)\clean_images\buffalo\toda\toda_0077.jpg,buffalo,toda,buffalo_toda
D:\B.Tech\CE-AI\Sem 7\MP\Datasets\archive (1)\clean_images\cattle\malnad_gidda\malnad_gidda_0059.jpg,cattle,malnad_gidda,cattle_malnad_gidda
D:\B.Tech\CE-AI\Sem 7\MP\Datasets\archive (1)\clean_images\cattle\red_sindhi\red_sindhi_0060.png,cattle,red_sindhi,cattle_red_sindhi
D:\B.Tech\CE-AI\Sem 7\MP\Datasets\archive (1)\clean_images\cattle\holstein-friesian\holstein-friesian_0408.jpg,cattle,holstein-friesian,cattle_holstein-friesian
D:\B.Tech\CE-AI\Sem 7\MP\Datasets\archive (1)\clean_images\cattle\guernsey\guernsey_0234.jpg,cattle,guernsey,cattle_guernsey
D:\B.Tech\CE-AI\Sem 7\MP\Datasets\archive (1)\clean_images\cattle\jersey\jersey_0167.jpg,cattle,jersey,cattle_jersey
D:\B.Tech\CE-AI\Sem 7\MP\Datasets\archive (1)\clean_images\cattle\red_sindhi\red_sindhi_0168.jpg,cattle,red_sindhi,cattle_red_sindhi
D:\B.Tech\CE-AI\Sem 7\MP\Datasets\archive (1)\clean_images\cattle\rathi\rathi_0056.jpg,cattle,rathi,cattle_rathi
D:\B.Tech\CE-AI\Sem 7\MP\Datasets\archive (1)\clean_images\buffalo\surti\surti_0059.png,buffalo,surti,buffalo_surti
D:\B.Tech\CE-AI\Sem 7\MP\Datasets\archive (1)\clean_images\buffalo\banni\banni_0110.jpg,buffalo,banni,buffalo_banni
D:\B.Tech\CE-AI\Sem 7\MP\Datasets\archive (1)\clean_images\cattle\guernsey\guernsey_0220.jpg,cattle,guernsey,cattle_guernsey
D:\B.Tech\CE-AI\Sem 7\MP\Datasets\archive (1)\clean_images\cattle\khillar\khillar_0104.png,cattle,khillar,cattle_khillar
D:\B.Tech\CE-AI\Sem 7\MP\Datasets\archive (1)\clean_images\cattle\brown_swiss\brown_swiss_0207.jpg,cattle,brown_swiss,cattle_brown_swiss
D:\B.Tech\CE-AI\Sem 7\MP\Datasets\archive (1)\clean_images\cattle\hallikar\hallikar_0249.png,cattle,hallikar,cattle_hallikar
D:\B.Tech\CE-AI\Sem 7\MP\Datasets\archive (1)\clean_images\cattle\ongole\ongole_0161.png,cattle,ongole,cattle_ongole
D:\B.Tech\CE-AI\Sem 7\MP\Datasets\archive (1)\clean_images\cattle\deoni\deoni_0160.png,cattle,deoni,cattle_deoni
D:\B.Tech\CE-AI\Sem 7\MP\Datasets\archive (1)\clean_images\buffalo\murrah\murrah_0168.png,buffalo,murrah,buffalo_murrah
D:\B.Tech\CE-AI\Sem 7\MP\Datasets\archive (1)\clean_images\buffalo\bargur\bargur_0043.jpg,buffalo,bargur,buffalo_bargur
D:\B.Tech\CE-AI\Sem 7\MP\Datasets\archive (1)\clean_images\cattle\nagori\nagori_0093.png,cattle,nagori,cattle_nagori
D:\B.Tech\CE-AI\Sem 7\MP\Datasets\archive (1)\clean_images\cattle\gir\gir_0634.png,cattle,gir,cattle_gir
D:\B.Tech\CE-AI\Sem 7\MP\Datasets\archive (1)\clean_images\cattle\gir\gir_0627.jpg,cattle,gir,cattle_gir
D:\B.Tech\CE-AI\Sem 7\MP\Datasets\archive (1)\clean_images\buffalo\jaffarabadi\jaffarabadi_0026.png,buffalo,jaffarabadi,buffalo_jaffarabadi
D:\B.Tech\CE-AI\Sem 7\MP\Datasets\archive (1)\clean_images\cattle\ayrshire\ayrshire_0414.jpg,cattle,ayrshire,cattle_ayrshire
D:\B.Tech\CE-AI\Sem 7\MP\Datasets\archive (1)\clean_images\cattle\gir\gir_0159.jpg,cattle,gir,cattle_gir
D:\B.Tech\CE-AI\Sem 7\MP\Datasets\archive (1)\clean_images\cattle\brown_swiss\brown_swiss_0123.jpg,cattle,brown_swiss,cattle_brown_swiss
D:\B.Tech\CE-AI\Sem 7\MP\Datasets\archive (1)\clean_images\cattle\brown_swiss\brown_swiss_0143.jpg,cattle,brown_swiss,cattle_brown_swiss
D:\B.Tech\CE-AI\Sem 7\MP\Datasets\archive (1)\clean_images\cattle\nagori\nagori_0088.png,cattle,nagori,cattle_nagori
D:\B.Tech\CE-AI\Sem 7\MP\Datasets\archive (1)\clean_images\cattle\hallikar\hallikar_0241.png,cattle,hallikar,cattle_hallikar
D:\B.Tech\CE-AI\Sem 7\MP\Datasets\archive (1)\clean_images\buffalo\banni\banni_0022.jpg,buffalo,banni,buffalo_banni
D:\B.Tech\CE-AI\Sem 7\MP\Datasets\archive (1)\clean_images\cattle\ayrshire\ayrshire_0674.jpg,cattle,ayrshire,cattle_ayrshire
D:\B.Tech\CE-AI\Sem 7\MP\Datasets\archive (1)\clean_images\cattle\tharparkar\tharparkar_0043.jpg,cattle,tharparkar,cattle_tharparkar
D:\B.Tech\CE-AI\Sem 7\MP\Datasets\archive (1)\clean_images\buffalo\bargur\bargur_0104.jpg,buffalo,bargur,buffalo_bargur
D:\B.Tech\CE-AI\Sem 7\MP\Datasets\archive (1)\clean_images\cattle\bargur\bargur_0074.gif,cattle,bargur,cattle_bargur
D:\B.Tech\CE-AI\Sem 7\MP\Datasets\archive (1)\clean_images\cattle\red_sindhi\red_sindhi_0137.jpg,cattle,red_sindhi,cattle_red_sindhi
D:\B.Tech\CE-AI\Sem 7\MP\Datasets\archive (1)\clean_images\cattle\deoni\deoni_0121.jpg,cattle,deoni,cattle_deoni
D:\B.Tech\CE-AI\Sem 7\MP\Datasets\archive (1)\clean_images\buffalo\jaffarabadi\jaffarabadi_0100.jpg,buffalo,jaffarabadi,buffalo_jaffarabadi
D:\B.Tech\CE-AI\Sem 7\MP\Datasets\archive (1)\clean_images\buffalo\toda\toda_0019.jpg,buffalo,toda,buffalo_toda
D:\B.Tech\CE-AI\Sem 7\MP\Datasets\archive (1)\clean_images\cattle\amritmahal\amritmahal_0158.jpg,cattle,amritmahal,cattle_amritmahal
D:\B.Tech\CE-AI\Sem 7\MP\Datasets\archive (1)\clean_images\cattle\ayrshire\ayrshire_0509.jpg,cattle,ayrshire,cattle_ayrshire
D:\B.Tech\CE-AI\Sem 7\MP\Datasets\archive (1)\clean_images\cattle\brown_swiss\brown_swiss_0305.jpg,cattle,brown_swiss,cattle_brown_swiss
D:\B.Tech\CE-AI\Sem 7\MP\Datasets\archive (1)\clean_images\cattle\sahiwal\sahiwal_0415.jpg,cattle,sahiwal,cattle_sahiwal
D:\B.Tech\CE-AI\Sem 7\MP\Datasets\archive (1)\clean_images\cattle\bargur\bargur_0070.jpg,cattle,bargur,cattle_bargur
D:\B.Tech\CE-AI\Sem 7\MP\Datasets\archive (1)\clean_images\cattle\holstein-friesian\holstein-friesian_0259.jpg,cattle,holstein-friesian,cattle_holstein-friesian
D:\B.Tech\CE-AI\Sem 7\MP\Datasets\archive (1)\clean_images\cattle\nimari\nimari_0074.png,cattle,nimari,cattle_nimari
D:\B.Tech\CE-AI\Sem 7\MP\Datasets\archive (1)\clean_images\cattle\ayrshire\ayrshire_0115.jpg,cattle,ayrshire,cattle_ayrshire
D:\B.Tech\CE-AI\Sem 7\MP\Datasets\archive (1)\clean_images\cattle\gir\gir_0306.jpg,cattle,gir,cattle_gir
D:\B.Tech\CE-AI\Sem 7\MP\Datasets\archive (1)\clean_images\cattle\tharparkar\tharparkar_0108.jpg,cattle,tharparkar,cattle_tharparkar
D:\B.Tech\CE-AI\Sem 7\MP\Datasets\archive (1)\clean_images\buffalo\bhadawari\bhadawari_0030.jpg,buffalo,bhadawari,buffalo_bhadawari
D:\B.Tech\CE-AI\Sem 7\MP\Datasets\archive (1)\clean_images\cattle\sahiwal\sahiwal_0226.jpg,cattle,sahiwal,cattle_sahiwal
D:\B.Tech\CE-AI\Sem 7\MP\Datasets\archive (1)\clean_images\cattle\sahiwal\sahiwal_0107.jpg,cattle,sahiwal,cattle_sahiwal
D:\B.Tech\CE-AI\Sem 7\MP\Datasets\archive (1)\clean_images\cattle\vechur\vechur_0145.png,cattle,vechur,cattle_vechur
D:\B.Tech\CE-AI\Sem 7\MP\Datasets\archive (1)\clean_images\cattle\gir\gir_0662.jpg,cattle,gir,cattle_gir
D:\B.Tech\CE-AI\Sem 7\MP\Datasets\archive (1)\clean_images\buffalo\surti\surti_0008.jpg,buffalo,surti,buffalo_surti
D:\B.Tech\CE-AI\Sem 7\MP\Datasets\archive (1)\clean_images\cattle\sahiwal\sahiwal_0350.jpg,cattle,sahiwal,cattle_sahiwal
D:\B.Tech\CE-AI\Sem 7\MP\Datasets\archive (1)\clean_images\buffalo\bhadawari\bhadawari_0017.jpg,buffalo,bhadawari,buffalo_bhadawari
D:\B.Tech\CE-AI\Sem 7\MP\Datasets\archive (1)\clean_images\cattle\gir\gir_0570.jpg,cattle,gir,cattle_gir
D:\B.Tech\CE-AI\Sem 7\MP\Datasets\archive (1)\clean_images\cattle\malnad_gidda\malnad_gidda_0038.jpg,cattle,malnad_gidda,cattle_malnad_gidda
D:\B.Tech\CE-AI\Sem 7\MP\Datasets\archive (1)\clean_images\cattle\sahiwal\sahiwal_0338.jpg,cattle,sahiwal,cattle_sahiwal
D:\B.Tech\CE-AI\Sem 7\MP\Datasets\archive (1)\clean_images\cattle\sahiwal\sahiwal_0075.jpg,cattle,sahiwal,cattle_sahiwal
D:\B.Tech\CE-AI\Sem 7\MP\Datasets\archive (1)\clean_images\cattle\tharparkar\tharparkar_0060.jpg,cattle,tharparkar,cattle_tharparkar
D:\B.Tech\CE-AI\Sem 7\MP\Datasets\archive (1)\clean_images\cattle\ongole\ongole_0126.jpg,cattle,ongole,cattle_ongole
D:\B.Tech\CE-AI\Sem 7\MP\Datasets\archive (1)\clean_images\cattle\ayrshire\ayrshire_0209.jpg,cattle,ayrshire,cattle_ayrshire
D:\B.Tech\CE-AI\Sem 7\MP\Datasets\archive (1)\clean_images\cattle\red_sindhi\red_sindhi_0019.png,cattle,red_sindhi,cattle_red_sindhi
D:\B.Tech\CE-AI\Sem 7\MP\Datasets\archive (1)\clean_images\cattle\holstein-friesian\holstein-friesian_0163.jpg,cattle,holstein-friesian,cattle_holstein-friesian
D:\B.Tech\CE-AI\Sem 7\MP\Datasets\archive (1)\clean_images\buffalo\bhadawari\bhadawari_0078.jpg,buffalo,bhadawari,buffalo_bhadawari
D:\B.Tech\CE-AI\Sem 7\MP\Datasets\archive (1)\clean_images\cattle\jersey\jersey_0004.jpg,cattle,jersey,cattle_jersey
D:\B.Tech\CE-AI\Sem 7\MP\Datasets\archive (1)\clean_images\cattle\kankrej\kankrej_0102.jpg,cattle,kankrej,cattle_kankrej
D:\B.Tech\CE-AI\Sem 7\MP\Datasets\archive (1)\clean_images\buffalo\murrah\murrah_0002.jpg,buffalo,murrah,buffalo_murrah
D:\B.Tech\CE-AI\Sem 7\MP\Datasets\archive (1)\clean_images\buffalo\bhadawari\bhadawari_0066.jpg,buffalo,bhadawari,buffalo_bhadawari
D:\B.Tech\CE-AI\Sem 7\MP\Datasets\archive (1)\clean_images\cattle\deoni\deoni_0001.jpg,cattle,deoni,cattle_deoni
D:\B.Tech\CE-AI\Sem 7\MP\Datasets\archive (1)\clean_images\cattle\holstein-friesian\holstein-friesian_0017.jpg,cattle,holstein-friesian,cattle_holstein-friesian
D:\B.Tech\CE-AI\Sem 7\MP\Datasets\archive (1)\clean_images\cattle\red_sindhi\red_sindhi_0016.jpg,cattle,red_sindhi,cattle_red_sindhi
D:\B.Tech\CE-AI\Sem 7\MP\Datasets\archive (1)\clean_images\cattle\guernsey\guernsey_0089.jpg,cattle,guernsey,cattle_guernsey
D:\B.Tech\CE-AI\Sem 7\MP\Datasets\archive (1)\clean_images\cattle\ayrshire\ayrshire_0187.jpg,cattle,ayrshire,cattle_ayrshire
D:\B.Tech\CE-AI\Sem 7\MP\Datasets\archive (1)\clean_images\cattle\ayrshire\ayrshire_0008.jpg,cattle,ayrshire,cattle_ayrshire
D:\B.Tech\CE-AI\Sem 7\MP\Datasets\archive (1)\clean_images\cattle\sahiwal\sahiwal_0015.jpg,cattle,sahiwal,cattle_sahiwal
D:\B.Tech\CE-AI\Sem 7\MP\Datasets\archive (1)\clean_images\cattle\gir\gir_0182.jpg,cattle,gir,cattle_gir
D:\B.Tech\CE-AI\Sem 7\MP\Datasets\archive (1)\clean_images\cattle\nimari\nimari_0053.jpg,cattle,nimari,cattle_nimari
D:\B.Tech\CE-AI\Sem 7\MP\Datasets\archive (1)\clean_images\cattle\krishna_valley\krishna_valley_0021.jpg,cattle,krishna_valley,cattle_krishna_valley
D:\B.Tech\CE-AI\Sem 7\MP\Datasets\archive (1)\clean_images\cattle\kangayam\kangayam_0017.jpg,cattle,kangayam,cattle_kangayam
D:\B.Tech\CE-AI\Sem 7\MP\Datasets\archive (1)\clean_images\cattle\ayrshire\ayrshire_0054.jpg,cattle,ayrshire,cattle_ayrshire
D:\B.Tech\CE-AI\Sem 7\MP\Datasets\archive (1)\clean_images\cattle\gir\gir_0175.jpg,cattle,gir,cattle_gir
D:\B.Tech\CE-AI\Sem 7\MP\Datasets\archive (1)\clean_images\cattle\jersey\jersey_0054.jpg,cattle,jersey,cattle_jersey
D:\B.Tech\CE-AI\Sem 7\MP\Datasets\archive (1)\clean_images\cattle\gir\gir_0207.jpg,cattle,gir,cattle_gir
D:\B.Tech\CE-AI\Sem 7\MP\Datasets\archive (1)\clean_images\cattle\ayrshire\ayrshire_0569.jpg,cattle,ayrshire,cattle_ayrshire
D:\B.Tech\CE-AI\Sem 7\MP\Datasets\archive (1)\clean_images\cattle\nimari\nimari_0068.png,cattle,nimari,cattle_nimari
D:\B.Tech\CE-AI\Sem 7\MP\Datasets\archive (1)\clean_images\cattle\khillar\khillar_0112.jpg,cattle,khillar,cattle_khillar
D:\B.Tech\CE-AI\Sem 7\MP\Datasets\archive (1)\clean_images\cattle\deoni\deoni_0213.png,cattle,deoni,cattle_deoni
D:\B.Tech\CE-AI\Sem 7\MP\Datasets\archive (1)\clean_images\cattle\red_dane\red_dane_0063.jpg,cattle,red_dane,cattle_red_dane
D:\B.Tech\CE-AI\Sem 7\MP\Datasets\archive (1)\clean_images\buffalo\nagpuri\nagpuri_0022.jpg,buffalo,nagpuri,buffalo_nagpuri
D:\B.Tech\CE-AI\Sem 7\MP\Datasets\archive (1)\clean_images\buffalo\banni\banni_0064.jpg,buffalo,banni,buffalo_banni
D:\B.Tech\CE-AI\Sem 7\MP\Datasets\archive (1)\clean_images\cattle\holstein-friesian\holstein-friesian_0397.jpg,cattle,holstein-friesian,cattle_holstein-friesian
D:\B.Tech\CE-AI\Sem 7\MP\Datasets\archive (1)\clean_images\cattle\brown_swiss\brown_swiss_0205.jpg,cattle,brown_swiss,cattle_brown_swiss
D:\B.Tech\CE-AI\Sem 7\MP\Datasets\archive (1)\clean_images\cattle\ongole\ongole_0053.jpg,cattle,ongole,cattle_ongole
D:\B.Tech\CE-AI\Sem 7\MP\Datasets\archive (1)\clean_images\cattle\sahiwal\sahiwal_0064.jpg,cattle,sahiwal,cattle_sahiwal
D:\B.Tech\CE-AI\Sem 7\MP\Datasets\archive (1)\clean_images\cattle\bargur\bargur_0035.png,cattle,bargur,cattle_bargur
D:\B.Tech\CE-AI\Sem 7\MP\Datasets\archive (1)\clean_images\cattle\gir\gir_0589.jpg,cattle,gir,cattle_gir
D:\B.Tech\CE-AI\Sem 7\MP\Datasets\archive (1)\clean_images\cattle\gir\gir_0297.jpg,cattle,gir,cattle_gir
D:\B.Tech\CE-AI\Sem 7\MP\Datasets\archive (1)\clean_images\cattle\ayrshire\ayrshire_0019.jpg,cattle,ayrshire,cattle_ayrshire
D:\B.Tech\CE-AI\Sem 7\MP\Datasets\archive (1)\clean_images\buffalo\nagpuri\nagpuri_0019.jpg,buffalo,nagpuri,buffalo_nagpuri
D:\B.Tech\CE-AI\Sem 7\MP\Datasets\archive (1)\clean_images\cattle\deoni\deoni_0117.jpg,cattle,deoni,cattle_deoni
D:\B.Tech\CE-AI\Sem 7\MP\Datasets\archive (1)\clean_images\cattle\gir\gir_0213.jpg,cattle,gir,cattle_gir
D:\B.Tech\CE-AI\Sem 7\MP\Datasets\archive (1)\clean_images\cattle\holstein-friesian\holstein-friesian_0330.jpg,cattle,holstein-friesian,cattle_holstein-friesian
D:\B.Tech\CE-AI\Sem 7\MP\Datasets\archive (1)\clean_images\cattle\pulikulam\pulikulam_0093.jpg,cattle,pulikulam,cattle_pulikulam
D:\B.Tech\CE-AI\Sem 7\MP\Datasets\archive (1)\clean_images\buffalo\bargur\bargur_0020.jpg,buffalo,bargur,buffalo_bargur
D:\B.Tech\CE-AI\Sem 7\MP\Datasets\archive (1)\clean_images\cattle\guernsey\guernsey_0044.jpg,cattle,guernsey,cattle_guernsey
D:\B.Tech\CE-AI\Sem 7\MP\Datasets\archive (1)\clean_images\cattle\gir\gir_0660.jpeg,cattle,gir,cattle_gir
D:\B.Tech\CE-AI\Sem 7\MP\Datasets\archive (1)\clean_images\cattle\gir\gir_0648.png,cattle,gir,cattle_gir
D:\B.Tech\CE-AI\Sem 7\MP\Datasets\archive (1)\clean_images\cattle\kangayam\kangayam_0051.jpg,cattle,kangayam,cattle_kangayam
D:\B.Tech\CE-AI\Sem 7\MP\Datasets\archive (1)\clean_images\buffalo\bhadawari\bhadawari_0051.jpg,buffalo,bhadawari,buffalo_bhadawari
D:\B.Tech\CE-AI\Sem 7\MP\Datasets\archive (1)\clean_images\buffalo\bhadawari\bhadawari_0063.jpg,buffalo,bhadawari,buffalo_bhadawari
D:\B.Tech\CE-AI\Sem 7\MP\Datasets\archive (1)\clean_images\cattle\sahiwal\sahiwal_0391.jpg,cattle,sahiwal,cattle_sahiwal
D:\B.Tech\CE-AI\Sem 7\MP\Datasets\archive (1)\clean_images\cattle\red_sindhi\red_sindhi_0084.jpg,cattle,red_sindhi,cattle_red_sindhi
D:\B.Tech\CE-AI\Sem 7\MP\Datasets\archive (1)\clean_images\cattle\umblachery\umblachery_0017.jpg,cattle,umblachery,cattle_umblachery
D:\B.Tech\CE-AI\Sem 7\MP\Datasets\archive (1)\clean_images\cattle\red_dane\red_dane_0042.jpg,cattle,red_dane,cattle_red_dane
D:\B.Tech\CE-AI\Sem 7\MP\Datasets\archive (1)\clean_images\cattle\ayrshire\ayrshire_0432.jpg,cattle,ayrshire,cattle_ayrshire
D:\B.Tech\CE-AI\Sem 7\MP\Datasets\archive (1)\clean_images\cattle\red_sindhi\red_sindhi_0041.png,cattle,red_sindhi,cattle_red_sindhi
D:\B.Tech\CE-AI\Sem 7\MP\Datasets\archive (1)\clean_images\cattle\hallikar\hallikar_0180.jpg,cattle,hallikar,cattle_hallikar
D:\B.Tech\CE-AI\Sem 7\MP\Datasets\archive (1)\clean_images\cattle\gir\gir_0492.png,cattle,gir,cattle_gir
D:\B.Tech\CE-AI\Sem 7\MP\Datasets\archive (1)\clean_images\buffalo\bhadawari\bhadawari_0056.jpg,buffalo,bhadawari,buffalo_bhadawari
D:\B.Tech\CE-AI\Sem 7\MP\Datasets\archive (1)\clean_images\cattle\tharparkar\tharparkar_0162.png,cattle,tharparkar,cattle_tharparkar
D:\B.Tech\CE-AI\Sem 7\MP\Datasets\archive (1)\clean_images\cattle\pulikulam\pulikulam_0030.jpg,cattle,pulikulam,cattle_pulikulam
D:\B.Tech\CE-AI\Sem 7\MP\Datasets\archive (1)\clean_images\cattle\kankrej\kankrej_0100.jpg,cattle,kankrej,cattle_kankrej
D:\B.Tech\CE-AI\Sem 7\MP\Datasets\archive (1)\clean_images\cattle\nagori\nagori_0032.jpg,cattle,nagori,cattle_nagori
D:\B.Tech\CE-AI\Sem 7\MP\Datasets\archive (1)\clean_images\cattle\ayrshire\ayrshire_0439.jpg,cattle,ayrshire,cattle_ayrshire
D:\B.Tech\CE-AI\Sem 7\MP\Datasets\archive (1)\clean_images\cattle\holstein-friesian\holstein-friesian_0044.jpg,cattle,holstein-friesian,cattle_holstein-friesian
D:\B.Tech\CE-AI\Sem 7\MP\Datasets\archive (1)\clean_images\cattle\kankrej\kankrej_0098.jpg,cattle,kankrej,cattle_kankrej
D:\B.Tech\CE-AI\Sem 7\MP\Datasets\archive (1)\clean_images\cattle\sahiwal\sahiwal_0245.jpg,cattle,sahiwal,cattle_sahiwal
D:\B.Tech\CE-AI\Sem 7\MP\Datasets\archive (1)\clean_images\buffalo\toda\toda_0030.jpg,buffalo,toda,buffalo_toda
D:\B.Tech\CE-AI\Sem 7\MP\Datasets\archive (1)\clean_images\cattle\holstein-friesian\holstein-friesian_0371.jpg,cattle,holstein-friesian,cattle_holstein-friesian
D:\B.Tech\CE-AI\Sem 7\MP\Datasets\archive (1)\clean_images\cattle\pulikulam\pulikulam_0031.png,cattle,pulikulam,cattle_pulikulam
D:\B.Tech\CE-AI\Sem 7\MP\Datasets\archive (1)\clean_images\cattle\holstein-friesian\holstein-friesian_0143.jpg,cattle,holstein-friesian,cattle_holstein-friesian
D:\B.Tech\CE-AI\Sem 7\MP\Datasets\archive (1)\clean_images\cattle\tharparkar\tharparkar_0079.png,cattle,tharparkar,cattle_tharparkar
D:\B.Tech\CE-AI\Sem 7\MP\Datasets\archive (1)\clean_images\buffalo\bargur\bargur_0084.jpg,buffalo,bargur,buffalo_bargur
D:\B.Tech\CE-AI\Sem 7\MP\Datasets\archive (1)\clean_images\cattle\jersey\jersey_0179.jpg,cattle,jersey,cattle_jersey
D:\B.Tech\CE-AI\Sem 7\MP\Datasets\archive (1)\clean_images\cattle\hallikar\hallikar_0231.png,cattle,hallikar,cattle_hallikar
D:\B.Tech\CE-AI\Sem 7\MP\Datasets\archive (1)\clean_images\cattle\guernsey\guernsey_0019.jpg,cattle,guernsey,cattle_guernsey
D:\B.Tech\CE-AI\Sem 7\MP\Datasets\archive (1)\clean_images\cattle\ayrshire\ayrshire_0456.jpg,cattle,ayrshire,cattle_ayrshire
D:\B.Tech\CE-AI\Sem 7\MP\Datasets\archive (1)\clean_images\cattle\umblachery\umblachery_0046.png,cattle,umblachery,cattle_umblachery
D:\B.Tech\CE-AI\Sem 7\MP\Datasets\archive (1)\clean_images\cattle\brown_swiss\brown_swiss_0368.jpg,cattle,brown_swiss,cattle_brown_swiss
D:\B.Tech\CE-AI\Sem 7\MP\Datasets\archive (1)\clean_images\buffalo\jaffarabadi\jaffarabadi_0009.jpg,buffalo,jaffarabadi,buffalo_jaffarabadi
D:\B.Tech\CE-AI\Sem 7\MP\Datasets\archive (1)\clean_images\cattle\dangi\dangi_0022.jpg,cattle,dangi,cattle_dangi
D:\B.Tech\CE-AI\Sem 7\MP\Datasets\archive (1)\clean_images\cattle\nagori\nagori_0030.jpg,cattle,nagori,cattle_nagori
D:\B.Tech\CE-AI\Sem 7\MP\Datasets\archive (1)\clean_images\cattle\ongole\ongole_0182.png,cattle,ongole,cattle_ongole
D:\B.Tech\CE-AI\Sem 7\MP\Datasets\archive (1)\clean_images\cattle\kankrej\kankrej_0072.jpg,cattle,kankrej,cattle_kankrej
D:\B.Tech\CE-AI\Sem 7\MP\Datasets\archive (1)\clean_images\cattle\red_dane\red_dane_0026.jpg,cattle,red_dane,cattle_red_dane
D:\B.Tech\CE-AI\Sem 7\MP\Datasets\archive (1)\clean_images\cattle\sahiwal\sahiwal_0028.jpg,cattle,sahiwal,cattle_sahiwal
D:\B.Tech\CE-AI\Sem 7\MP\Datasets\archive (1)\clean_images\cattle\jersey\jersey_0062.jpg,cattle,jersey,cattle_jersey
D:\B.Tech\CE-AI\Sem 7\MP\Datasets\archive (1)\clean_images\buffalo\nili_ravi\nili_ravi_0094.jpg,buffalo,nili_ravi,buffalo_nili_ravi
D:\B.Tech\CE-AI\Sem 7\MP\Datasets\archive (1)\clean_images\cattle\ayrshire\ayrshire_0615.jpg,cattle,ayrshire,cattle_ayrshire
D:\B.Tech\CE-AI\Sem 7\MP\Datasets\archive (1)\clean_images\buffalo\nili_ravi\nili_ravi_0050.jpg,buffalo,nili_ravi,buffalo_nili_ravi
D:\B.Tech\CE-AI\Sem 7\MP\Datasets\archive (1)\clean_images\cattle\nimari\nimari_0030.jpg,cattle,nimari,cattle_nimari
D:\B.Tech\CE-AI\Sem 7\MP\Datasets\archive (1)\clean_images\cattle\holstein-friesian\holstein-friesian_0033.jpg,cattle,holstein-friesian,cattle_holstein-friesian
D:\B.Tech\CE-AI\Sem 7\MP\Datasets\archive (1)\clean_images\cattle\ayrshire\ayrshire_0711.jpg,cattle,ayrshire,cattle_ayrshire
D:\B.Tech\CE-AI\Sem 7\MP\Datasets\archive (1)\clean_images\cattle\amritmahal\amritmahal_0095.jpg,cattle,amritmahal,cattle_amritmahal
D:\B.Tech\CE-AI\Sem 7\MP\Datasets\archive (1)\clean_images\cattle\sahiwal\sahiwal_0170.jpg,cattle,sahiwal,cattle_sahiwal
D:\B.Tech\CE-AI\Sem 7\MP\Datasets\archive (1)\clean_images\cattle\gir\gir_0137.jpg,cattle,gir,cattle_gir
D:\B.Tech\CE-AI\Sem 7\MP\Datasets\archive (1)\clean_images\cattle\gir\gir_0453.png,cattle,gir,cattle_gir
D:\B.Tech\CE-AI\Sem 7\MP\Datasets\archive (1)\clean_images\cattle\tharparkar\tharparkar_0207.jpg,cattle,tharparkar,cattle_tharparkar
D:\B.Tech\CE-AI\Sem 7\MP\Datasets\archive (1)\clean_images\cattle\red_dane\red_dane_0072.jpg,cattle,red_dane,cattle_red_dane
D:\B.Tech\CE-AI\Sem 7\MP\Datasets\archive (1)\clean_images\cattle\brown_swiss\brown_swiss_0327.jpg,cattle,brown_swiss,cattle_brown_swiss
D:\B.Tech\CE-AI\Sem 7\MP\Datasets\archive (1)\clean_images\cattle\ayrshire\ayrshire_0601.jpg,cattle,ayrshire,cattle_ayrshire
D:\B.Tech\CE-AI\Sem 7\MP\Datasets\archive (1)\clean_images\cattle\hariana\hariana_0041.png,cattle,hariana,cattle_hariana
D:\B.Tech\CE-AI\Sem 7\MP\Datasets\archive (1)\clean_images\cattle\hariana\hariana_0045.jpg,cattle,hariana,cattle_hariana
D:\B.Tech\CE-AI\Sem 7\MP\Datasets\archive (1)\clean_images\buffalo\nili_ravi\nili_ravi_0005.jpg,buffalo,nili_ravi,buffalo_nili_ravi
D:\B.Tech\CE-AI\Sem 7\MP\Datasets\archive (1)\clean_images\cattle\ayrshire\ayrshire_0572.jpg,cattle,ayrshire,cattle_ayrshire
D:\B.Tech\CE-AI\Sem 7\MP\Datasets\archive (1)\clean_images\cattle\gir\gir_0158.jpg,cattle,gir,cattle_gir
D:\B.Tech\CE-AI\Sem 7\MP\Datasets\archive (1)\clean_images\buffalo\surti\surti_0041.png,buffalo,surti,buffalo_surti
D:\B.Tech\CE-AI\Sem 7\MP\Datasets\archive (1)\clean_images\cattle\holstein-friesian\holstein-friesian_0429.jpg,cattle,holstein-friesian,cattle_holstein-friesian
D:\B.Tech\CE-AI\Sem 7\MP\Datasets\archive (1)\clean_images\cattle\kangayam\kangayam_0085.png,cattle,kangayam,cattle_kangayam
D:\B.Tech\CE-AI\Sem 7\MP\Datasets\archive (1)\clean_images\cattle\sahiwal\sahiwal_0132.jpg,cattle,sahiwal,cattle_sahiwal
D:\B.Tech\CE-AI\Sem 7\MP\Datasets\archive (1)\clean_images\cattle\holstein-friesian\holstein-friesian_0326.jpg,cattle,holstein-friesian,cattle_holstein-friesian
D:\B.Tech\CE-AI\Sem 7\MP\Datasets\archive (1)\clean_images\cattle\brown_swiss\brown_swiss_0377.jpg,cattle,brown_swiss,cattle_brown_swiss
D:\B.Tech\CE-AI\Sem 7\MP\Datasets\archive (1)\clean_images\cattle\sahiwal\sahiwal_0007.jpg,cattle,sahiwal,cattle_sahiwal
D:\B.Tech\CE-AI\Sem 7\MP\Datasets\archive (1)\clean_images\cattle\kankrej\kankrej_0192.jpg,cattle,kankrej,cattle_kankrej
D:\B.Tech\CE-AI\Sem 7\MP\Datasets\archive (1)\clean_images\buffalo\bhadawari\bhadawari_0165.jpg,buffalo,bhadawari,buffalo_bhadawari
D:\B.Tech\CE-AI\Sem 7\MP\Datasets\archive (1)\clean_images\cattle\guernsey\guernsey_0111.jpg,cattle,guernsey,cattle_guernsey
D:\B.Tech\CE-AI\Sem 7\MP\Datasets\archive (1)\clean_images\cattle\kenkatha\kenkatha_0041.jpg,cattle,kenkatha,cattle_kenkatha
D:\B.Tech\CE-AI\Sem 7\MP\Datasets\archive (1)\clean_images\buffalo\nili_ravi\nili_ravi_0071.png,buffalo,nili_ravi,buffalo_nili_ravi
D:\B.Tech\CE-AI\Sem 7\MP\Datasets\archive (1)\clean_images\cattle\ongole\ongole_0102.jpg,cattle,ongole,cattle_ongole
D:\B.Tech\CE-AI\Sem 7\MP\Datasets\archive (1)\clean_images\cattle\hariana\hariana_0099.jpg,cattle,hariana,cattle_hariana
D:\B.Tech\CE-AI\Sem 7\MP\Datasets\archive (1)\clean_images\cattle\ayrshire\ayrshire_0500.jpg,cattle,ayrshire,cattle_ayrshire
D:\B.Tech\CE-AI\Sem 7\MP\Datasets\archive (1)\clean_images\buffalo\banni\banni_0007.jpg,buffalo,banni,buffalo_banni
D:\B.Tech\CE-AI\Sem 7\MP\Datasets\archive (1)\clean_images\cattle\hallikar\hallikar_0210.jpg,cattle,hallikar,cattle_hallikar
D:\B.Tech\CE-AI\Sem 7\MP\Datasets\archive (1)\clean_images\cattle\gir\gir_0079.jpg,cattle,gir,cattle_gir
D:\B.Tech\CE-AI\Sem 7\MP\Datasets\archive (1)\clean_images\cattle\jersey\jersey_0123.jpg,cattle,jersey,cattle_jersey
D:\B.Tech\CE-AI\Sem 7\MP\Datasets\archive (1)\clean_images\cattle\ayrshire\ayrshire_0267.jpg,cattle,ayrshire,cattle_ayrshire
D:\B.Tech\CE-AI\Sem 7\MP\Datasets\archive (1)\clean_images\cattle\hallikar\hallikar_0050.jpg,cattle,hallikar,cattle_hallikar
D:\B.Tech\CE-AI\Sem 7\MP\Datasets\archive (1)\clean_images\cattle\ayrshire\ayrshire_0617.jpg,cattle,ayrshire,cattle_ayrshire
D:\B.Tech\CE-AI\Sem 7\MP\Datasets\archive (1)\clean_images\cattle\malnad_gidda\malnad_gidda_0099.png,cattle,malnad_gidda,cattle_malnad_gidda
D:\B.Tech\CE-AI\Sem 7\MP\Datasets\archive (1)\clean_images\cattle\sahiwal\sahiwal_0205.jpg,cattle,sahiwal,cattle_sahiwal
D:\B.Tech\CE-AI\Sem 7\MP\Datasets\archive (1)\clean_images\cattle\ayrshire\ayrshire_0067.jpg,cattle,ayrshire,cattle_ayrshire
D:\B.Tech\CE-AI\Sem 7\MP\Datasets\archive (1)\clean_images\cattle\brown_swiss\brown_swiss_0089.jpg,cattle,brown_swiss,cattle_brown_swiss
D:\B.Tech\CE-AI\Sem 7\MP\Datasets\archive (1)\clean_images\cattle\holstein-friesian\holstein-friesian_0202.jpg,cattle,holstein-friesian,cattle_holstein-friesian
D:\B.Tech\CE-AI\Sem 7\MP\Datasets\archive (1)\clean_images\cattle\ongole\ongole_0195.png,cattle,ongole,cattle_ongole
D:\B.Tech\CE-AI\Sem 7\MP\Datasets\archive (1)\clean_images\cattle\vechur\vechur_0144.png,cattle,vechur,cattle_vechur
D:\B.Tech\CE-AI\Sem 7\MP\Datasets\archive (1)\clean_images\cattle\dangi\dangi_0010.jpg,cattle,dangi,cattle_dangi
D:\B.Tech\CE-AI\Sem 7\MP\Datasets\archive (1)\clean_images\buffalo\bhadawari\bhadawari_0097.jpg,buffalo,bhadawari,buffalo_bhadawari
D:\B.Tech\CE-AI\Sem 7\MP\Datasets\archive (1)\clean_images\cattle\kenkatha\kenkatha_0059.jpg,cattle,kenkatha,cattle_kenkatha
D:\B.Tech\CE-AI\Sem 7\MP\Datasets\archive (1)\clean_images\cattle\khillar\khillar_0082.jpg,cattle,khillar,cattle_khillar
D:\B.Tech\CE-AI\Sem 7\MP\Datasets\archive (1)\clean_images\cattle\gir\gir_0225.jpg,cattle,gir,cattle_gir
D:\B.Tech\CE-AI\Sem 7\MP\Datasets\archive (1)\clean_images\cattle\khillar\khillar_0057.jpg,cattle,khillar,cattle_khillar
D:\B.Tech\CE-AI\Sem 7\MP\Datasets\archive (1)\clean_images\buffalo\nagpuri\nagpuri_0120.jpg,buffalo,nagpuri,buffalo_nagpuri
D:\B.Tech\CE-AI\Sem 7\MP\Datasets\archive (1)\clean_images\cattle\hallikar\hallikar_0215.jpg,cattle,hallikar,cattle_hallikar
D:\B.Tech\CE-AI\Sem 7\MP\Datasets\archive (1)\clean_images\cattle\holstein-friesian\holstein-friesian_0054.jpg,cattle,holstein-friesian,cattle_holstein-friesian
D:\B.Tech\CE-AI\Sem 7\MP\Datasets\archive (1)\clean_images\cattle\deoni\deoni_0194.png,cattle,deoni,cattle_deoni
D:\B.Tech\CE-AI\Sem 7\MP\Datasets\archive (1)\clean_images\cattle\ongole\ongole_0135.png,cattle,ongole,cattle_ongole
D:\B.Tech\CE-AI\Sem 7\MP\Datasets\archive (1)\clean_images\buffalo\toda\toda_0074.jpg,buffalo,toda,buffalo_toda
D:\B.Tech\CE-AI\Sem 7\MP\Datasets\archive (1)\clean_images\cattle\holstein-friesian\holstein-friesian_0506.jpg,cattle,holstein-friesian,cattle_holstein-friesian
D:\B.Tech\CE-AI\Sem 7\MP\Datasets\archive (1)\clean_images\cattle\kangayam\kangayam_0033.jpg,cattle,kangayam,cattle_kangayam
D:\B.Tech\CE-AI\Sem 7\MP\Datasets\archive (1)\clean_images\cattle\ongole\ongole_0041.png,cattle,ongole,cattle_ongole
D:\B.Tech\CE-AI\Sem 7\MP\Datasets\archive (1)\clean_images\buffalo\toda\toda_0119.jpg,buffalo,toda,buffalo_toda
D:\B.Tech\CE-AI\Sem 7\MP\Datasets\archive (1)\clean_images\cattle\gir\gir_0704.jpg,cattle,gir,cattle_gir
D:\B.Tech\CE-AI\Sem 7\MP\Datasets\archive (1)\clean_images\cattle\brown_swiss\brown_swiss_0334.jpg,cattle,brown_swiss,cattle_brown_swiss
D:\B.Tech\CE-AI\Sem 7\MP\Datasets\archive (1)\clean_images\cattle\sahiwal\sahiwal_0073.jpg,cattle,sahiwal,cattle_sahiwal
D:\B.Tech\CE-AI\Sem 7\MP\Datasets\archive (1)\clean_images\cattle\hallikar\hallikar_0155.jpg,cattle,hallikar,cattle_hallikar
D:\B.Tech\CE-AI\Sem 7\MP\Datasets\archive (1)\clean_images\cattle\gir\gir_0593.jpg,cattle,gir,cattle_gir
D:\B.Tech\CE-AI\Sem 7\MP\Datasets\archive (1)\clean_images\cattle\ayrshire\ayrshire_0280.jpg,cattle,ayrshire,cattle_ayrshire
D:\B.Tech\CE-AI\Sem 7\MP\Datasets\archive (1)\clean_images\cattle\gir\gir_0544.jpg,cattle,gir,cattle_gir
D:\B.Tech\CE-AI\Sem 7\MP\Datasets\archive (1)\clean_images\cattle\ayrshire\ayrshire_0579.jpg,cattle,ayrshire,cattle_ayrshire
D:\B.Tech\CE-AI\Sem 7\MP\Datasets\archive (1)\clean_images\cattle\gir\gir_0745.jpg,cattle,gir,cattle_gir
D:\B.Tech\CE-AI\Sem 7\MP\Datasets\archive (1)\clean_images\cattle\brown_swiss\brown_swiss_0041.jpg,cattle,brown_swiss,cattle_brown_swiss
D:\B.Tech\CE-AI\Sem 7\MP\Datasets\archive (1)\clean_images\cattle\red_sindhi\red_sindhi_0164.jpg,cattle,red_sindhi,cattle_red_sindhi
D:\B.Tech\CE-AI\Sem 7\MP\Datasets\archive (1)\clean_images\cattle\kangayam\kangayam_0082.jpg,cattle,kangayam,cattle_kangayam
D:\B.Tech\CE-AI\Sem 7\MP\Datasets\archive (1)\clean_images\cattle\hallikar\hallikar_0152.jpg,cattle,hallikar,cattle_hallikar
D:\B.Tech\CE-AI\Sem 7\MP\Datasets\archive (1)\clean_images\cattle\ayrshire\ayrshire_0221.jpg,cattle,ayrshire,cattle_ayrshire
D:\B.Tech\CE-AI\Sem 7\MP\Datasets\archive (1)\clean_images\cattle\sahiwal\sahiwal_0335.jpg,cattle,sahiwal,cattle_sahiwal
D:\B.Tech\CE-AI\Sem 7\MP\Datasets\archive (1)\clean_images\buffalo\bargur\bargur_0016.jpg,buffalo,bargur,buffalo_bargur
D:\B.Tech\CE-AI\Sem 7\MP\Datasets\archive (1)\clean_images\cattle\brown_swiss\brown_swiss_0008.jpg,cattle,brown_swiss,cattle_brown_swiss
D:\B.Tech\CE-AI\Sem 7\MP\Datasets\archive (1)\clean_images\cattle\jersey\jersey_0086.jpg,cattle,jersey,cattle_jersey
D:\B.Tech\CE-AI\Sem 7\MP\Datasets\archive (1)\clean_images\buffalo\nagpuri\nagpuri_0112.png,buffalo,nagpuri,buffalo_nagpuri
D:\B.Tech\CE-AI\Sem 7\MP\Datasets\archive (1)\clean_images\cattle\tharparkar\tharparkar_0212.jpg,cattle,tharparkar,cattle_tharparkar
D:\B.Tech\CE-AI\Sem 7\MP\Datasets\archive (1)\clean_images\cattle\jersey\jersey_0066.jpg,cattle,jersey,cattle_jersey
D:\B.Tech\CE-AI\Sem 7\MP\Datasets\archive (1)\clean_images\cattle\holstein-friesian\holstein-friesian_0037.jpg,cattle,holstein-friesian,cattle_holstein-friesian
D:\B.Tech\CE-AI\Sem 7\MP\Datasets\archive (1)\clean_images\cattle\brown_swiss\brown_swiss_0131.jpg,cattle,brown_swiss,cattle_brown_swiss
D:\B.Tech\CE-AI\Sem 7\MP\Datasets\archive (1)\clean_images\cattle\ayrshire\ayrshire_0384.jpg,cattle,ayrshire,cattle_ayrshire
D:\B.Tech\CE-AI\Sem 7\MP\Datasets\archive (1)\clean_images\cattle\holstein-friesian\holstein-friesian_0405.jpg,cattle,holstein-friesian,cattle_holstein-friesian
D:\B.Tech\CE-AI\Sem 7\MP\Datasets\archive (1)\clean_images\cattle\holstein-friesian\holstein-friesian_0087.jpg,cattle,holstein-friesian,cattle_holstein-friesian
D:\B.Tech\CE-AI\Sem 7\MP\Datasets\archive (1)\clean_images\cattle\tharparkar\tharparkar_0125.jpg,cattle,tharparkar,cattle_tharparkar
D:\B.Tech\CE-AI\Sem 7\MP\Datasets\archive (1)\clean_images\cattle\brown_swiss\brown_swiss_0344.jpg,cattle,brown_swiss,cattle_brown_swiss
D:\B.Tech\CE-AI\Sem 7\MP\Datasets\archive (1)\clean_images\buffalo\toda\toda_0060.jpg,buffalo,toda,buffalo_toda
D:\B.Tech\CE-AI\Sem 7\MP\Datasets\archive (1)\clean_images\cattle\vechur\vechur_0031.jpg,cattle,vechur,cattle_vechur
D:\B.Tech\CE-AI\Sem 7\MP\Datasets\archive (1)\clean_images\cattle\sahiwal\sahiwal_0250.jpg,cattle,sahiwal,cattle_sahiwal
D:\B.Tech\CE-AI\Sem 7\MP\Datasets\archive (1)\clean_images\cattle\tharparkar\tharparkar_0028.jpg,cattle,tharparkar,cattle_tharparkar
D:\B.Tech\CE-AI\Sem 7\MP\Datasets\archive (1)\clean_images\cattle\jersey\jersey_0127.jpg,cattle,jersey,cattle_jersey
D:\B.Tech\CE-AI\Sem 7\MP\Datasets\archive (1)\clean_images\cattle\tharparkar\tharparkar_0017.jpg,cattle,tharparkar,cattle_tharparkar
D:\B.Tech\CE-AI\Sem 7\MP\Datasets\archive (1)\clean_images\cattle\brown_swiss\brown_swiss_0153.jpg,cattle,brown_swiss,cattle_brown_swiss
D:\B.Tech\CE-AI\Sem 7\MP\Datasets\archive (1)\clean_images\cattle\guernsey\guernsey_0172.jpg,cattle,guernsey,cattle_guernsey
D:\B.Tech\CE-AI\Sem 7\MP\Datasets\archive (1)\clean_images\cattle\ayrshire\ayrshire_0018.jpg,cattle,ayrshire,cattle_ayrshire
D:\B.Tech\CE-AI\Sem 7\MP\Datasets\archive (1)\clean_images\buffalo\murrah\murrah_0134.jpg,buffalo,murrah,buffalo_murrah
D:\B.Tech\CE-AI\Sem 7\MP\Datasets\archive (1)\clean_images\cattle\guernsey\guernsey_0094.jpg,cattle,guernsey,cattle_guernsey
D:\B.Tech\CE-AI\Sem 7\MP\Datasets\archive (1)\clean_images\cattle\gir\gir_0168.jpg,cattle,gir,cattle_gir
D:\B.Tech\CE-AI\Sem 7\MP\Datasets\archive (1)\clean_images\cattle\malnad_gidda\malnad_gidda_0016.jpg,cattle,malnad_gidda,cattle_malnad_gidda
D:\B.Tech\CE-AI\Sem 7\MP\Datasets\archive (1)\clean_images\cattle\tharparkar\tharparkar_0225.jpg,cattle,tharparkar,cattle_tharparkar
D:\B.Tech\CE-AI\Sem 7\MP\Datasets\archive (1)\clean_images\cattle\gir\gir_0723.png,cattle,gir,cattle_gir
D:\B.Tech\CE-AI\Sem 7\MP\Datasets\archive (1)\clean_images\cattle\khillar\khillar_0007.jpg,cattle,khillar,cattle_khillar
D:\B.Tech\CE-AI\Sem 7\MP\Datasets\archive (1)\clean_images\buffalo\nagpuri\nagpuri_0146.jpg,buffalo,nagpuri,buffalo_nagpuri
D:\B.Tech\CE-AI\Sem 7\MP\Datasets\archive (1)\clean_images\cattle\holstein-friesian\holstein-friesian_0175.jpg,cattle,holstein-friesian,cattle_holstein-friesian
D:\B.Tech\CE-AI\Sem 7\MP\Datasets\archive (1)\clean_images\cattle\gir\gir_0641.png,cattle,gir,cattle_gir
D:\B.Tech\CE-AI\Sem 7\MP\Datasets\archive (1)\clean_images\cattle\brown_swiss\brown_swiss_0245.jpg,cattle,brown_swiss,cattle_brown_swiss
D:\B.Tech\CE-AI\Sem 7\MP\Datasets\archive (1)\clean_images\cattle\brown_swiss\brown_swiss_0398.jpg,cattle,brown_swiss,cattle_brown_swiss
D:\B.Tech\CE-AI\Sem 7\MP\Datasets\archive (1)\clean_images\cattle\brown_swiss\brown_swiss_0002.jpg,cattle,brown_swiss,cattle_brown_swiss
D:\B.Tech\CE-AI\Sem 7\MP\Datasets\archive (1)\clean_images\cattle\holstein-friesian\holstein-friesian_0123.jpg,cattle,holstein-friesian,cattle_holstein-friesian
D:\B.Tech\CE-AI\Sem 7\MP\Datasets\archive (1)\clean_images\cattle\jersey\jersey_0060.jpg,cattle,jersey,cattle_jersey
D:\B.Tech\CE-AI\Sem 7\MP\Datasets\archive (1)\clean_images\buffalo\bargur\bargur_0023.jpg,buffalo,bargur,buffalo_bargur
D:\B.Tech\CE-AI\Sem 7\MP\Datasets\archive (1)\clean_images\cattle\ayrshire\ayrshire_0672.jpg,cattle,ayrshire,cattle_ayrshire
D:\B.Tech\CE-AI\Sem 7\MP\Datasets\archive (1)\clean_images\cattle\hallikar\hallikar_0099.jpg,cattle,hallikar,cattle_hallikar
D:\B.Tech\CE-AI\Sem 7\MP\Datasets\archive (1)\clean_images\cattle\kenkatha\kenkatha_0013.jpg,cattle,kenkatha,cattle_kenkatha
D:\B.Tech\CE-AI\Sem 7\MP\Datasets\archive (1)\clean_images\buffalo\bhadawari\bhadawari_0168.jpg,buffalo,bhadawari,buffalo_bhadawari
D:\B.Tech\CE-AI\Sem 7\MP\Datasets\archive (1)\clean_images\cattle\brown_swiss\brown_swiss_0419.jpg,cattle,brown_swiss,cattle_brown_swiss
D:\B.Tech\CE-AI\Sem 7\MP\Datasets\archive (1)\clean_images\buffalo\nagpuri\nagpuri_0122.jpg,buffalo,nagpuri,buffalo_nagpuri
D:\B.Tech\CE-AI\Sem 7\MP\Datasets\archive (1)\clean_images\cattle\brown_swiss\brown_swiss_0031.jpg,cattle,brown_swiss,cattle_brown_swiss
D:\B.Tech\CE-AI\Sem 7\MP\Datasets\archive (1)\clean_images\buffalo\alambadi\alambadi_0046.jpg,buffalo,alambadi,buffalo_alambadi
D:\B.Tech\CE-AI\Sem 7\MP\Datasets\archive (1)\clean_images\cattle\ayrshire\ayrshire_0110.jpg,cattle,ayrshire,cattle_ayrshire
D:\B.Tech\CE-AI\Sem 7\MP\Datasets\archive (1)\clean_images\cattle\kankrej\kankrej_0149.png,cattle,kankrej,cattle_kankrej
D:\B.Tech\CE-AI\Sem 7\MP\Datasets\archive (1)\clean_images\cattle\sahiwal\sahiwal_0352.jpg,cattle,sahiwal,cattle_sahiwal
D:\B.Tech\CE-AI\Sem 7\MP\Datasets\archive (1)\clean_images\cattle\vechur\vechur_0024.jpg,cattle,vechur,cattle_vechur
D:\B.Tech\CE-AI\Sem 7\MP\Datasets\archive (1)\clean_images\cattle\holstein-friesian\holstein-friesian_0197.jpg,cattle,holstein-friesian,cattle_holstein-friesian
D:\B.Tech\CE-AI\Sem 7\MP\Datasets\archive (1)\clean_images\cattle\red_sindhi\red_sindhi_0120.jpg,cattle,red_sindhi,cattle_red_sindhi
D:\B.Tech\CE-AI\Sem 7\MP\Datasets\archive (1)\clean_images\cattle\ayrshire\ayrshire_0248.jpg,cattle,ayrshire,cattle_ayrshire
D:\B.Tech\CE-AI\Sem 7\MP\Datasets\archive (1)\clean_images\cattle\brown_swiss\brown_swiss_0152.jpg,cattle,brown_swiss,cattle_brown_swiss
D:\B.Tech\CE-AI\Sem 7\MP\Datasets\archive (1)\clean_images\cattle\tharparkar\tharparkar_0197.jpg,cattle,tharparkar,cattle_tharparkar
D:\B.Tech\CE-AI\Sem 7\MP\Datasets\archive (1)\clean_images\cattle\ayrshire\ayrshire_0534.jpg,cattle,ayrshire,cattle_ayrshire
D:\B.Tech\CE-AI\Sem 7\MP\Datasets\archive (1)\clean_images\cattle\khillar\khillar_0025.jpg,cattle,khillar,cattle_khillar
D:\B.Tech\CE-AI\Sem 7\MP\Datasets\archive (1)\clean_images\cattle\gir\gir_0310.jpg,cattle,gir,cattle_gir
D:\B.Tech\CE-AI\Sem 7\MP\Datasets\archive (1)\clean_images\cattle\hallikar\hallikar_0274.png,cattle,hallikar,cattle_hallikar
D:\B.Tech\CE-AI\Sem 7\MP\Datasets\archive (1)\clean_images\buffalo\murrah\murrah_0108.jpg,buffalo,murrah,buffalo_murrah
D:\B.Tech\CE-AI\Sem 7\MP\Datasets\archive (1)\clean_images\cattle\nimari\nimari_0016.jpg,cattle,nimari,cattle_nimari
D:\B.Tech\CE-AI\Sem 7\MP\Datasets\archive (1)\clean_images\buffalo\bhadawari\bhadawari_0031.jpg,buffalo,bhadawari,buffalo_bhadawari
D:\B.Tech\CE-AI\Sem 7\MP\Datasets\archive (1)\clean_images\cattle\vechur\vechur_0009.jpg,cattle,vechur,cattle_vechur
D:\B.Tech\CE-AI\Sem 7\MP\Datasets\archive (1)\clean_images\cattle\ayrshire\ayrshire_0510.jpg,cattle,ayrshire,cattle_ayrshire
D:\B.Tech\CE-AI\Sem 7\MP\Datasets\archive (1)\clean_images\buffalo\nagpuri\nagpuri_0004.jpg,buffalo,nagpuri,buffalo_nagpuri
D:\B.Tech\CE-AI\Sem 7\MP\Datasets\archive (1)\clean_images\cattle\gir\gir_0070.jpg,cattle,gir,cattle_gir
D:\B.Tech\CE-AI\Sem 7\MP\Datasets\archive (1)\clean_images\buffalo\nagpuri\nagpuri_0186.jpg,buffalo,nagpuri,buffalo_nagpuri
D:\B.Tech\CE-AI\Sem 7\MP\Datasets\archive (1)\clean_images\cattle\brown_swiss\brown_swiss_0297.jpg,cattle,brown_swiss,cattle_brown_swiss
D:\B.Tech\CE-AI\Sem 7\MP\Datasets\archive (1)\clean_images\cattle\brown_swiss\brown_swiss_0366.jpg,cattle,brown_swiss,cattle_brown_swiss
D:\B.Tech\CE-AI\Sem 7\MP\Datasets\archive (1)\clean_images\cattle\gir\gir_0519.jpg,cattle,gir,cattle_gir
D:\B.Tech\CE-AI\Sem 7\MP\Datasets\archive (1)\clean_images\cattle\kankrej\kankrej_0152.jpg,cattle,kankrej,cattle_kankrej
D:\B.Tech\CE-AI\Sem 7\MP\Datasets\archive (1)\clean_images\cattle\ayrshire\ayrshire_0044.jpg,cattle,ayrshire,cattle_ayrshire
D:\B.Tech\CE-AI\Sem 7\MP\Datasets\archive (1)\clean_images\cattle\holstein-friesian\holstein-friesian_0452.jpg,cattle,holstein-friesian,cattle_holstein-friesian
D:\B.Tech\CE-AI\Sem 7\MP\Datasets\archive (1)\clean_images\cattle\brown_swiss\brown_swiss_0028.jpg,cattle,brown_swiss,cattle_brown_swiss
D:\B.Tech\CE-AI\Sem 7\MP\Datasets\archive (1)\clean_images\buffalo\alambadi\alambadi_0126.png,buffalo,alambadi,buffalo_alambadi
D:\B.Tech\CE-AI\Sem 7\MP\Datasets\archive (1)\clean_images\cattle\jersey\jersey_0199.jpg,cattle,jersey,cattle_jersey
D:\B.Tech\CE-AI\Sem 7\MP\Datasets\archive (1)\clean_images\cattle\guernsey\guernsey_0037.jpg,cattle,guernsey,cattle_guernsey
D:\B.Tech\CE-AI\Sem 7\MP\Datasets\archive (1)\clean_images\cattle\brown_swiss\brown_swiss_0076.jpg,cattle,brown_swiss,cattle_brown_swiss
D:\B.Tech\CE-AI\Sem 7\MP\Datasets\archive (1)\clean_images\cattle\sahiwal\sahiwal_0408.jpg,cattle,sahiwal,cattle_sahiwal
D:\B.Tech\CE-AI\Sem 7\MP\Datasets\archive (1)\clean_images\buffalo\toda\toda_0110.jpg,buffalo,toda,buffalo_toda
D:\B.Tech\CE-AI\Sem 7\MP\Datasets\archive (1)\clean_images\cattle\ayrshire\ayrshire_0593.jpg,cattle,ayrshire,cattle_ayrshire
D:\B.Tech\CE-AI\Sem 7\MP\Datasets\archive (1)\clean_images\cattle\rathi\rathi_0094.jpg,cattle,rathi,cattle_rathi
D:\B.Tech\CE-AI\Sem 7\MP\Datasets\archive (1)\clean_images\cattle\gir\gir_0411.png,cattle,gir,cattle_gir
D:\B.Tech\CE-AI\Sem 7\MP\Datasets\archive (1)\clean_images\cattle\guernsey\guernsey_0074.jpg,cattle,guernsey,cattle_guernsey
D:\B.Tech\CE-AI\Sem 7\MP\Datasets\archive (1)\clean_images\cattle\deoni\deoni_0099.jpg,cattle,deoni,cattle_deoni
D:\B.Tech\CE-AI\Sem 7\MP\Datasets\archive (1)\clean_images\cattle\brown_swiss\brown_swiss_0214.jpg,cattle,brown_swiss,cattle_brown_swiss
D:\B.Tech\CE-AI\Sem 7\MP\Datasets\archive (1)\clean_images\cattle\rathi\rathi_0066.jpg,cattle,rathi,cattle_rathi
D:\B.Tech\CE-AI\Sem 7\MP\Datasets\archive (1)\clean_images\cattle\gir\gir_0133.jpg,cattle,gir,cattle_gir
D:\B.Tech\CE-AI\Sem 7\MP\Datasets\archive (1)\clean_images\cattle\brown_swiss\brown_swiss_0441.jpg,cattle,brown_swiss,cattle_brown_swiss
D:\B.Tech\CE-AI\Sem 7\MP\Datasets\archive (1)\clean_images\buffalo\murrah\murrah_0027.jpg,buffalo,murrah,buffalo_murrah
D:\B.Tech\CE-AI\Sem 7\MP\Datasets\archive (1)\clean_images\cattle\guernsey\guernsey_0139.jpg,cattle,guernsey,cattle_guernsey
D:\B.Tech\CE-AI\Sem 7\MP\Datasets\archive (1)\clean_images\cattle\kenkatha\kenkatha_0037.jpg,cattle,kenkatha,cattle_kenkatha
D:\B.Tech\CE-AI\Sem 7\MP\Datasets\archive (1)\clean_images\cattle\ayrshire\ayrshire_0290.jpg,cattle,ayrshire,cattle_ayrshire
D:\B.Tech\CE-AI\Sem 7\MP\Datasets\archive (1)\clean_images\cattle\vechur\vechur_0079.jpg,cattle,vechur,cattle_vechur
D:\B.Tech\CE-AI\Sem 7\MP\Datasets\archive (1)\clean_images\cattle\ayrshire\ayrshire_0279.jpg,cattle,ayrshire,cattle_ayrshire
D:\B.Tech\CE-AI\Sem 7\MP\Datasets\archive (1)\clean_images\cattle\hariana\hariana_0026.png,cattle,hariana,cattle_hariana
D:\B.Tech\CE-AI\Sem 7\MP\Datasets\archive (1)\clean_images\buffalo\alambadi\alambadi_0001.jpg,buffalo,alambadi,buffalo_alambadi
D:\B.Tech\CE-AI\Sem 7\MP\Datasets\archive (1)\clean_images\cattle\khillar\khillar_0116.jpg,cattle,khillar,cattle_khillar
D:\B.Tech\CE-AI\Sem 7\MP\Datasets\archive (1)\clean_images\cattle\khillar\khillar_0062.png,cattle,khillar,cattle_khillar
D:\B.Tech\CE-AI\Sem 7\MP\Datasets\archive (1)\clean_images\cattle\ayrshire\ayrshire_0184.jpg,cattle,ayrshire,cattle_ayrshire
D:\B.Tech\CE-AI\Sem 7\MP\Datasets\archive (1)\clean_images\buffalo\murrah\murrah_0011.jpg,buffalo,murrah,buffalo_murrah
D:\B.Tech\CE-AI\Sem 7\MP\Datasets\archive (1)\clean_images\buffalo\nili_ravi\nili_ravi_0045.jpg,buffalo,nili_ravi,buffalo_nili_ravi
D:\B.Tech\CE-AI\Sem 7\MP\Datasets\archive (1)\clean_images\cattle\gir\gir_0705.jpg,cattle,gir,cattle_gir
D:\B.Tech\CE-AI\Sem 7\MP\Datasets\archive (1)\clean_images\cattle\brown_swiss\brown_swiss_0453.jpg,cattle,brown_swiss,cattle_brown_swiss
D:\B.Tech\CE-AI\Sem 7\MP\Datasets\archive (1)\clean_images\cattle\ongole\ongole_0169.png,cattle,ongole,cattle_ongole
D:\B.Tech\CE-AI\Sem 7\MP\Datasets\archive (1)\clean_images\buffalo\alambadi\alambadi_0017.jpg,buffalo,alambadi,buffalo_alambadi
D:\B.Tech\CE-AI\Sem 7\MP\Datasets\archive (1)\clean_images\cattle\amritmahal\amritmahal_0135.jpg,cattle,amritmahal,cattle_amritmahal
D:\B.Tech\CE-AI\Sem 7\MP\Datasets\archive (1)\clean_images\cattle\sahiwal\sahiwal_0303.png,cattle,sahiwal,cattle_sahiwal
D:\B.Tech\CE-AI\Sem 7\MP\Datasets\archive (1)\clean_images\buffalo\nagpuri\nagpuri_0044.png,buffalo,nagpuri,buffalo_nagpuri
D:\B.Tech\CE-AI\Sem 7\MP\Datasets\archive (1)\clean_images\cattle\krishna_valley\krishna_valley_0003.jpg,cattle,krishna_valley,cattle_krishna_valley
D:\B.Tech\CE-AI\Sem 7\MP\Datasets\archive (1)\clean_images\cattle\brown_swiss\brown_swiss_0304.jpg,cattle,brown_swiss,cattle_brown_swiss
D:\B.Tech\CE-AI\Sem 7\MP\Datasets\archive (1)\clean_images\cattle\holstein-friesian\holstein-friesian_0422.jpg,cattle,holstein-friesian,cattle_holstein-friesian
D:\B.Tech\CE-AI\Sem 7\MP\Datasets\archive (1)\clean_images\buffalo\nili_ravi\nili_ravi_0047.jpg,buffalo,nili_ravi,buffalo_nili_ravi
D:\B.Tech\CE-AI\Sem 7\MP\Datasets\archive (1)\clean_images\cattle\hallikar\hallikar_0216.png,cattle,hallikar,cattle_hallikar
D:\B.Tech\CE-AI\Sem 7\MP\Datasets\archive (1)\clean_images\buffalo\bargur\bargur_0076.jpg,buffalo,bargur,buffalo_bargur
D:\B.Tech\CE-AI\Sem 7\MP\Datasets\archive (1)\clean_images\cattle\tharparkar\tharparkar_0082.jpg,cattle,tharparkar,cattle_tharparkar
D:\B.Tech\CE-AI\Sem 7\MP\Datasets\archive (1)\clean_images\cattle\ayrshire\ayrshire_0561.jpg,cattle,ayrshire,cattle_ayrshire
D:\B.Tech\CE-AI\Sem 7\MP\Datasets\archive (1)\clean_images\cattle\red_dane\red_dane_0100.jpg,cattle,red_dane,cattle_red_dane
D:\B.Tech\CE-AI\Sem 7\MP\Datasets\archive (1)\clean_images\cattle\sahiwal\sahiwal_0406.jpg,cattle,sahiwal,cattle_sahiwal
D:\B.Tech\CE-AI\Sem 7\MP\Datasets\archive (1)\clean_images\cattle\hariana\hariana_0038.jpg,cattle,hariana,cattle_hariana
D:\B.Tech\CE-AI\Sem 7\MP\Datasets\archive (1)\clean_images\cattle\ayrshire\ayrshire_0109.jpg,cattle,ayrshire,cattle_ayrshire
D:\B.Tech\CE-AI\Sem 7\MP\Datasets\archive (1)\clean_images\buffalo\jaffarabadi\jaffarabadi_0097.jpg,buffalo,jaffarabadi,buffalo_jaffarabadi
D:\B.Tech\CE-AI\Sem 7\MP\Datasets\archive (1)\clean_images\cattle\ayrshire\ayrshire_0443.jpg,cattle,ayrshire,cattle_ayrshire
D:\B.Tech\CE-AI\Sem 7\MP\Datasets\archive (1)\clean_images\buffalo\toda\toda_0053.jpg,buffalo,toda,buffalo_toda
D:\B.Tech\CE-AI\Sem 7\MP\Datasets\archive (1)\clean_images\buffalo\mehsana\mehsana_0059.png,buffalo,mehsana,buffalo_mehsana
D:\B.Tech\CE-AI\Sem 7\MP\Datasets\archive (1)\clean_images\cattle\jersey\jersey_0067.jpg,cattle,jersey,cattle_jersey
D:\B.Tech\CE-AI\Sem 7\MP\Datasets\archive (1)\clean_images\cattle\gir\gir_0584.png,cattle,gir,cattle_gir
D:\B.Tech\CE-AI\Sem 7\MP\Datasets\archive (1)\clean_images\cattle\sahiwal\sahiwal_0249.jpg,cattle,sahiwal,cattle_sahiwal
D:\B.Tech\CE-AI\Sem 7\MP\Datasets\archive (1)\clean_images\cattle\gir\gir_0696.jpg,cattle,gir,cattle_gir
D:\B.Tech\CE-AI\Sem 7\MP\Datasets\archive (1)\clean_images\cattle\tharparkar\tharparkar_0132.jpg,cattle,tharparkar,cattle_tharparkar
D:\B.Tech\CE-AI\Sem 7\MP\Datasets\archive (1)\clean_images\cattle\hariana\hariana_0098.jpeg,cattle,hariana,cattle_hariana
D:\B.Tech\CE-AI\Sem 7\MP\Datasets\archive (1)\clean_images\buffalo\alambadi\alambadi_0012.jpg,buffalo,alambadi,buffalo_alambadi
D:\B.Tech\CE-AI\Sem 7\MP\Datasets\archive (1)\clean_images\cattle\ongole\ongole_0141.png,cattle,ongole,cattle_ongole
D:\B.Tech\CE-AI\Sem 7\MP\Datasets\archive (1)\clean_images\cattle\kangayam\kangayam_0049.jpg,cattle,kangayam,cattle_kangayam
D:\B.Tech\CE-AI\Sem 7\MP\Datasets\archive (1)\clean_images\cattle\hallikar\hallikar_0300.jpg,cattle,hallikar,cattle_hallikar
D:\B.Tech\CE-AI\Sem 7\MP\Datasets\archive (1)\clean_images\cattle\gir\gir_0523.jpg,cattle,gir,cattle_gir
D:\B.Tech\CE-AI\Sem 7\MP\Datasets\archive (1)\clean_images\cattle\rathi\rathi_0124.jpg,cattle,rathi,cattle_rathi
D:\B.Tech\CE-AI\Sem 7\MP\Datasets\archive (1)\clean_images\cattle\tharparkar\tharparkar_0042.jpg,cattle,tharparkar,cattle_tharparkar
D:\B.Tech\CE-AI\Sem 7\MP\Datasets\archive (1)\clean_images\buffalo\jaffarabadi\jaffarabadi_0065.jpg,buffalo,jaffarabadi,buffalo_jaffarabadi
D:\B.Tech\CE-AI\Sem 7\MP\Datasets\archive (1)\clean_images\buffalo\bargur\bargur_0028.jpg,buffalo,bargur,buffalo_bargur
D:\B.Tech\CE-AI\Sem 7\MP\Datasets\archive (1)\clean_images\cattle\hallikar\hallikar_0255.jpg,cattle,hallikar,cattle_hallikar
D:\B.Tech\CE-AI\Sem 7\MP\Datasets\archive (1)\clean_images\cattle\kenkatha\kenkatha_0004.jpg,cattle,kenkatha,cattle_kenkatha
D:\B.Tech\CE-AI\Sem 7\MP\Datasets\archive (1)\clean_images\cattle\sahiwal\sahiwal_0417.jpg,cattle,sahiwal,cattle_sahiwal
D:\B.Tech\CE-AI\Sem 7\MP\Datasets\archive (1)\clean_images\cattle\brown_swiss\brown_swiss_0190.jpg,cattle,brown_swiss,cattle_brown_swiss
D:\B.Tech\CE-AI\Sem 7\MP\Datasets\archive (1)\clean_images\buffalo\alambadi\alambadi_0027.jpg,buffalo,alambadi,buffalo_alambadi
D:\B.Tech\CE-AI\Sem 7\MP\Datasets\archive (1)\clean_images\cattle\rathi\rathi_0074.png,cattle,rathi,cattle_rathi
D:\B.Tech\CE-AI\Sem 7\MP\Datasets\archive (1)\clean_images\cattle\hariana\hariana_0112.jpg,cattle,hariana,cattle_hariana
D:\B.Tech\CE-AI\Sem 7\MP\Datasets\archive (1)\clean_images\buffalo\murrah\murrah_0019.jpg,buffalo,murrah,buffalo_murrah
D:\B.Tech\CE-AI\Sem 7\MP\Datasets\archive (1)\clean_images\buffalo\mehsana\mehsana_0040.jpg,buffalo,mehsana,buffalo_mehsana
D:\B.Tech\CE-AI\Sem 7\MP\Datasets\archive (1)\clean_images\cattle\hallikar\hallikar_0108.jpg,cattle,hallikar,cattle_hallikar
D:\B.Tech\CE-AI\Sem 7\MP\Datasets\archive (1)\clean_images\buffalo\murrah\murrah_0173.jpg,buffalo,murrah,buffalo_murrah
D:\B.Tech\CE-AI\Sem 7\MP\Datasets\archive (1)\clean_images\cattle\deoni\deoni_0222.png,cattle,deoni,cattle_deoni
D:\B.Tech\CE-AI\Sem 7\MP\Datasets\archive (1)\clean_images\cattle\gir\gir_0595.jpg,cattle,gir,cattle_gir
D:\B.Tech\CE-AI\Sem 7\MP\Datasets\archive (1)\clean_images\cattle\brown_swiss\brown_swiss_0416.jpg,cattle,brown_swiss,cattle_brown_swiss
D:\B.Tech\CE-AI\Sem 7\MP\Datasets\archive (1)\clean_images\cattle\holstein-friesian\holstein-friesian_0287.jpg,cattle,holstein-friesian,cattle_holstein-friesian
D:\B.Tech\CE-AI\Sem 7\MP\Datasets\archive (1)\clean_images\cattle\ayrshire\ayrshire_0441.jpg,cattle,ayrshire,cattle_ayrshire
D:\B.Tech\CE-AI\Sem 7\MP\Datasets\archive (1)\clean_images\cattle\gir\gir_0616.jpg,cattle,gir,cattle_gir
D:\B.Tech\CE-AI\Sem 7\MP\Datasets\archive (1)\clean_images\cattle\jersey\jersey_0074.jpg,cattle,jersey,cattle_jersey
D:\B.Tech\CE-AI\Sem 7\MP\Datasets\archive (1)\clean_images\cattle\kankrej\kankrej_0188.png,cattle,kankrej,cattle_kankrej
D:\B.Tech\CE-AI\Sem 7\MP\Datasets\archive (1)\clean_images\cattle\hallikar\hallikar_0062.jpg,cattle,hallikar,cattle_hallikar
D:\B.Tech\CE-AI\Sem 7\MP\Datasets\archive (1)\clean_images\cattle\rathi\rathi_0144.png,cattle,rathi,cattle_rathi
D:\B.Tech\CE-AI\Sem 7\MP\Datasets\archive (1)\clean_images\cattle\ayrshire\ayrshire_0703.jpg,cattle,ayrshire,cattle_ayrshire
D:\B.Tech\CE-AI\Sem 7\MP\Datasets\archive (1)\clean_images\buffalo\nagpuri\nagpuri_0165.jpeg,buffalo,nagpuri,buffalo_nagpuri
D:\B.Tech\CE-AI\Sem 7\MP\Datasets\archive (1)\clean_images\cattle\ayrshire\ayrshire_0118.jpg,cattle,ayrshire,cattle_ayrshire
D:\B.Tech\CE-AI\Sem 7\MP\Datasets\archive (1)\clean_images\cattle\krishna_valley\krishna_valley_0124.jpg,cattle,krishna_valley,cattle_krishna_valley
D:\B.Tech\CE-AI\Sem 7\MP\Datasets\archive (1)\clean_images\cattle\ayrshire\ayrshire_0168.jpg,cattle,ayrshire,cattle_ayrshire
D:\B.Tech\CE-AI\Sem 7\MP\Datasets\archive (1)\clean_images\cattle\hallikar\hallikar_0117.jpg,cattle,hallikar,cattle_hallikar
D:\B.Tech\CE-AI\Sem 7\MP\Datasets\archive (1)\clean_images\buffalo\jaffarabadi\jaffarabadi_0099.jpg,buffalo,jaffarabadi,buffalo_jaffarabadi
D:\B.Tech\CE-AI\Sem 7\MP\Datasets\archive (1)\clean_images\cattle\gir\gir_0053.jpg,cattle,gir,cattle_gir
D:\B.Tech\CE-AI\Sem 7\MP\Datasets\archive (1)\clean_images\cattle\brown_swiss\brown_swiss_0065.jpg,cattle,brown_swiss,cattle_brown_swiss
D:\B.Tech\CE-AI\Sem 7\MP\Datasets\archive (1)\clean_images\cattle\nimari\nimari_0073.png,cattle,nimari,cattle_nimari
D:\B.Tech\CE-AI\Sem 7\MP\Datasets\archive (1)\clean_images\cattle\brown_swiss\brown_swiss_0021.jpg,cattle,brown_swiss,cattle_brown_swiss
D:\B.Tech\CE-AI\Sem 7\MP\Datasets\archive (1)\clean_images\cattle\gir\gir_0185.jpg,cattle,gir,cattle_gir
D:\B.Tech\CE-AI\Sem 7\MP\Datasets\archive (1)\clean_images\buffalo\nili_ravi\nili_ravi_0095.jpg,buffalo,nili_ravi,buffalo_nili_ravi
D:\B.Tech\CE-AI\Sem 7\MP\Datasets\archive (1)\clean_images\cattle\nagori\nagori_0059.png,cattle,nagori,cattle_nagori
D:\B.Tech\CE-AI\Sem 7\MP\Datasets\archive (1)\clean_images\buffalo\toda\toda_0036.jpg,buffalo,toda,buffalo_toda
D:\B.Tech\CE-AI\Sem 7\MP\Datasets\archive (1)\clean_images\cattle\holstein-friesian\holstein-friesian_0015.jpg,cattle,holstein-friesian,cattle_holstein-friesian
D:\B.Tech\CE-AI\Sem 7\MP\Datasets\archive (1)\clean_images\buffalo\murrah\murrah_0072.jpg,buffalo,murrah,buffalo_murrah
D:\B.Tech\CE-AI\Sem 7\MP\Datasets\archive (1)\clean_images\cattle\kangayam\kangayam_0011.jpg,cattle,kangayam,cattle_kangayam
D:\B.Tech\CE-AI\Sem 7\MP\Datasets\archive (1)\clean_images\cattle\gir\gir_0121.jpg,cattle,gir,cattle_gir
D:\B.Tech\CE-AI\Sem 7\MP\Datasets\archive (1)\clean_images\cattle\holstein-friesian\holstein-friesian_0345.jpg,cattle,holstein-friesian,cattle_holstein-friesian
D:\B.Tech\CE-AI\Sem 7\MP\Datasets\archive (1)\clean_images\buffalo\murrah\murrah_0099.jpg,buffalo,murrah,buffalo_murrah
D:\B.Tech\CE-AI\Sem 7\MP\Datasets\archive (1)\clean_images\cattle\gir\gir_0145.jpg,cattle,gir,cattle_gir
D:\B.Tech\CE-AI\Sem 7\MP\Datasets\archive (1)\clean_images\cattle\brown_swiss\brown_swiss_0005.jpg,cattle,brown_swiss,cattle_brown_swiss
D:\B.Tech\CE-AI\Sem 7\MP\Datasets\archive (1)\clean_images\cattle\hallikar\hallikar_0101.jpg,cattle,hallikar,cattle_hallikar
D:\B.Tech\CE-AI\Sem 7\MP\Datasets\archive (1)\clean_images\buffalo\banni\banni_0104.jpg,buffalo,banni,buffalo_banni
D:\B.Tech\CE-AI\Sem 7\MP\Datasets\archive (1)\clean_images\cattle\rathi\rathi_0084.jpg,cattle,rathi,cattle_rathi
D:\B.Tech\CE-AI\Sem 7\MP\Datasets\archive (1)\clean_images\buffalo\bhadawari\bhadawari_0107.jpg,buffalo,bhadawari,buffalo_bhadawari
D:\B.Tech\CE-AI\Sem 7\MP\Datasets\archive (1)\clean_images\cattle\holstein-friesian\holstein-friesian_0269.jpg,cattle,holstein-friesian,cattle_holstein-friesian
D:\B.Tech\CE-AI\Sem 7\MP\Datasets\archive (1)\clean_images\cattle\amritmahal\amritmahal_0049.jpg,cattle,amritmahal,cattle_amritmahal
D:\B.Tech\CE-AI\Sem 7\MP\Datasets\archive (1)\clean_images\cattle\ayrshire\ayrshire_0272.jpg,cattle,ayrshire,cattle_ayrshire
D:\B.Tech\CE-AI\Sem 7\MP\Datasets\archive (1)\clean_images\buffalo\nili_ravi\nili_ravi_0075.jpg,buffalo,nili_ravi,buffalo_nili_ravi
D:\B.Tech\CE-AI\Sem 7\MP\Datasets\archive (1)\clean_images\cattle\gir\gir_0006.jpg,cattle,gir,cattle_gir
D:\B.Tech\CE-AI\Sem 7\MP\Datasets\archive (1)\clean_images\cattle\hariana\hariana_0006.jpg,cattle,hariana,cattle_hariana
D:\B.Tech\CE-AI\Sem 7\MP\Datasets\archive (1)\clean_images\cattle\gir\gir_0424.png,cattle,gir,cattle_gir
D:\B.Tech\CE-AI\Sem 7\MP\Datasets\archive (1)\clean_images\cattle\deoni\deoni_0217.png,cattle,deoni,cattle_deoni
D:\B.Tech\CE-AI\Sem 7\MP\Datasets\archive (1)\clean_images\buffalo\banni\banni_0046.jpg,buffalo,banni,buffalo_banni
D:\B.Tech\CE-AI\Sem 7\MP\Datasets\archive (1)\clean_images\cattle\red_dane\red_dane_0033.jpg,cattle,red_dane,cattle_red_dane
D:\B.Tech\CE-AI\Sem 7\MP\Datasets\archive (1)\clean_images\cattle\krishna_valley\krishna_valley_0150.jpg,cattle,krishna_valley,cattle_krishna_valley
D:\B.Tech\CE-AI\Sem 7\MP\Datasets\archive (1)\clean_images\cattle\ayrshire\ayrshire_0517.jpg,cattle,ayrshire,cattle_ayrshire
D:\B.Tech\CE-AI\Sem 7\MP\Datasets\archive (1)\clean_images\buffalo\murrah\murrah_0166.jpg,buffalo,murrah,buffalo_murrah
D:\B.Tech\CE-AI\Sem 7\MP\Datasets\archive (1)\clean_images\buffalo\alambadi\alambadi_0069.jpg,buffalo,alambadi,buffalo_alambadi
D:\B.Tech\CE-AI\Sem 7\MP\Datasets\archive (1)\clean_images\cattle\rathi\rathi_0146.png,cattle,rathi,cattle_rathi
D:\B.Tech\CE-AI\Sem 7\MP\Datasets\archive (1)\clean_images\cattle\ayrshire\ayrshire_0625.jpg,cattle,ayrshire,cattle_ayrshire
D:\B.Tech\CE-AI\Sem 7\MP\Datasets\archive (1)\clean_images\cattle\jersey\jersey_0156.jpg,cattle,jersey,cattle_jersey
D:\B.Tech\CE-AI\Sem 7\MP\Datasets\archive (1)\clean_images\buffalo\bhadawari\bhadawari_0025.jpg,buffalo,bhadawari,buffalo_bhadawari
D:\B.Tech\CE-AI\Sem 7\MP\Datasets\archive (1)\clean_images\buffalo\mehsana\mehsana_0102.jpg,buffalo,mehsana,buffalo_mehsana
D:\B.Tech\CE-AI\Sem 7\MP\Datasets\archive (1)\clean_images\cattle\ongole\ongole_0074.jpg,cattle,ongole,cattle_ongole
D:\B.Tech\CE-AI\Sem 7\MP\Datasets\archive (1)\clean_images\cattle\red_dane\red_dane_0101.jpg,cattle,red_dane,cattle_red_dane
D:\B.Tech\CE-AI\Sem 7\MP\Datasets\archive (1)\clean_images\buffalo\alambadi\alambadi_0146.png,buffalo,alambadi,buffalo_alambadi
D:\B.Tech\CE-AI\Sem 7\MP\Datasets\archive (1)\clean_images\cattle\brown_swiss\brown_swiss_0341.jpg,cattle,brown_swiss,cattle_brown_swiss
D:\B.Tech\CE-AI\Sem 7\MP\Datasets\archive (1)\clean_images\cattle\malnad_gidda\malnad_gidda_0092.png,cattle,malnad_gidda,cattle_malnad_gidda
D:\B.Tech\CE-AI\Sem 7\MP\Datasets\archive (1)\clean_images\cattle\gir\gir_0401.jpg,cattle,gir,cattle_gir
D:\B.Tech\CE-AI\Sem 7\MP\Datasets\archive (1)\clean_images\buffalo\alambadi\alambadi_0167.jpg,buffalo,alambadi,buffalo_alambadi
D:\B.Tech\CE-AI\Sem 7\MP\Datasets\archive (1)\clean_images\cattle\sahiwal\sahiwal_0066.png,cattle,sahiwal,cattle_sahiwal
D:\B.Tech\CE-AI\Sem 7\MP\Datasets\archive (1)\clean_images\cattle\sahiwal\sahiwal_0339.jpg,cattle,sahiwal,cattle_sahiwal
D:\B.Tech\CE-AI\Sem 7\MP\Datasets\archive (1)\clean_images\cattle\rathi\rathi_0109.jpg,cattle,rathi,cattle_rathi
D:\B.Tech\CE-AI\Sem 7\MP\Datasets\archive (1)\clean_images\cattle\brown_swiss\brown_swiss_0390.jpg,cattle,brown_swiss,cattle_brown_swiss
D:\B.Tech\CE-AI\Sem 7\MP\Datasets\archive (1)\clean_images\cattle\pulikulam\pulikulam_0004.jpg,cattle,pulikulam,cattle_pulikulam
D:\B.Tech\CE-AI\Sem 7\MP\Datasets\archive (1)\clean_images\cattle\red_sindhi\red_sindhi_0162.png,cattle,red_sindhi,cattle_red_sindhi
D:\B.Tech\CE-AI\Sem 7\MP\Datasets\archive (1)\clean_images\cattle\red_sindhi\red_sindhi_0093.png,cattle,red_sindhi,cattle_red_sindhi
D:\B.Tech\CE-AI\Sem 7\MP\Datasets\archive (1)\clean_images\cattle\holstein-friesian\holstein-friesian_0352.jpg,cattle,holstein-friesian,cattle_holstein-friesian
D:\B.Tech\CE-AI\Sem 7\MP\Datasets\archive (1)\clean_images\cattle\ongole\ongole_0164.png,cattle,ongole,cattle_ongole
D:\B.Tech\CE-AI\Sem 7\MP\Datasets\archive (1)\clean_images\cattle\brown_swiss\brown_swiss_0284.jpg,cattle,brown_swiss,cattle_brown_swiss
D:\B.Tech\CE-AI\Sem 7\MP\Datasets\archive (1)\clean_images\cattle\gir\gir_0174.jpg,cattle,gir,cattle_gir
D:\B.Tech\CE-AI\Sem 7\MP\Datasets\archive (1)\clean_images\cattle\nimari\nimari_0090.png,cattle,nimari,cattle_nimari
D:\B.Tech\CE-AI\Sem 7\MP\Datasets\archive (1)\clean_images\cattle\malnad_gidda\malnad_gidda_0024.jpg,cattle,malnad_gidda,cattle_malnad_gidda
D:\B.Tech\CE-AI\Sem 7\MP\Datasets\archive (1)\clean_images\buffalo\bhadawari\bhadawari_0026.jpg,buffalo,bhadawari,buffalo_bhadawari
D:\B.Tech\CE-AI\Sem 7\MP\Datasets\archive (1)\clean_images\buffalo\alambadi\alambadi_0042.jpg,buffalo,alambadi,buffalo_alambadi
D:\B.Tech\CE-AI\Sem 7\MP\Datasets\archive (1)\clean_images\buffalo\murrah\murrah_0142.jpg,buffalo,murrah,buffalo_murrah
D:\B.Tech\CE-AI\Sem 7\MP\Datasets\archive (1)\clean_images\cattle\dangi\dangi_0089.png,cattle,dangi,cattle_dangi
D:\B.Tech\CE-AI\Sem 7\MP\Datasets\archive (1)\clean_images\buffalo\murrah\murrah_0098.jpg,buffalo,murrah,buffalo_murrah
D:\B.Tech\CE-AI\Sem 7\MP\Datasets\archive (1)\clean_images\cattle\holstein-friesian\holstein-friesian_0563.jpg,cattle,holstein-friesian,cattle_holstein-friesian
D:\B.Tech\CE-AI\Sem 7\MP\Datasets\archive (1)\clean_images\cattle\amritmahal\amritmahal_0071.jpg,cattle,amritmahal,cattle_amritmahal
D:\B.Tech\CE-AI\Sem 7\MP\Datasets\archive (1)\clean_images\cattle\tharparkar\tharparkar_0112.png,cattle,tharparkar,cattle_tharparkar
D:\B.Tech\CE-AI\Sem 7\MP\Datasets\archive (1)\clean_images\cattle\sahiwal\sahiwal_0162.png,cattle,sahiwal,cattle_sahiwal
D:\B.Tech\CE-AI\Sem 7\MP\Datasets\archive (1)\clean_images\cattle\deoni\deoni_0040.jpg,cattle,deoni,cattle_deoni
D:\B.Tech\CE-AI\Sem 7\MP\Datasets\archive (1)\clean_images\cattle\gir\gir_0692.png,cattle,gir,cattle_gir
D:\B.Tech\CE-AI\Sem 7\MP\Datasets\archive (1)\clean_images\cattle\guernsey\guernsey_0156.jpg,cattle,guernsey,cattle_guernsey
D:\B.Tech\CE-AI\Sem 7\MP\Datasets\archive (1)\clean_images\buffalo\alambadi\alambadi_0044.jpg,buffalo,alambadi,buffalo_alambadi
D:\B.Tech\CE-AI\Sem 7\MP\Datasets\archive (1)\clean_images\cattle\deoni\deoni_0199.png,cattle,deoni,cattle_deoni
D:\B.Tech\CE-AI\Sem 7\MP\Datasets\archive (1)\clean_images\cattle\red_dane\red_dane_0123.jpg,cattle,red_dane,cattle_red_dane
D:\B.Tech\CE-AI\Sem 7\MP\Datasets\archive (1)\clean_images\cattle\amritmahal\amritmahal_0192.jpg,cattle,amritmahal,cattle_amritmahal
D:\B.Tech\CE-AI\Sem 7\MP\Datasets\archive (1)\clean_images\cattle\vechur\vechur_0113.png,cattle,vechur,cattle_vechur
D:\B.Tech\CE-AI\Sem 7\MP\Datasets\archive (1)\clean_images\cattle\umblachery\umblachery_0020.png,cattle,umblachery,cattle_umblachery
D:\B.Tech\CE-AI\Sem 7\MP\Datasets\archive (1)\clean_images\cattle\tharparkar\tharparkar_0049.jpg,cattle,tharparkar,cattle_tharparkar
D:\B.Tech\CE-AI\Sem 7\MP\Datasets\archive (1)\clean_images\cattle\khillar\khillar_0069.jpg,cattle,khillar,cattle_khillar
D:\B.Tech\CE-AI\Sem 7\MP\Datasets\archive (1)\clean_images\buffalo\nili_ravi\nili_ravi_0077.jpg,buffalo,nili_ravi,buffalo_nili_ravi
D:\B.Tech\CE-AI\Sem 7\MP\Datasets\archive (1)\clean_images\cattle\ayrshire\ayrshire_0580.jpg,cattle,ayrshire,cattle_ayrshire
D:\B.Tech\CE-AI\Sem 7\MP\Datasets\archive (1)\clean_images\cattle\bargur\bargur_0055.jpg,cattle,bargur,cattle_bargur
D:\B.Tech\CE-AI\Sem 7\MP\Datasets\archive (1)\clean_images\buffalo\alambadi\alambadi_0116.png,buffalo,alambadi,buffalo_alambadi
D:\B.Tech\CE-AI\Sem 7\MP\Datasets\archive (1)\clean_images\cattle\krishna_valley\krishna_valley_0148.jpg,cattle,krishna_valley,cattle_krishna_valley
D:\B.Tech\CE-AI\Sem 7\MP\Datasets\archive (1)\clean_images\cattle\hallikar\hallikar_0258.jpg,cattle,hallikar,cattle_hallikar
D:\B.Tech\CE-AI\Sem 7\MP\Datasets\archive (1)\clean_images\cattle\amritmahal\amritmahal_0075.jpg,cattle,amritmahal,cattle_amritmahal
D:\B.Tech\CE-AI\Sem 7\MP\Datasets\archive (1)\clean_images\cattle\kherigarh\kherigarh_0023.jpg,cattle,kherigarh,cattle_kherigarh
D:\B.Tech\CE-AI\Sem 7\MP\Datasets\archive (1)\clean_images\cattle\ayrshire\ayrshire_0015.jpg,cattle,ayrshire,cattle_ayrshire
D:\B.Tech\CE-AI\Sem 7\MP\Datasets\archive (1)\clean_images\buffalo\toda\toda_0098.jpg,buffalo,toda,buffalo_toda
D:\B.Tech\CE-AI\Sem 7\MP\Datasets\archive (1)\clean_images\cattle\sahiwal\sahiwal_0129.jpg,cattle,sahiwal,cattle_sahiwal
D:\B.Tech\CE-AI\Sem 7\MP\Datasets\archive (1)\clean_images\cattle\ayrshire\ayrshire_0004.jpg,cattle,ayrshire,cattle_ayrshire
D:\B.Tech\CE-AI\Sem 7\MP\Datasets\archive (1)\clean_images\cattle\gir\gir_0651.jpg,cattle,gir,cattle_gir
D:\B.Tech\CE-AI\Sem 7\MP\Datasets\archive (1)\clean_images\buffalo\bhadawari\bhadawari_0079.jpg,buffalo,bhadawari,buffalo_bhadawari
D:\B.Tech\CE-AI\Sem 7\MP\Datasets\archive (1)\clean_images\cattle\brown_swiss\brown_swiss_0068.jpg,cattle,brown_swiss,cattle_brown_swiss
D:\B.Tech\CE-AI\Sem 7\MP\Datasets\archive (1)\clean_images\buffalo\nili_ravi\nili_ravi_0002.jpg,buffalo,nili_ravi,buffalo_nili_ravi
D:\B.Tech\CE-AI\Sem 7\MP\Datasets\archive (1)\clean_images\cattle\hariana\hariana_0083.jpg,cattle,hariana,cattle_hariana
D:\B.Tech\CE-AI\Sem 7\MP\Datasets\archive (1)\clean_images\cattle\red_dane\red_dane_0013.jpg,cattle,red_dane,cattle_red_dane
D:\B.Tech\CE-AI\Sem 7\MP\Datasets\archive (1)\clean_images\cattle\kangayam\kangayam_0074.jpg,cattle,kangayam,cattle_kangayam
D:\B.Tech\CE-AI\Sem 7\MP\Datasets\archive (1)\clean_images\buffalo\murrah\murrah_0053.jpg,buffalo,murrah,buffalo_murrah
D:\B.Tech\CE-AI\Sem 7\MP\Datasets\archive (1)\clean_images\cattle\brown_swiss\brown_swiss_0426.jpg,cattle,brown_swiss,cattle_brown_swiss
D:\B.Tech\CE-AI\Sem 7\MP\Datasets\archive (1)\clean_images\cattle\gir\gir_0316.jpg,cattle,gir,cattle_gir
D:\B.Tech\CE-AI\Sem 7\MP\Datasets\archive (1)\clean_images\cattle\jersey\jersey_0113.jpg,cattle,jersey,cattle_jersey
D:\B.Tech\CE-AI\Sem 7\MP\Datasets\archive (1)\clean_images\cattle\guernsey\guernsey_0213.jpg,cattle,guernsey,cattle_guernsey
D:\B.Tech\CE-AI\Sem 7\MP\Datasets\archive (1)\clean_images\buffalo\nagpuri\nagpuri_0054.jpg,buffalo,nagpuri,buffalo_nagpuri
D:\B.Tech\CE-AI\Sem 7\MP\Datasets\archive (1)\clean_images\cattle\umblachery\umblachery_0022.jpg,cattle,umblachery,cattle_umblachery
D:\B.Tech\CE-AI\Sem 7\MP\Datasets\archive (1)\clean_images\buffalo\alambadi\alambadi_0203.png,buffalo,alambadi,buffalo_alambadi
D:\B.Tech\CE-AI\Sem 7\MP\Datasets\archive (1)\clean_images\cattle\deoni\deoni_0116.jpg,cattle,deoni,cattle_deoni
D:\B.Tech\CE-AI\Sem 7\MP\Datasets\archive (1)\clean_images\cattle\dangi\dangi_0088.png,cattle,dangi,cattle_dangi
D:\B.Tech\CE-AI\Sem 7\MP\Datasets\archive (1)\clean_images\cattle\sahiwal\sahiwal_0416.jpg,cattle,sahiwal,cattle_sahiwal
D:\B.Tech\CE-AI\Sem 7\MP\Datasets\archive (1)\clean_images\cattle\gir\gir_0093.jpg,cattle,gir,cattle_gir
D:\B.Tech\CE-AI\Sem 7\MP\Datasets\archive (1)\clean_images\cattle\ayrshire\ayrshire_0691.jpg,cattle,ayrshire,cattle_ayrshire
D:\B.Tech\CE-AI\Sem 7\MP\Datasets\archive (1)\clean_images\cattle\krishna_valley\krishna_valley_0134.jpg,cattle,krishna_valley,cattle_krishna_valley
D:\B.Tech\CE-AI\Sem 7\MP\Datasets\archive (1)\clean_images\buffalo\nagpuri\nagpuri_0168.jpg,buffalo,nagpuri,buffalo_nagpuri
D:\B.Tech\CE-AI\Sem 7\MP\Datasets\archive (1)\clean_images\buffalo\toda\toda_0084.jpg,buffalo,toda,buffalo_toda
D:\B.Tech\CE-AI\Sem 7\MP\Datasets\archive (1)\clean_images\cattle\hallikar\hallikar_0005.jpg,cattle,hallikar,cattle_hallikar
D:\B.Tech\CE-AI\Sem 7\MP\Datasets\archive (1)\clean_images\cattle\ayrshire\ayrshire_0413.jpg,cattle,ayrshire,cattle_ayrshire
D:\B.Tech\CE-AI\Sem 7\MP\Datasets\archive (1)\clean_images\cattle\brown_swiss\brown_swiss_0433.jpg,cattle,brown_swiss,cattle_brown_swiss
D:\B.Tech\CE-AI\Sem 7\MP\Datasets\archive (1)\clean_images\cattle\sahiwal\sahiwal_0220.jpg,cattle,sahiwal,cattle_sahiwal
D:\B.Tech\CE-AI\Sem 7\MP\Datasets\archive (1)\clean_images\buffalo\nagpuri\nagpuri_0133.jpg,buffalo,nagpuri,buffalo_nagpuri
D:\B.Tech\CE-AI\Sem 7\MP\Datasets\archive (1)\clean_images\cattle\red_dane\red_dane_0070.jpg,cattle,red_dane,cattle_red_dane
D:\B.Tech\CE-AI\Sem 7\MP\Datasets\archive (1)\clean_images\cattle\deoni\deoni_0211.png,cattle,deoni,cattle_deoni
D:\B.Tech\CE-AI\Sem 7\MP\Datasets\archive (1)\clean_images\cattle\deoni\deoni_0129.jpg,cattle,deoni,cattle_deoni
D:\B.Tech\CE-AI\Sem 7\MP\Datasets\archive (1)\clean_images\cattle\gir\gir_0712.jpg,cattle,gir,cattle_gir
D:\B.Tech\CE-AI\Sem 7\MP\Datasets\archive (1)\clean_images\cattle\deoni\deoni_0085.jpg,cattle,deoni,cattle_deoni
D:\B.Tech\CE-AI\Sem 7\MP\Datasets\archive (1)\clean_images\cattle\khillar\khillar_0015.jpg,cattle,khillar,cattle_khillar
D:\B.Tech\CE-AI\Sem 7\MP\Datasets\archive (1)\clean_images\cattle\gir\gir_0055.jpg,cattle,gir,cattle_gir
D:\B.Tech\CE-AI\Sem 7\MP\Datasets\archive (1)\clean_images\cattle\ayrshire\ayrshire_0590.jpg,cattle,ayrshire,cattle_ayrshire
D:\B.Tech\CE-AI\Sem 7\MP\Datasets\archive (1)\clean_images\cattle\nagori\nagori_0054.png,cattle,nagori,cattle_nagori
D:\B.Tech\CE-AI\Sem 7\MP\Datasets\archive (1)\clean_images\cattle\tharparkar\tharparkar_0152.png,cattle,tharparkar,cattle_tharparkar
D:\B.Tech\CE-AI\Sem 7\MP\Datasets\archive (1)\clean_images\cattle\deoni\deoni_0034.jpg,cattle,deoni,cattle_deoni
D:\B.Tech\CE-AI\Sem 7\MP\Datasets\archive (1)\clean_images\cattle\tharparkar\tharparkar_0027.jpg,cattle,tharparkar,cattle_tharparkar
D:\B.Tech\CE-AI\Sem 7\MP\Datasets\archive (1)\clean_images\cattle\hallikar\hallikar_0072.jpg,cattle,hallikar,cattle_hallikar
D:\B.Tech\CE-AI\Sem 7\MP\Datasets\archive (1)\clean_images\cattle\amritmahal\amritmahal_0109.jpg,cattle,amritmahal,cattle_amritmahal
D:\B.Tech\CE-AI\Sem 7\MP\Datasets\archive (1)\clean_images\cattle\amritmahal\amritmahal_0171.jpg,cattle,amritmahal,cattle_amritmahal
D:\B.Tech\CE-AI\Sem 7\MP\Datasets\archive (1)\clean_images\cattle\brown_swiss\brown_swiss_0351.jpg,cattle,brown_swiss,cattle_brown_swiss
D:\B.Tech\CE-AI\Sem 7\MP\Datasets\archive (1)\clean_images\cattle\red_sindhi\red_sindhi_0032.png,cattle,red_sindhi,cattle_red_sindhi
D:\B.Tech\CE-AI\Sem 7\MP\Datasets\archive (1)\clean_images\buffalo\banni\banni_0039.jpg,buffalo,banni,buffalo_banni
D:\B.Tech\CE-AI\Sem 7\MP\Datasets\archive (1)\clean_images\cattle\red_dane\red_dane_0058.jpg,cattle,red_dane,cattle_red_dane
D:\B.Tech\CE-AI\Sem 7\MP\Datasets\archive (1)\clean_images\cattle\holstein-friesian\holstein-friesian_0448.jpg,cattle,holstein-friesian,cattle_holstein-friesian
D:\B.Tech\CE-AI\Sem 7\MP\Datasets\archive (1)\clean_images\cattle\brown_swiss\brown_swiss_0134.jpg,cattle,brown_swiss,cattle_brown_swiss
D:\B.Tech\CE-AI\Sem 7\MP\Datasets\archive (1)\clean_images\cattle\ayrshire\ayrshire_0137.jpg,cattle,ayrshire,cattle_ayrshire
D:\B.Tech\CE-AI\Sem 7\MP\Datasets\archive (1)\clean_images\cattle\brown_swiss\brown_swiss_0313.jpg,cattle,brown_swiss,cattle_brown_swiss
D:\B.Tech\CE-AI\Sem 7\MP\Datasets\archive (1)\clean_images\cattle\deoni\deoni_0061.jpg,cattle,deoni,cattle_deoni
D:\B.Tech\CE-AI\Sem 7\MP\Datasets\archive (1)\clean_images\cattle\pulikulam\pulikulam_0082.jpg,cattle,pulikulam,cattle_pulikulam
D:\B.Tech\CE-AI\Sem 7\MP\Datasets\archive (1)\clean_images\buffalo\banni\banni_0043.png,buffalo,banni,buffalo_banni
D:\B.Tech\CE-AI\Sem 7\MP\Datasets\archive (1)\clean_images\buffalo\bargur\bargur_0096.jpg,buffalo,bargur,buffalo_bargur
D:\B.Tech\CE-AI\Sem 7\MP\Datasets\archive (1)\clean_images\cattle\holstein-friesian\holstein-friesian_0280.jpg,cattle,holstein-friesian,cattle_holstein-friesian
D:\B.Tech\CE-AI\Sem 7\MP\Datasets\archive (1)\clean_images\cattle\brown_swiss\brown_swiss_0338.jpg,cattle,brown_swiss,cattle_brown_swiss
D:\B.Tech\CE-AI\Sem 7\MP\Datasets\archive (1)\clean_images\cattle\sahiwal\sahiwal_0035.jpg,cattle,sahiwal,cattle_sahiwal
D:\B.Tech\CE-AI\Sem 7\MP\Datasets\archive (1)\clean_images\cattle\ayrshire\ayrshire_0052.jpg,cattle,ayrshire,cattle_ayrshire
D:\B.Tech\CE-AI\Sem 7\MP\Datasets\archive (1)\clean_images\cattle\guernsey\guernsey_0038.jpg,cattle,guernsey,cattle_guernsey
D:\B.Tech\CE-AI\Sem 7\MP\Datasets\archive (1)\clean_images\cattle\ayrshire\ayrshire_0247.jpg,cattle,ayrshire,cattle_ayrshire
D:\B.Tech\CE-AI\Sem 7\MP\Datasets\archive (1)\clean_images\cattle\sahiwal\sahiwal_0349.jpg,cattle,sahiwal,cattle_sahiwal
D:\B.Tech\CE-AI\Sem 7\MP\Datasets\archive (1)\clean_images\cattle\nagori\nagori_0060.png,cattle,nagori,cattle_nagori
D:\B.Tech\CE-AI\Sem 7\MP\Datasets\archive (1)\clean_images\buffalo\alambadi\alambadi_0163.png,buffalo,alambadi,buffalo_alambadi
D:\B.Tech\CE-AI\Sem 7\MP\Datasets\archive (1)\clean_images\cattle\malnad_gidda\malnad_gidda_0095.png,cattle,malnad_gidda,cattle_malnad_gidda
D:\B.Tech\CE-AI\Sem 7\MP\Datasets\archive (1)\clean_images\cattle\vechur\vechur_0014.jpg,cattle,vechur,cattle_vechur
D:\B.Tech\CE-AI\Sem 7\MP\Datasets\archive (1)\clean_images\cattle\ayrshire\ayrshire_0372.jpg,cattle,ayrshire,cattle_ayrshire
D:\B.Tech\CE-AI\Sem 7\MP\Datasets\archive (1)\clean_images\cattle\red_dane\red_dane_0067.jpg,cattle,red_dane,cattle_red_dane
D:\B.Tech\CE-AI\Sem 7\MP\Datasets\archive (1)\clean_images\cattle\guernsey\guernsey_0093.jpg,cattle,guernsey,cattle_guernsey
D:\B.Tech\CE-AI\Sem 7\MP\Datasets\archive (1)\clean_images\cattle\ayrshire\ayrshire_0172.jpg,cattle,ayrshire,cattle_ayrshire
D:\B.Tech\CE-AI\Sem 7\MP\Datasets\archive (1)\clean_images\cattle\hallikar\hallikar_0119.jpg,cattle,hallikar,cattle_hallikar
D:\B.Tech\CE-AI\Sem 7\MP\Datasets\archive (1)\clean_images\cattle\pulikulam\pulikulam_0015.jpg,cattle,pulikulam,cattle_pulikulam
D:\B.Tech\CE-AI\Sem 7\MP\Datasets\archive (1)\clean_images\cattle\ayrshire\ayrshire_0427.jpg,cattle,ayrshire,cattle_ayrshire
D:\B.Tech\CE-AI\Sem 7\MP\Datasets\archive (1)\clean_images\cattle\brown_swiss\brown_swiss_0240.jpg,cattle,brown_swiss,cattle_brown_swiss
D:\B.Tech\CE-AI\Sem 7\MP\Datasets\archive (1)\clean_images\cattle\malnad_gidda\malnad_gidda_0005.jpg,cattle,malnad_gidda,cattle_malnad_gidda
D:\B.Tech\CE-AI\Sem 7\MP\Datasets\archive (1)\clean_images\cattle\ayrshire\ayrshire_0249.jpg,cattle,ayrshire,cattle_ayrshire
D:\B.Tech\CE-AI\Sem 7\MP\Datasets\archive (1)\clean_images\cattle\sahiwal\sahiwal_0398.jpg,cattle,sahiwal,cattle_sahiwal
D:\B.Tech\CE-AI\Sem 7\MP\Datasets\archive (1)\clean_images\cattle\ayrshire\ayrshire_0125.jpg,cattle,ayrshire,cattle_ayrshire
D:\B.Tech\CE-AI\Sem 7\MP\Datasets\archive (1)\clean_images\cattle\malnad_gidda\malnad_gidda_0032.jpg,cattle,malnad_gidda,cattle_malnad_gidda
D:\B.Tech\CE-AI\Sem 7\MP\Datasets\archive (1)\clean_images\cattle\malnad_gidda\malnad_gidda_0017.jpg,cattle,malnad_gidda,cattle_malnad_gidda
D:\B.Tech\CE-AI\Sem 7\MP\Datasets\archive (1)\clean_images\cattle\ayrshire\ayrshire_0570.jpg,cattle,ayrshire,cattle_ayrshire
D:\B.Tech\CE-AI\Sem 7\MP\Datasets\archive (1)\clean_images\cattle\sahiwal\sahiwal_0074.jpeg,cattle,sahiwal,cattle_sahiwal
D:\B.Tech\CE-AI\Sem 7\MP\Datasets\archive (1)\clean_images\buffalo\alambadi\alambadi_0025.jpg,buffalo,alambadi,buffalo_alambadi
D:\B.Tech\CE-AI\Sem 7\MP\Datasets\archive (1)\clean_images\cattle\pulikulam\pulikulam_0070.png,cattle,pulikulam,cattle_pulikulam
D:\B.Tech\CE-AI\Sem 7\MP\Datasets\archive (1)\clean_images\buffalo\bargur\bargur_0012.jpg,buffalo,bargur,buffalo_bargur
D:\B.Tech\CE-AI\Sem 7\MP\Datasets\archive (1)\clean_images\cattle\nagori\nagori_0066.png,cattle,nagori,cattle_nagori
D:\B.Tech\CE-AI\Sem 7\MP\Datasets\archive (1)\clean_images\cattle\hariana\hariana_0078.png,cattle,hariana,cattle_hariana
D:\B.Tech\CE-AI\Sem 7\MP\Datasets\archive (1)\clean_images\cattle\deoni\deoni_0142.jpg,cattle,deoni,cattle_deoni
D:\B.Tech\CE-AI\Sem 7\MP\Datasets\archive (1)\clean_images\cattle\kangayam\kangayam_0090.jpg,cattle,kangayam,cattle_kangayam
D:\B.Tech\CE-AI\Sem 7\MP\Datasets\archive (1)\clean_images\buffalo\bhadawari\bhadawari_0015.jpg,buffalo,bhadawari,buffalo_bhadawari
D:\B.Tech\CE-AI\Sem 7\MP\Datasets\archive (1)\clean_images\cattle\guernsey\guernsey_0062.jpg,cattle,guernsey,cattle_guernsey
D:\B.Tech\CE-AI\Sem 7\MP\Datasets\archive (1)\clean_images\cattle\gir\gir_0076.jpg,cattle,gir,cattle_gir
D:\B.Tech\CE-AI\Sem 7\MP\Datasets\archive (1)\clean_images\cattle\kenkatha\kenkatha_0025.png,cattle,kenkatha,cattle_kenkatha
D:\B.Tech\CE-AI\Sem 7\MP\Datasets\archive (1)\clean_images\cattle\holstein-friesian\holstein-friesian_0351.jpg,cattle,holstein-friesian,cattle_holstein-friesian
D:\B.Tech\CE-AI\Sem 7\MP\Datasets\archive (1)\clean_images\cattle\gir\gir_0527.jpg,cattle,gir,cattle_gir
D:\B.Tech\CE-AI\Sem 7\MP\Datasets\archive (1)\clean_images\cattle\brown_swiss\brown_swiss_0272.jpg,cattle,brown_swiss,cattle_brown_swiss
D:\B.Tech\CE-AI\Sem 7\MP\Datasets\archive (1)\clean_images\cattle\rathi\rathi_0040.jpg,cattle,rathi,cattle_rathi
D:\B.Tech\CE-AI\Sem 7\MP\Datasets\archive (1)\clean_images\cattle\holstein-friesian\holstein-friesian_0390.jpg,cattle,holstein-friesian,cattle_holstein-friesian
D:\B.Tech\CE-AI\Sem 7\MP\Datasets\archive (1)\clean_images\cattle\gir\gir_0436.jpg,cattle,gir,cattle_gir
D:\B.Tech\CE-AI\Sem 7\MP\Datasets\archive (1)\clean_images\cattle\red_dane\red_dane_0111.jpg,cattle,red_dane,cattle_red_dane
D:\B.Tech\CE-AI\Sem 7\MP\Datasets\archive (1)\clean_images\cattle\sahiwal\sahiwal_0046.jpg,cattle,sahiwal,cattle_sahiwal
D:\B.Tech\CE-AI\Sem 7\MP\Datasets\archive (1)\clean_images\buffalo\bargur\bargur_0031.jpg,buffalo,bargur,buffalo_bargur
D:\B.Tech\CE-AI\Sem 7\MP\Datasets\archive (1)\clean_images\cattle\rathi\rathi_0033.jpg,cattle,rathi,cattle_rathi
D:\B.Tech\CE-AI\Sem 7\MP\Datasets\archive (1)\clean_images\cattle\pulikulam\pulikulam_0043.jpg,cattle,pulikulam,cattle_pulikulam
D:\B.Tech\CE-AI\Sem 7\MP\Datasets\archive (1)\clean_images\cattle\gir\gir_0422.png,cattle,gir,cattle_gir
D:\B.Tech\CE-AI\Sem 7\MP\Datasets\archive (1)\clean_images\cattle\nagori\nagori_0034.png,cattle,nagori,cattle_nagori
D:\B.Tech\CE-AI\Sem 7\MP\Datasets\archive (1)\clean_images\cattle\umblachery\umblachery_0075.jpg,cattle,umblachery,cattle_umblachery
D:\B.Tech\CE-AI\Sem 7\MP\Datasets\archive (1)\clean_images\cattle\holstein-friesian\holstein-friesian_0389.jpg,cattle,holstein-friesian,cattle_holstein-friesian
D:\B.Tech\CE-AI\Sem 7\MP\Datasets\archive (1)\clean_images\cattle\ongole\ongole_0058.jpg,cattle,ongole,cattle_ongole
D:\B.Tech\CE-AI\Sem 7\MP\Datasets\archive (1)\clean_images\cattle\ongole\ongole_0170.png,cattle,ongole,cattle_ongole
D:\B.Tech\CE-AI\Sem 7\MP\Datasets\archive (1)\clean_images\cattle\brown_swiss\brown_swiss_0156.jpg,cattle,brown_swiss,cattle_brown_swiss
D:\B.Tech\CE-AI\Sem 7\MP\Datasets\archive (1)\clean_images\cattle\ayrshire\ayrshire_0081.jpg,cattle,ayrshire,cattle_ayrshire
D:\B.Tech\CE-AI\Sem 7\MP\Datasets\archive (1)\clean_images\cattle\gir\gir_0573.jpg,cattle,gir,cattle_gir
D:\B.Tech\CE-AI\Sem 7\MP\Datasets\archive (1)\clean_images\cattle\kankrej\kankrej_0063.jpg,cattle,kankrej,cattle_kankrej
D:\B.Tech\CE-AI\Sem 7\MP\Datasets\archive (1)\clean_images\cattle\ayrshire\ayrshire_0297.jpg,cattle,ayrshire,cattle_ayrshire
D:\B.Tech\CE-AI\Sem 7\MP\Datasets\archive (1)\clean_images\buffalo\nagpuri\nagpuri_0103.jpg,buffalo,nagpuri,buffalo_nagpuri
D:\B.Tech\CE-AI\Sem 7\MP\Datasets\archive (1)\clean_images\cattle\ayrshire\ayrshire_0493.jpg,cattle,ayrshire,cattle_ayrshire
D:\B.Tech\CE-AI\Sem 7\MP\Datasets\archive (1)\clean_images\cattle\sahiwal\sahiwal_0111.jpg,cattle,sahiwal,cattle_sahiwal
D:\B.Tech\CE-AI\Sem 7\MP\Datasets\archive (1)\clean_images\cattle\holstein-friesian\holstein-friesian_0498.jpg,cattle,holstein-friesian,cattle_holstein-friesian
D:\B.Tech\CE-AI\Sem 7\MP\Datasets\archive (1)\clean_images\buffalo\bargur\bargur_0009.jpg,buffalo,bargur,buffalo_bargur
D:\B.Tech\CE-AI\Sem 7\MP\Datasets\archive (1)\clean_images\buffalo\nagpuri\nagpuri_0149.jpg,buffalo,nagpuri,buffalo_nagpuri
D:\B.Tech\CE-AI\Sem 7\MP\Datasets\archive (1)\clean_images\cattle\brown_swiss\brown_swiss_0257.jpg,cattle,brown_swiss,cattle_brown_swiss
D:\B.Tech\CE-AI\Sem 7\MP\Datasets\archive (1)\clean_images\cattle\nagori\nagori_0090.png,cattle,nagori,cattle_nagori
D:\B.Tech\CE-AI\Sem 7\MP\Datasets\archive (1)\clean_images\cattle\krishna_valley\krishna_valley_0047.jpg,cattle,krishna_valley,cattle_krishna_valley
D:\B.Tech\CE-AI\Sem 7\MP\Datasets\archive (1)\clean_images\cattle\vechur\vechur_0027.jpeg,cattle,vechur,cattle_vechur
D:\B.Tech\CE-AI\Sem 7\MP\Datasets\archive (1)\clean_images\buffalo\bargur\bargur_0119.jpg,buffalo,bargur,buffalo_bargur
D:\B.Tech\CE-AI\Sem 7\MP\Datasets\archive (1)\clean_images\cattle\holstein-friesian\holstein-friesian_0386.jpg,cattle,holstein-friesian,cattle_holstein-friesian
D:\B.Tech\CE-AI\Sem 7\MP\Datasets\archive (1)\clean_images\cattle\sahiwal\sahiwal_0294.jpg,cattle,sahiwal,cattle_sahiwal
D:\B.Tech\CE-AI\Sem 7\MP\Datasets\archive (1)\clean_images\cattle\umblachery\umblachery_0054.jpg,cattle,umblachery,cattle_umblachery
D:\B.Tech\CE-AI\Sem 7\MP\Datasets\archive (1)\clean_images\cattle\brown_swiss\brown_swiss_0387.jpg,cattle,brown_swiss,cattle_brown_swiss
D:\B.Tech\CE-AI\Sem 7\MP\Datasets\archive (1)\clean_images\cattle\rathi\rathi_0115.jpg,cattle,rathi,cattle_rathi
D:\B.Tech\CE-AI\Sem 7\MP\Datasets\archive (1)\clean_images\cattle\brown_swiss\brown_swiss_0262.jpg,cattle,brown_swiss,cattle_brown_swiss
D:\B.Tech\CE-AI\Sem 7\MP\Datasets\archive (1)\clean_images\cattle\guernsey\guernsey_0090.jpg,cattle,guernsey,cattle_guernsey
D:\B.Tech\CE-AI\Sem 7\MP\Datasets\archive (1)\clean_images\cattle\dangi\dangi_0068.jpg,cattle,dangi,cattle_dangi
D:\B.Tech\CE-AI\Sem 7\MP\Datasets\archive (1)\clean_images\cattle\deoni\deoni_0103.jpg,cattle,deoni,cattle_deoni
D:\B.Tech\CE-AI\Sem 7\MP\Datasets\archive (1)\clean_images\cattle\amritmahal\amritmahal_0046.jpg,cattle,amritmahal,cattle_amritmahal
D:\B.Tech\CE-AI\Sem 7\MP\Datasets\archive (1)\clean_images\cattle\amritmahal\amritmahal_0045.jpg,cattle,amritmahal,cattle_amritmahal
D:\B.Tech\CE-AI\Sem 7\MP\Datasets\archive (1)\clean_images\cattle\sahiwal\sahiwal_0441.jpg,cattle,sahiwal,cattle_sahiwal
D:\B.Tech\CE-AI\Sem 7\MP\Datasets\archive (1)\clean_images\cattle\brown_swiss\brown_swiss_0169.jpg,cattle,brown_swiss,cattle_brown_swiss
D:\B.Tech\CE-AI\Sem 7\MP\Datasets\archive (1)\clean_images\buffalo\bhadawari\bhadawari_0083.jpg,buffalo,bhadawari,buffalo_bhadawari
D:\B.Tech\CE-AI\Sem 7\MP\Datasets\archive (1)\clean_images\cattle\red_sindhi\red_sindhi_0170.jpg,cattle,red_sindhi,cattle_red_sindhi
D:\B.Tech\CE-AI\Sem 7\MP\Datasets\archive (1)\clean_images\cattle\ayrshire\ayrshire_0151.jpg,cattle,ayrshire,cattle_ayrshire
D:\B.Tech\CE-AI\Sem 7\MP\Datasets\archive (1)\clean_images\cattle\dangi\dangi_0042.jpg,cattle,dangi,cattle_dangi
D:\B.Tech\CE-AI\Sem 7\MP\Datasets\archive (1)\clean_images\cattle\red_dane\red_dane_0022.jpg,cattle,red_dane,cattle_red_dane
D:\B.Tech\CE-AI\Sem 7\MP\Datasets\archive (1)\clean_images\buffalo\alambadi\alambadi_0041.jpg,buffalo,alambadi,buffalo_alambadi
D:\B.Tech\CE-AI\Sem 7\MP\Datasets\archive (1)\clean_images\cattle\brown_swiss\brown_swiss_0408.jpg,cattle,brown_swiss,cattle_brown_swiss
D:\B.Tech\CE-AI\Sem 7\MP\Datasets\archive (1)\clean_images\cattle\gir\gir_0608.jpg,cattle,gir,cattle_gir
D:\B.Tech\CE-AI\Sem 7\MP\Datasets\archive (1)\clean_images\cattle\ayrshire\ayrshire_0581.jpg,cattle,ayrshire,cattle_ayrshire
D:\B.Tech\CE-AI\Sem 7\MP\Datasets\archive (1)\clean_images\buffalo\murrah\murrah_0129.jpg,buffalo,murrah,buffalo_murrah
D:\B.Tech\CE-AI\Sem 7\MP\Datasets\archive (1)\clean_images\cattle\guernsey\guernsey_0211.jpg,cattle,guernsey,cattle_guernsey
D:\B.Tech\CE-AI\Sem 7\MP\Datasets\archive (1)\clean_images\cattle\dangi\dangi_0032.jpg,cattle,dangi,cattle_dangi
D:\B.Tech\CE-AI\Sem 7\MP\Datasets\archive (1)\clean_images\cattle\guernsey\guernsey_0150.jpg,cattle,guernsey,cattle_guernsey
D:\B.Tech\CE-AI\Sem 7\MP\Datasets\archive (1)\clean_images\cattle\gir\gir_0024.jpg,cattle,gir,cattle_gir
D:\B.Tech\CE-AI\Sem 7\MP\Datasets\archive (1)\clean_images\cattle\tharparkar\tharparkar_0160.jpg,cattle,tharparkar,cattle_tharparkar
D:\B.Tech\CE-AI\Sem 7\MP\Datasets\archive (1)\clean_images\cattle\rathi\rathi_0045.jpg,cattle,rathi,cattle_rathi
D:\B.Tech\CE-AI\Sem 7\MP\Datasets\archive (1)\clean_images\cattle\hallikar\hallikar_0082.jpg,cattle,hallikar,cattle_hallikar
D:\B.Tech\CE-AI\Sem 7\MP\Datasets\archive (1)\clean_images\cattle\pulikulam\pulikulam_0062.png,cattle,pulikulam,cattle_pulikulam
D:\B.Tech\CE-AI\Sem 7\MP\Datasets\archive (1)\clean_images\cattle\ayrshire\ayrshire_0688.jpg,cattle,ayrshire,cattle_ayrshire
D:\B.Tech\CE-AI\Sem 7\MP\Datasets\archive (1)\clean_images\cattle\holstein-friesian\holstein-friesian_0377.jpg,cattle,holstein-friesian,cattle_holstein-friesian
D:\B.Tech\CE-AI\Sem 7\MP\Datasets\archive (1)\clean_images\cattle\rathi\rathi_0053.jpg,cattle,rathi,cattle_rathi
D:\B.Tech\CE-AI\Sem 7\MP\Datasets\archive (1)\clean_images\cattle\tharparkar\tharparkar_0051.jpg,cattle,tharparkar,cattle_tharparkar
D:\B.Tech\CE-AI\Sem 7\MP\Datasets\archive (1)\clean_images\cattle\tharparkar\tharparkar_0121.jpg,cattle,tharparkar,cattle_tharparkar
D:\B.Tech\CE-AI\Sem 7\MP\Datasets\archive (1)\clean_images\buffalo\jaffarabadi\jaffarabadi_0107.jpg,buffalo,jaffarabadi,buffalo_jaffarabadi
D:\B.Tech\CE-AI\Sem 7\MP\Datasets\archive (1)\clean_images\cattle\krishna_valley\krishna_valley_0103.jpg,cattle,krishna_valley,cattle_krishna_valley
D:\B.Tech\CE-AI\Sem 7\MP\Datasets\archive (1)\clean_images\buffalo\alambadi\alambadi_0098.jpg,buffalo,alambadi,buffalo_alambadi
D:\B.Tech\CE-AI\Sem 7\MP\Datasets\archive (1)\clean_images\cattle\gir\gir_0243.jpg,cattle,gir,cattle_gir
D:\B.Tech\CE-AI\Sem 7\MP\Datasets\archive (1)\clean_images\buffalo\jaffarabadi\jaffarabadi_0066.jpg,buffalo,jaffarabadi,buffalo_jaffarabadi
D:\B.Tech\CE-AI\Sem 7\MP\Datasets\archive (1)\clean_images\buffalo\jaffarabadi\jaffarabadi_0051.png,buffalo,jaffarabadi,buffalo_jaffarabadi
D:\B.Tech\CE-AI\Sem 7\MP\Datasets\archive (1)\clean_images\cattle\malnad_gidda\malnad_gidda_0034.jpg,cattle,malnad_gidda,cattle_malnad_gidda
D:\B.Tech\CE-AI\Sem 7\MP\Datasets\archive (1)\clean_images\cattle\amritmahal\amritmahal_0043.jpg,cattle,amritmahal,cattle_amritmahal
D:\B.Tech\CE-AI\Sem 7\MP\Datasets\archive (1)\clean_images\cattle\hallikar\hallikar_0095.jpg,cattle,hallikar,cattle_hallikar
D:\B.Tech\CE-AI\Sem 7\MP\Datasets\archive (1)\clean_images\cattle\jersey\jersey_0190.jpg,cattle,jersey,cattle_jersey
D:\B.Tech\CE-AI\Sem 7\MP\Datasets\archive (1)\clean_images\cattle\gir\gir_0242.jpg,cattle,gir,cattle_gir
D:\B.Tech\CE-AI\Sem 7\MP\Datasets\archive (1)\clean_images\cattle\gir\gir_0410.jpg,cattle,gir,cattle_gir
D:\B.Tech\CE-AI\Sem 7\MP\Datasets\archive (1)\clean_images\cattle\ongole\ongole_0055.jpg,cattle,ongole,cattle_ongole
D:\B.Tech\CE-AI\Sem 7\MP\Datasets\archive (1)\clean_images\cattle\gir\gir_0460.jpg,cattle,gir,cattle_gir
D:\B.Tech\CE-AI\Sem 7\MP\Datasets\archive (1)\clean_images\cattle\red_sindhi\red_sindhi_0107.jpg,cattle,red_sindhi,cattle_red_sindhi
D:\B.Tech\CE-AI\Sem 7\MP\Datasets\archive (1)\clean_images\cattle\dangi\dangi_0029.jpg,cattle,dangi,cattle_dangi
D:\B.Tech\CE-AI\Sem 7\MP\Datasets\archive (1)\clean_images\cattle\ayrshire\ayrshire_0069.jpg,cattle,ayrshire,cattle_ayrshire
D:\B.Tech\CE-AI\Sem 7\MP\Datasets\archive (1)\clean_images\buffalo\nili_ravi\nili_ravi_0025.jpg,buffalo,nili_ravi,buffalo_nili_ravi
D:\B.Tech\CE-AI\Sem 7\MP\Datasets\archive (1)\clean_images\cattle\gir\gir_0687.png,cattle,gir,cattle_gir
D:\B.Tech\CE-AI\Sem 7\MP\Datasets\archive (1)\clean_images\cattle\malnad_gidda\malnad_gidda_0060.png,cattle,malnad_gidda,cattle_malnad_gidda
D:\B.Tech\CE-AI\Sem 7\MP\Datasets\archive (1)\clean_images\buffalo\nili_ravi\nili_ravi_0024.jpg,buffalo,nili_ravi,buffalo_nili_ravi
D:\B.Tech\CE-AI\Sem 7\MP\Datasets\archive (1)\clean_images\cattle\hallikar\hallikar_0294.png,cattle,hallikar,cattle_hallikar
D:\B.Tech\CE-AI\Sem 7\MP\Datasets\archive (1)\clean_images\cattle\holstein-friesian\holstein-friesian_0169.jpg,cattle,holstein-friesian,cattle_holstein-friesian
D:\B.Tech\CE-AI\Sem 7\MP\Datasets\archive (1)\clean_images\buffalo\banni\banni_0092.jpg,buffalo,banni,buffalo_banni
D:\B.Tech\CE-AI\Sem 7\MP\Datasets\archive (1)\clean_images\cattle\sahiwal\sahiwal_0169.jpg,cattle,sahiwal,cattle_sahiwal
D:\B.Tech\CE-AI\Sem 7\MP\Datasets\archive (1)\clean_images\cattle\vechur\vechur_0102.jpg,cattle,vechur,cattle_vechur
D:\B.Tech\CE-AI\Sem 7\MP\Datasets\archive (1)\clean_images\buffalo\toda\toda_0063.jpg,buffalo,toda,buffalo_toda
D:\B.Tech\CE-AI\Sem 7\MP\Datasets\archive (1)\clean_images\buffalo\alambadi\alambadi_0165.png,buffalo,alambadi,buffalo_alambadi
D:\B.Tech\CE-AI\Sem 7\MP\Datasets\archive (1)\clean_images\cattle\brown_swiss\brown_swiss_0382.jpg,cattle,brown_swiss,cattle_brown_swiss
D:\B.Tech\CE-AI\Sem 7\MP\Datasets\archive (1)\clean_images\cattle\jersey\jersey_0155.jpg,cattle,jersey,cattle_jersey
D:\B.Tech\CE-AI\Sem 7\MP\Datasets\archive (1)\clean_images\buffalo\banni\banni_0089.png,buffalo,banni,buffalo_banni
D:\B.Tech\CE-AI\Sem 7\MP\Datasets\archive (1)\clean_images\cattle\kankrej\kankrej_0163.png,cattle,kankrej,cattle_kankrej
D:\B.Tech\CE-AI\Sem 7\MP\Datasets\archive (1)\clean_images\cattle\brown_swiss\brown_swiss_0248.jpg,cattle,brown_swiss,cattle_brown_swiss
D:\B.Tech\CE-AI\Sem 7\MP\Datasets\archive (1)\clean_images\cattle\brown_swiss\brown_swiss_0077.jpg,cattle,brown_swiss,cattle_brown_swiss
D:\B.Tech\CE-AI\Sem 7\MP\Datasets\archive (1)\clean_images\cattle\holstein-friesian\holstein-friesian_0067.jpg,cattle,holstein-friesian,cattle_holstein-friesian
D:\B.Tech\CE-AI\Sem 7\MP\Datasets\archive (1)\clean_images\buffalo\nili_ravi\nili_ravi_0062.jpg,buffalo,nili_ravi,buffalo_nili_ravi
D:\B.Tech\CE-AI\Sem 7\MP\Datasets\archive (1)\clean_images\buffalo\jaffarabadi\jaffarabadi_0104.jpg,buffalo,jaffarabadi,buffalo_jaffarabadi
D:\B.Tech\CE-AI\Sem 7\MP\Datasets\archive (1)\clean_images\cattle\ayrshire\ayrshire_0241.jpg,cattle,ayrshire,cattle_ayrshire
D:\B.Tech\CE-AI\Sem 7\MP\Datasets\archive (1)\clean_images\cattle\kankrej\kankrej_0086.jpg,cattle,kankrej,cattle_kankrej
D:\B.Tech\CE-AI\Sem 7\MP\Datasets\archive (1)\clean_images\buffalo\nili_ravi\nili_ravi_0031.jpg,buffalo,nili_ravi,buffalo_nili_ravi
D:\B.Tech\CE-AI\Sem 7\MP\Datasets\archive (1)\clean_images\cattle\sahiwal\sahiwal_0279.png,cattle,sahiwal,cattle_sahiwal
D:\B.Tech\CE-AI\Sem 7\MP\Datasets\archive (1)\clean_images\cattle\dangi\dangi_0052.jpg,cattle,dangi,cattle_dangi
D:\B.Tech\CE-AI\Sem 7\MP\Datasets\archive (1)\clean_images\buffalo\alambadi\alambadi_0147.png,buffalo,alambadi,buffalo_alambadi
D:\B.Tech\CE-AI\Sem 7\MP\Datasets\archive (1)\clean_images\cattle\gir\gir_0400.jpg,cattle,gir,cattle_gir
D:\B.Tech\CE-AI\Sem 7\MP\Datasets\archive (1)\clean_images\cattle\guernsey\guernsey_0054.jpg,cattle,guernsey,cattle_guernsey
D:\B.Tech\CE-AI\Sem 7\MP\Datasets\archive (1)\clean_images\cattle\malnad_gidda\malnad_gidda_0004.jpg,cattle,malnad_gidda,cattle_malnad_gidda
D:\B.Tech\CE-AI\Sem 7\MP\Datasets\archive (1)\clean_images\buffalo\bhadawari\bhadawari_0109.jpg,buffalo,bhadawari,buffalo_bhadawari
D:\B.Tech\CE-AI\Sem 7\MP\Datasets\archive (1)\clean_images\cattle\holstein-friesian\holstein-friesian_0435.jpg,cattle,holstein-friesian,cattle_holstein-friesian
D:\B.Tech\CE-AI\Sem 7\MP\Datasets\archive (1)\clean_images\buffalo\toda\toda_0115.jpg,buffalo,toda,buffalo_toda
D:\B.Tech\CE-AI\Sem 7\MP\Datasets\archive (1)\clean_images\cattle\guernsey\guernsey_0178.jpg,cattle,guernsey,cattle_guernsey
D:\B.Tech\CE-AI\Sem 7\MP\Datasets\archive (1)\clean_images\cattle\krishna_valley\krishna_valley_0081.jpg,cattle,krishna_valley,cattle_krishna_valley
D:\B.Tech\CE-AI\Sem 7\MP\Datasets\archive (1)\clean_images\cattle\brown_swiss\brown_swiss_0389.jpg,cattle,brown_swiss,cattle_brown_swiss
D:\B.Tech\CE-AI\Sem 7\MP\Datasets\archive (1)\clean_images\cattle\dangi\dangi_0054.jpg,cattle,dangi,cattle_dangi
D:\B.Tech\CE-AI\Sem 7\MP\Datasets\archive (1)\clean_images\cattle\hallikar\hallikar_0176.jpg,cattle,hallikar,cattle_hallikar
D:\B.Tech\CE-AI\Sem 7\MP\Datasets\archive (1)\clean_images\cattle\ayrshire\ayrshire_0061.jpg,cattle,ayrshire,cattle_ayrshire
D:\B.Tech\CE-AI\Sem 7\MP\Datasets\archive (1)\clean_images\cattle\kankrej\kankrej_0091.jpg,cattle,kankrej,cattle_kankrej
D:\B.Tech\CE-AI\Sem 7\MP\Datasets\archive (1)\clean_images\cattle\holstein-friesian\holstein-friesian_0561.jpg,cattle,holstein-friesian,cattle_holstein-friesian
D:\B.Tech\CE-AI\Sem 7\MP\Datasets\archive (1)\clean_images\buffalo\bhadawari\bhadawari_0174.jpg,buffalo,bhadawari,buffalo_bhadawari
D:\B.Tech\CE-AI\Sem 7\MP\Datasets\archive (1)\clean_images\cattle\dangi\dangi_0012.jpg,cattle,dangi,cattle_dangi
D:\B.Tech\CE-AI\Sem 7\MP\Datasets\archive (1)\clean_images\cattle\holstein-friesian\holstein-friesian_0401.jpg,cattle,holstein-friesian,cattle_holstein-friesian
D:\B.Tech\CE-AI\Sem 7\MP\Datasets\archive (1)\clean_images\cattle\pulikulam\pulikulam_0025.jpg,cattle,pulikulam,cattle_pulikulam
D:\B.Tech\CE-AI\Sem 7\MP\Datasets\archive (1)\clean_images\cattle\jersey\jersey_0116.jpg,cattle,jersey,cattle_jersey
D:\B.Tech\CE-AI\Sem 7\MP\Datasets\archive (1)\clean_images\cattle\ongole\ongole_0123.jpg,cattle,ongole,cattle_ongole
D:\B.Tech\CE-AI\Sem 7\MP\Datasets\archive (1)\clean_images\cattle\sahiwal\sahiwal_0083.png,cattle,sahiwal,cattle_sahiwal
D:\B.Tech\CE-AI\Sem 7\MP\Datasets\archive (1)\clean_images\cattle\ayrshire\ayrshire_0624.jpg,cattle,ayrshire,cattle_ayrshire
D:\B.Tech\CE-AI\Sem 7\MP\Datasets\archive (1)\clean_images\cattle\khillar\khillar_0048.jpg,cattle,khillar,cattle_khillar
D:\B.Tech\CE-AI\Sem 7\MP\Datasets\archive (1)\clean_images\cattle\vechur\vechur_0072.jpg,cattle,vechur,cattle_vechur
D:\B.Tech\CE-AI\Sem 7\MP\Datasets\archive (1)\clean_images\cattle\hallikar\hallikar_0158.jpg,cattle,hallikar,cattle_hallikar
D:\B.Tech\CE-AI\Sem 7\MP\Datasets\archive (1)\clean_images\cattle\nimari\nimari_0047.jpg,cattle,nimari,cattle_nimari
D:\B.Tech\CE-AI\Sem 7\MP\Datasets\archive (1)\clean_images\buffalo\bhadawari\bhadawari_0188.jpg,buffalo,bhadawari,buffalo_bhadawari
D:\B.Tech\CE-AI\Sem 7\MP\Datasets\archive (1)\clean_images\cattle\tharparkar\tharparkar_0215.jpg,cattle,tharparkar,cattle_tharparkar
D:\B.Tech\CE-AI\Sem 7\MP\Datasets\archive (1)\clean_images\cattle\guernsey\guernsey_0079.jpg,cattle,guernsey,cattle_guernsey
D:\B.Tech\CE-AI\Sem 7\MP\Datasets\archive (1)\clean_images\cattle\guernsey\guernsey_0201.jpg,cattle,guernsey,cattle_guernsey
D:\B.Tech\CE-AI\Sem 7\MP\Datasets\archive (1)\clean_images\buffalo\murrah\murrah_0137.jpg,buffalo,murrah,buffalo_murrah
D:\B.Tech\CE-AI\Sem 7\MP\Datasets\archive (1)\clean_images\cattle\jersey\jersey_0016.jpg,cattle,jersey,cattle_jersey
D:\B.Tech\CE-AI\Sem 7\MP\Datasets\archive (1)\clean_images\cattle\jersey\jersey_0022.jpg,cattle,jersey,cattle_jersey
D:\B.Tech\CE-AI\Sem 7\MP\Datasets\archive (1)\clean_images\cattle\gir\gir_0096.jpg,cattle,gir,cattle_gir
D:\B.Tech\CE-AI\Sem 7\MP\Datasets\archive (1)\clean_images\cattle\bargur\bargur_0003.jpg,cattle,bargur,cattle_bargur
D:\B.Tech\CE-AI\Sem 7\MP\Datasets\archive (1)\clean_images\cattle\brown_swiss\brown_swiss_0145.jpg,cattle,brown_swiss,cattle_brown_swiss
D:\B.Tech\CE-AI\Sem 7\MP\Datasets\archive (1)\clean_images\cattle\ongole\ongole_0114.jpg,cattle,ongole,cattle_ongole
D:\B.Tech\CE-AI\Sem 7\MP\Datasets\archive (1)\clean_images\buffalo\murrah\murrah_0160.jpg,buffalo,murrah,buffalo_murrah
D:\B.Tech\CE-AI\Sem 7\MP\Datasets\archive (1)\clean_images\cattle\kenkatha\kenkatha_0063.jpg,cattle,kenkatha,cattle_kenkatha
D:\B.Tech\CE-AI\Sem 7\MP\Datasets\archive (1)\clean_images\cattle\sahiwal\sahiwal_0330.jpg,cattle,sahiwal,cattle_sahiwal
D:\B.Tech\CE-AI\Sem 7\MP\Datasets\archive (1)\clean_images\buffalo\alambadi\alambadi_0019.jpg,buffalo,alambadi,buffalo_alambadi
D:\B.Tech\CE-AI\Sem 7\MP\Datasets\archive (1)\clean_images\cattle\vechur\vechur_0132.png,cattle,vechur,cattle_vechur
D:\B.Tech\CE-AI\Sem 7\MP\Datasets\archive (1)\clean_images\cattle\kankrej\kankrej_0017.jpg,cattle,kankrej,cattle_kankrej
D:\B.Tech\CE-AI\Sem 7\MP\Datasets\archive (1)\clean_images\buffalo\surti\surti_0005.jpg,buffalo,surti,buffalo_surti
D:\B.Tech\CE-AI\Sem 7\MP\Datasets\archive (1)\clean_images\cattle\hariana\hariana_0134.jpg,cattle,hariana,cattle_hariana
D:\B.Tech\CE-AI\Sem 7\MP\Datasets\archive (1)\clean_images\cattle\amritmahal\amritmahal_0080.jpg,cattle,amritmahal,cattle_amritmahal
D:\B.Tech\CE-AI\Sem 7\MP\Datasets\archive (1)\clean_images\cattle\brown_swiss\brown_swiss_0115.jpg,cattle,brown_swiss,cattle_brown_swiss
D:\B.Tech\CE-AI\Sem 7\MP\Datasets\archive (1)\clean_images\cattle\rathi\rathi_0130.png,cattle,rathi,cattle_rathi
D:\B.Tech\CE-AI\Sem 7\MP\Datasets\archive (1)\clean_images\buffalo\bhadawari\bhadawari_0142.jpg,buffalo,bhadawari,buffalo_bhadawari
D:\B.Tech\CE-AI\Sem 7\MP\Datasets\archive (1)\clean_images\cattle\gir\gir_0600.jpg,cattle,gir,cattle_gir
D:\B.Tech\CE-AI\Sem 7\MP\Datasets\archive (1)\clean_images\cattle\tharparkar\tharparkar_0033.jpg,cattle,tharparkar,cattle_tharparkar
D:\B.Tech\CE-AI\Sem 7\MP\Datasets\archive (1)\clean_images\cattle\holstein-friesian\holstein-friesian_0220.jpg,cattle,holstein-friesian,cattle_holstein-friesian
D:\B.Tech\CE-AI\Sem 7\MP\Datasets\archive (1)\clean_images\cattle\kangayam\kangayam_0038.jpg,cattle,kangayam,cattle_kangayam
D:\B.Tech\CE-AI\Sem 7\MP\Datasets\archive (1)\clean_images\buffalo\bargur\bargur_0114.jpg,buffalo,bargur,buffalo_bargur
D:\B.Tech\CE-AI\Sem 7\MP\Datasets\archive (1)\clean_images\buffalo\nagpuri\nagpuri_0173.jpg,buffalo,nagpuri,buffalo_nagpuri
D:\B.Tech\CE-AI\Sem 7\MP\Datasets\archive (1)\clean_images\cattle\guernsey\guernsey_0174.jpg,cattle,guernsey,cattle_guernsey
D:\B.Tech\CE-AI\Sem 7\MP\Datasets\archive (1)\clean_images\cattle\gir\gir_0415.jpg,cattle,gir,cattle_gir
D:\B.Tech\CE-AI\Sem 7\MP\Datasets\archive (1)\clean_images\cattle\krishna_valley\krishna_valley_0133.jpg,cattle,krishna_valley,cattle_krishna_valley
D:\B.Tech\CE-AI\Sem 7\MP\Datasets\archive (1)\clean_images\buffalo\mehsana\mehsana_0068.jpg,buffalo,mehsana,buffalo_mehsana
D:\B.Tech\CE-AI\Sem 7\MP\Datasets\archive (1)\clean_images\cattle\jersey\jersey_0052.jpg,cattle,jersey,cattle_jersey
D:\B.Tech\CE-AI\Sem 7\MP\Datasets\archive (1)\clean_images\cattle\deoni\deoni_0089.jpg,cattle,deoni,cattle_deoni
D:\B.Tech\CE-AI\Sem 7\MP\Datasets\archive (1)\clean_images\cattle\ayrshire\ayrshire_0575.jpg,cattle,ayrshire,cattle_ayrshire
D:\B.Tech\CE-AI\Sem 7\MP\Datasets\archive (1)\clean_images\cattle\brown_swiss\brown_swiss_0244.jpg,cattle,brown_swiss,cattle_brown_swiss
D:\B.Tech\CE-AI\Sem 7\MP\Datasets\archive (1)\clean_images\cattle\kangayam\kangayam_0012.jpg,cattle,kangayam,cattle_kangayam
D:\B.Tech\CE-AI\Sem 7\MP\Datasets\archive (1)\clean_images\buffalo\mehsana\mehsana_0032.png,buffalo,mehsana,buffalo_mehsana
D:\B.Tech\CE-AI\Sem 7\MP\Datasets\archive (1)\clean_images\cattle\guernsey\guernsey_0012.jpg,cattle,guernsey,cattle_guernsey
D:\B.Tech\CE-AI\Sem 7\MP\Datasets\archive (1)\clean_images\cattle\kankrej\kankrej_0005.jpg,cattle,kankrej,cattle_kankrej
D:\B.Tech\CE-AI\Sem 7\MP\Datasets\archive (1)\clean_images\cattle\jersey\jersey_0056.jpg,cattle,jersey,cattle_jersey
D:\B.Tech\CE-AI\Sem 7\MP\Datasets\archive (1)\clean_images\cattle\hallikar\hallikar_0263.png,cattle,hallikar,cattle_hallikar
D:\B.Tech\CE-AI\Sem 7\MP\Datasets\archive (1)\clean_images\buffalo\nagpuri\nagpuri_0153.jpg,buffalo,nagpuri,buffalo_nagpuri
D:\B.Tech\CE-AI\Sem 7\MP\Datasets\archive (1)\clean_images\cattle\ayrshire\ayrshire_0576.jpg,cattle,ayrshire,cattle_ayrshire
D:\B.Tech\CE-AI\Sem 7\MP\Datasets\archive (1)\clean_images\cattle\holstein-friesian\holstein-friesian_0114.jpg,cattle,holstein-friesian,cattle_holstein-friesian
D:\B.Tech\CE-AI\Sem 7\MP\Datasets\archive (1)\clean_images\cattle\gir\gir_0588.jpg,cattle,gir,cattle_gir
D:\B.Tech\CE-AI\Sem 7\MP\Datasets\archive (1)\clean_images\cattle\kangayam\kangayam_0040.jpg,cattle,kangayam,cattle_kangayam
D:\B.Tech\CE-AI\Sem 7\MP\Datasets\archive (1)\clean_images\cattle\jersey\jersey_0007.jpg,cattle,jersey,cattle_jersey
D:\B.Tech\CE-AI\Sem 7\MP\Datasets\archive (1)\clean_images\cattle\ayrshire\ayrshire_0045.jpg,cattle,ayrshire,cattle_ayrshire
D:\B.Tech\CE-AI\Sem 7\MP\Datasets\archive (1)\clean_images\cattle\malnad_gidda\malnad_gidda_0083.png,cattle,malnad_gidda,cattle_malnad_gidda
D:\B.Tech\CE-AI\Sem 7\MP\Datasets\archive (1)\clean_images\buffalo\bargur\bargur_0014.jpg,buffalo,bargur,buffalo_bargur
D:\B.Tech\CE-AI\Sem 7\MP\Datasets\archive (1)\clean_images\cattle\sahiwal\sahiwal_0393.jpg,cattle,sahiwal,cattle_sahiwal
D:\B.Tech\CE-AI\Sem 7\MP\Datasets\archive (1)\clean_images\cattle\hallikar\hallikar_0296.jpg,cattle,hallikar,cattle_hallikar
D:\B.Tech\CE-AI\Sem 7\MP\Datasets\archive (1)\clean_images\cattle\krishna_valley\krishna_valley_0120.jpg,cattle,krishna_valley,cattle_krishna_valley
D:\B.Tech\CE-AI\Sem 7\MP\Datasets\archive (1)\clean_images\cattle\kenkatha\kenkatha_0055.jpg,cattle,kenkatha,cattle_kenkatha
D:\B.Tech\CE-AI\Sem 7\MP\Datasets\archive (1)\clean_images\cattle\sahiwal\sahiwal_0112.jpg,cattle,sahiwal,cattle_sahiwal
D:\B.Tech\CE-AI\Sem 7\MP\Datasets\archive (1)\clean_images\cattle\gir\gir_0551.jpg,cattle,gir,cattle_gir
D:\B.Tech\CE-AI\Sem 7\MP\Datasets\archive (1)\clean_images\buffalo\nili_ravi\nili_ravi_0026.jpg,buffalo,nili_ravi,buffalo_nili_ravi
D:\B.Tech\CE-AI\Sem 7\MP\Datasets\archive (1)\clean_images\cattle\red_dane\red_dane_0039.jpg,cattle,red_dane,cattle_red_dane
D:\B.Tech\CE-AI\Sem 7\MP\Datasets\archive (1)\clean_images\cattle\brown_swiss\brown_swiss_0034.jpg,cattle,brown_swiss,cattle_brown_swiss
D:\B.Tech\CE-AI\Sem 7\MP\Datasets\archive (1)\clean_images\cattle\dangi\dangi_0097.png,cattle,dangi,cattle_dangi
D:\B.Tech\CE-AI\Sem 7\MP\Datasets\archive (1)\clean_images\cattle\ayrshire\ayrshire_0164.jpg,cattle,ayrshire,cattle_ayrshire
D:\B.Tech\CE-AI\Sem 7\MP\Datasets\archive (1)\clean_images\cattle\ongole\ongole_0047.jpg,cattle,ongole,cattle_ongole
D:\B.Tech\CE-AI\Sem 7\MP\Datasets\archive (1)\clean_images\cattle\red_dane\red_dane_0007.jpg,cattle,red_dane,cattle_red_dane
D:\B.Tech\CE-AI\Sem 7\MP\Datasets\archive (1)\clean_images\cattle\dangi\dangi_0071.jpg,cattle,dangi,cattle_dangi
D:\B.Tech\CE-AI\Sem 7\MP\Datasets\archive (1)\clean_images\cattle\ayrshire\ayrshire_0685.jpg,cattle,ayrshire,cattle_ayrshire
D:\B.Tech\CE-AI\Sem 7\MP\Datasets\archive (1)\clean_images\cattle\krishna_valley\krishna_valley_0019.jpg,cattle,krishna_valley,cattle_krishna_valley
D:\B.Tech\CE-AI\Sem 7\MP\Datasets\archive (1)\clean_images\cattle\red_dane\red_dane_0090.jpg,cattle,red_dane,cattle_red_dane
D:\B.Tech\CE-AI\Sem 7\MP\Datasets\archive (1)\clean_images\cattle\rathi\rathi_0061.jpg,cattle,rathi,cattle_rathi
D:\B.Tech\CE-AI\Sem 7\MP\Datasets\archive (1)\clean_images\cattle\gir\gir_0191.jpg,cattle,gir,cattle_gir
D:\B.Tech\CE-AI\Sem 7\MP\Datasets\archive (1)\clean_images\cattle\brown_swiss\brown_swiss_0459.jpg,cattle,brown_swiss,cattle_brown_swiss
D:\B.Tech\CE-AI\Sem 7\MP\Datasets\archive (1)\clean_images\cattle\holstein-friesian\holstein-friesian_0312.jpg,cattle,holstein-friesian,cattle_holstein-friesian
D:\B.Tech\CE-AI\Sem 7\MP\Datasets\archive (1)\clean_images\buffalo\nagpuri\nagpuri_0178.jpeg,buffalo,nagpuri,buffalo_nagpuri
D:\B.Tech\CE-AI\Sem 7\MP\Datasets\archive (1)\clean_images\cattle\ongole\ongole_0070.jpg,cattle,ongole,cattle_ongole
D:\B.Tech\CE-AI\Sem 7\MP\Datasets\archive (1)\clean_images\cattle\kherigarh\kherigarh_0013.jpg,cattle,kherigarh,cattle_kherigarh
D:\B.Tech\CE-AI\Sem 7\MP\Datasets\archive (1)\clean_images\cattle\malnad_gidda\malnad_gidda_0093.png,cattle,malnad_gidda,cattle_malnad_gidda
D:\B.Tech\CE-AI\Sem 7\MP\Datasets\archive (1)\clean_images\cattle\gir\gir_0446.jpg,cattle,gir,cattle_gir
D:\B.Tech\CE-AI\Sem 7\MP\Datasets\archive (1)\clean_images\cattle\deoni\deoni_0209.jpg,cattle,deoni,cattle_deoni
D:\B.Tech\CE-AI\Sem 7\MP\Datasets\archive (1)\clean_images\cattle\umblachery\umblachery_0023.png,cattle,umblachery,cattle_umblachery
D:\B.Tech\CE-AI\Sem 7\MP\Datasets\archive (1)\clean_images\cattle\kangayam\kangayam_0009.jpg,cattle,kangayam,cattle_kangayam
D:\B.Tech\CE-AI\Sem 7\MP\Datasets\archive (1)\clean_images\buffalo\bhadawari\bhadawari_0132.jpg,buffalo,bhadawari,buffalo_bhadawari
D:\B.Tech\CE-AI\Sem 7\MP\Datasets\archive (1)\clean_images\cattle\krishna_valley\krishna_valley_0072.jpg,cattle,krishna_valley,cattle_krishna_valley
D:\B.Tech\CE-AI\Sem 7\MP\Datasets\archive (1)\clean_images\cattle\pulikulam\pulikulam_0122.jpg,cattle,pulikulam,cattle_pulikulam
D:\B.Tech\CE-AI\Sem 7\MP\Datasets\archive (1)\clean_images\cattle\kankrej\kankrej_0148.png,cattle,kankrej,cattle_kankrej
D:\B.Tech\CE-AI\Sem 7\MP\Datasets\archive (1)\clean_images\cattle\sahiwal\sahiwal_0110.jpg,cattle,sahiwal,cattle_sahiwal
D:\B.Tech\CE-AI\Sem 7\MP\Datasets\archive (1)\clean_images\cattle\nagori\nagori_0052.jpg,cattle,nagori,cattle_nagori
D:\B.Tech\CE-AI\Sem 7\MP\Datasets\archive (1)\clean_images\cattle\jersey\jersey_0166.jpg,cattle,jersey,cattle_jersey
D:\B.Tech\CE-AI\Sem 7\MP\Datasets\archive (1)\clean_images\cattle\tharparkar\tharparkar_0103.jpg,cattle,tharparkar,cattle_tharparkar
D:\B.Tech\CE-AI\Sem 7\MP\Datasets\archive (1)\clean_images\cattle\gir\gir_0334.jpg,cattle,gir,cattle_gir
D:\B.Tech\CE-AI\Sem 7\MP\Datasets\archive (1)\clean_images\cattle\ayrshire\ayrshire_0658.jpg,cattle,ayrshire,cattle_ayrshire
D:\B.Tech\CE-AI\Sem 7\MP\Datasets\archive (1)\clean_images\cattle\holstein-friesian\holstein-friesian_0046.jpg,cattle,holstein-friesian,cattle_holstein-friesian
D:\B.Tech\CE-AI\Sem 7\MP\Datasets\archive (1)\clean_images\cattle\krishna_valley\krishna_valley_0004.jpg,cattle,krishna_valley,cattle_krishna_valley
D:\B.Tech\CE-AI\Sem 7\MP\Datasets\archive (1)\clean_images\cattle\gir\gir_0532.jpg,cattle,gir,cattle_gir
D:\B.Tech\CE-AI\Sem 7\MP\Datasets\archive (1)\clean_images\cattle\sahiwal\sahiwal_0367.jpg,cattle,sahiwal,cattle_sahiwal
D:\B.Tech\CE-AI\Sem 7\MP\Datasets\archive (1)\clean_images\cattle\gir\gir_0172.jpg,cattle,gir,cattle_gir
D:\B.Tech\CE-AI\Sem 7\MP\Datasets\archive (1)\clean_images\cattle\ongole\ongole_0044.jpg,cattle,ongole,cattle_ongole
D:\B.Tech\CE-AI\Sem 7\MP\Datasets\archive (1)\clean_images\buffalo\toda\toda_0076.jpg,buffalo,toda,buffalo_toda
D:\B.Tech\CE-AI\Sem 7\MP\Datasets\archive (1)\clean_images\cattle\nimari\nimari_0072.png,cattle,nimari,cattle_nimari
D:\B.Tech\CE-AI\Sem 7\MP\Datasets\archive (1)\clean_images\cattle\ayrshire\ayrshire_0574.jpg,cattle,ayrshire,cattle_ayrshire
D:\B.Tech\CE-AI\Sem 7\MP\Datasets\archive (1)\clean_images\buffalo\nagpuri\nagpuri_0059.jpg,buffalo,nagpuri,buffalo_nagpuri
D:\B.Tech\CE-AI\Sem 7\MP\Datasets\archive (1)\clean_images\cattle\holstein-friesian\holstein-friesian_0476.jpg,cattle,holstein-friesian,cattle_holstein-friesian
D:\B.Tech\CE-AI\Sem 7\MP\Datasets\archive (1)\clean_images\cattle\kankrej\kankrej_0071.png,cattle,kankrej,cattle_kankrej
D:\B.Tech\CE-AI\Sem 7\MP\Datasets\archive (1)\clean_images\buffalo\jaffarabadi\jaffarabadi_0048.png,buffalo,jaffarabadi,buffalo_jaffarabadi
D:\B.Tech\CE-AI\Sem 7\MP\Datasets\archive (1)\clean_images\cattle\ongole\ongole_0060.png,cattle,ongole,cattle_ongole
D:\B.Tech\CE-AI\Sem 7\MP\Datasets\archive (1)\clean_images\cattle\hariana\hariana_0035.png,cattle,hariana,cattle_hariana
D:\B.Tech\CE-AI\Sem 7\MP\Datasets\archive (1)\clean_images\cattle\gir\gir_0200.jpg,cattle,gir,cattle_gir
D:\B.Tech\CE-AI\Sem 7\MP\Datasets\archive (1)\clean_images\cattle\red_dane\red_dane_0068.jpg,cattle,red_dane,cattle_red_dane
D:\B.Tech\CE-AI\Sem 7\MP\Datasets\archive (1)\clean_images\buffalo\banni\banni_0058.jpg,buffalo,banni,buffalo_banni
D:\B.Tech\CE-AI\Sem 7\MP\Datasets\archive (1)\clean_images\cattle\ongole\ongole_0180.png,cattle,ongole,cattle_ongole
D:\B.Tech\CE-AI\Sem 7\MP\Datasets\archive (1)\clean_images\cattle\ayrshire\ayrshire_0604.jpg,cattle,ayrshire,cattle_ayrshire
D:\B.Tech\CE-AI\Sem 7\MP\Datasets\archive (1)\clean_images\cattle\jersey\jersey_0088.jpg,cattle,jersey,cattle_jersey
D:\B.Tech\CE-AI\Sem 7\MP\Datasets\archive (1)\clean_images\buffalo\murrah\murrah_0171.jpeg,buffalo,murrah,buffalo_murrah
D:\B.Tech\CE-AI\Sem 7\MP\Datasets\archive (1)\clean_images\cattle\ayrshire\ayrshire_0389.jpg,cattle,ayrshire,cattle_ayrshire
D:\B.Tech\CE-AI\Sem 7\MP\Datasets\archive (1)\clean_images\buffalo\bhadawari\bhadawari_0050.jpg,buffalo,bhadawari,buffalo_bhadawari
D:\B.Tech\CE-AI\Sem 7\MP\Datasets\archive (1)\clean_images\cattle\vechur\vechur_0066.jpg,cattle,vechur,cattle_vechur
D:\B.Tech\CE-AI\Sem 7\MP\Datasets\archive (1)\clean_images\cattle\malnad_gidda\malnad_gidda_0061.png,cattle,malnad_gidda,cattle_malnad_gidda
D:\B.Tech\CE-AI\Sem 7\MP\Datasets\archive (1)\clean_images\buffalo\banni\banni_0066.jpg,buffalo,banni,buffalo_banni
D:\B.Tech\CE-AI\Sem 7\MP\Datasets\archive (1)\clean_images\cattle\ongole\ongole_0124.png,cattle,ongole,cattle_ongole
D:\B.Tech\CE-AI\Sem 7\MP\Datasets\archive (1)\clean_images\cattle\guernsey\guernsey_0055.jpg,cattle,guernsey,cattle_guernsey
D:\B.Tech\CE-AI\Sem 7\MP\Datasets\archive (1)\clean_images\cattle\umblachery\umblachery_0082.png,cattle,umblachery,cattle_umblachery
D:\B.Tech\CE-AI\Sem 7\MP\Datasets\archive (1)\clean_images\cattle\gir\gir_0203.jpg,cattle,gir,cattle_gir
D:\B.Tech\CE-AI\Sem 7\MP\Datasets\archive (1)\clean_images\buffalo\surti\surti_0037.jpg,buffalo,surti,buffalo_surti
D:\B.Tech\CE-AI\Sem 7\MP\Datasets\archive (1)\clean_images\cattle\brown_swiss\brown_swiss_0424.jpg,cattle,brown_swiss,cattle_brown_swiss
D:\B.Tech\CE-AI\Sem 7\MP\Datasets\archive (1)\clean_images\buffalo\toda\toda_0006.jpg,buffalo,toda,buffalo_toda
D:\B.Tech\CE-AI\Sem 7\MP\Datasets\archive (1)\clean_images\buffalo\mehsana\mehsana_0048.png,buffalo,mehsana,buffalo_mehsana
D:\B.Tech\CE-AI\Sem 7\MP\Datasets\archive (1)\clean_images\cattle\brown_swiss\brown_swiss_0309.jpg,cattle,brown_swiss,cattle_brown_swiss
D:\B.Tech\CE-AI\Sem 7\MP\Datasets\archive (1)\clean_images\buffalo\toda\toda_0108.jpg,buffalo,toda,buffalo_toda
D:\B.Tech\CE-AI\Sem 7\MP\Datasets\archive (1)\clean_images\cattle\sahiwal\sahiwal_0324.png,cattle,sahiwal,cattle_sahiwal
D:\B.Tech\CE-AI\Sem 7\MP\Datasets\archive (1)\clean_images\cattle\brown_swiss\brown_swiss_0378.jpg,cattle,brown_swiss,cattle_brown_swiss
D:\B.Tech\CE-AI\Sem 7\MP\Datasets\archive (1)\clean_images\cattle\pulikulam\pulikulam_0034.jpg,cattle,pulikulam,cattle_pulikulam
D:\B.Tech\CE-AI\Sem 7\MP\Datasets\archive (1)\clean_images\buffalo\jaffarabadi\jaffarabadi_0034.png,buffalo,jaffarabadi,buffalo_jaffarabadi
D:\B.Tech\CE-AI\Sem 7\MP\Datasets\archive (1)\clean_images\cattle\gir\gir_0063.jpg,cattle,gir,cattle_gir
D:\B.Tech\CE-AI\Sem 7\MP\Datasets\archive (1)\clean_images\cattle\red_dane\red_dane_0024.jpg,cattle,red_dane,cattle_red_dane
D:\B.Tech\CE-AI\Sem 7\MP\Datasets\archive (1)\clean_images\cattle\brown_swiss\brown_swiss_0087.jpg,cattle,brown_swiss,cattle_brown_swiss
D:\B.Tech\CE-AI\Sem 7\MP\Datasets\archive (1)\clean_images\cattle\ongole\ongole_0133.png,cattle,ongole,cattle_ongole
D:\B.Tech\CE-AI\Sem 7\MP\Datasets\archive (1)\clean_images\buffalo\mehsana\mehsana_0073.jpg,buffalo,mehsana,buffalo_mehsana
D:\B.Tech\CE-AI\Sem 7\MP\Datasets\archive (1)\clean_images\buffalo\nagpuri\nagpuri_0053.jpg,buffalo,nagpuri,buffalo_nagpuri
D:\B.Tech\CE-AI\Sem 7\MP\Datasets\archive (1)\clean_images\cattle\ayrshire\ayrshire_0469.jpg,cattle,ayrshire,cattle_ayrshire
D:\B.Tech\CE-AI\Sem 7\MP\Datasets\archive (1)\clean_images\buffalo\alambadi\alambadi_0016.jpg,buffalo,alambadi,buffalo_alambadi
D:\B.Tech\CE-AI\Sem 7\MP\Datasets\archive (1)\clean_images\cattle\krishna_valley\krishna_valley_0031.jpg,cattle,krishna_valley,cattle_krishna_valley
D:\B.Tech\CE-AI\Sem 7\MP\Datasets\archive (1)\clean_images\cattle\brown_swiss\brown_swiss_0321.jpg,cattle,brown_swiss,cattle_brown_swiss
D:\B.Tech\CE-AI\Sem 7\MP\Datasets\archive (1)\clean_images\cattle\holstein-friesian\holstein-friesian_0356.jpg,cattle,holstein-friesian,cattle_holstein-friesian
D:\B.Tech\CE-AI\Sem 7\MP\Datasets\archive (1)\clean_images\cattle\gir\gir_0649.png,cattle,gir,cattle_gir
D:\B.Tech\CE-AI\Sem 7\MP\Datasets\archive (1)\clean_images\buffalo\nagpuri\nagpuri_0072.jpg,buffalo,nagpuri,buffalo_nagpuri
D:\B.Tech\CE-AI\Sem 7\MP\Datasets\archive (1)\clean_images\cattle\holstein-friesian\holstein-friesian_0081.jpg,cattle,holstein-friesian,cattle_holstein-friesian
D:\B.Tech\CE-AI\Sem 7\MP\Datasets\archive (1)\clean_images\buffalo\alambadi\alambadi_0030.jpg,buffalo,alambadi,buffalo_alambadi
D:\B.Tech\CE-AI\Sem 7\MP\Datasets\archive (1)\clean_images\cattle\kherigarh\kherigarh_0039.png,cattle,kherigarh,cattle_kherigarh
D:\B.Tech\CE-AI\Sem 7\MP\Datasets\archive (1)\clean_images\cattle\red_dane\red_dane_0158.jpg,cattle,red_dane,cattle_red_dane
D:\B.Tech\CE-AI\Sem 7\MP\Datasets\archive (1)\clean_images\cattle\bargur\bargur_0013.png,cattle,bargur,cattle_bargur
D:\B.Tech\CE-AI\Sem 7\MP\Datasets\archive (1)\clean_images\cattle\guernsey\guernsey_0016.jpg,cattle,guernsey,cattle_guernsey
D:\B.Tech\CE-AI\Sem 7\MP\Datasets\archive (1)\clean_images\cattle\krishna_valley\krishna_valley_0039.jpg,cattle,krishna_valley,cattle_krishna_valley
D:\B.Tech\CE-AI\Sem 7\MP\Datasets\archive (1)\clean_images\cattle\brown_swiss\brown_swiss_0173.jpg,cattle,brown_swiss,cattle_brown_swiss
D:\B.Tech\CE-AI\Sem 7\MP\Datasets\archive (1)\clean_images\buffalo\murrah\murrah_0110.jpg,buffalo,murrah,buffalo_murrah
D:\B.Tech\CE-AI\Sem 7\MP\Datasets\archive (1)\clean_images\cattle\ongole\ongole_0147.jpg,cattle,ongole,cattle_ongole
D:\B.Tech\CE-AI\Sem 7\MP\Datasets\archive (1)\clean_images\cattle\tharparkar\tharparkar_0039.jpg,cattle,tharparkar,cattle_tharparkar
D:\B.Tech\CE-AI\Sem 7\MP\Datasets\archive (1)\clean_images\buffalo\toda\toda_0002.jpg,buffalo,toda,buffalo_toda
D:\B.Tech\CE-AI\Sem 7\MP\Datasets\archive (1)\clean_images\buffalo\toda\toda_0013.jpg,buffalo,toda,buffalo_toda
D:\B.Tech\CE-AI\Sem 7\MP\Datasets\archive (1)\clean_images\cattle\red_dane\red_dane_0069.jpg,cattle,red_dane,cattle_red_dane
D:\B.Tech\CE-AI\Sem 7\MP\Datasets\archive (1)\clean_images\cattle\gir\gir_0758.jpg,cattle,gir,cattle_gir
D:\B.Tech\CE-AI\Sem 7\MP\Datasets\archive (1)\clean_images\cattle\deoni\deoni_0162.jpg,cattle,deoni,cattle_deoni
D:\B.Tech\CE-AI\Sem 7\MP\Datasets\archive (1)\clean_images\cattle\hallikar\hallikar_0089.jpg,cattle,hallikar,cattle_hallikar
D:\B.Tech\CE-AI\Sem 7\MP\Datasets\archive (1)\clean_images\cattle\ayrshire\ayrshire_0079.jpg,cattle,ayrshire,cattle_ayrshire
D:\B.Tech\CE-AI\Sem 7\MP\Datasets\archive (1)\clean_images\cattle\sahiwal\sahiwal_0215.jpg,cattle,sahiwal,cattle_sahiwal
D:\B.Tech\CE-AI\Sem 7\MP\Datasets\archive (1)\clean_images\buffalo\toda\toda_0018.jpg,buffalo,toda,buffalo_toda
D:\B.Tech\CE-AI\Sem 7\MP\Datasets\archive (1)\clean_images\cattle\gir\gir_0220.jpg,cattle,gir,cattle_gir
D:\B.Tech\CE-AI\Sem 7\MP\Datasets\archive (1)\clean_images\cattle\tharparkar\tharparkar_0004.jpg,cattle,tharparkar,cattle_tharparkar
D:\B.Tech\CE-AI\Sem 7\MP\Datasets\archive (1)\clean_images\buffalo\alambadi\alambadi_0195.png,buffalo,alambadi,buffalo_alambadi
D:\B.Tech\CE-AI\Sem 7\MP\Datasets\archive (1)\clean_images\cattle\hariana\hariana_0039.jpg,cattle,hariana,cattle_hariana
D:\B.Tech\CE-AI\Sem 7\MP\Datasets\archive (1)\clean_images\cattle\gir\gir_0081.jpg,cattle,gir,cattle_gir
D:\B.Tech\CE-AI\Sem 7\MP\Datasets\archive (1)\clean_images\cattle\brown_swiss\brown_swiss_0452.jpg,cattle,brown_swiss,cattle_brown_swiss
D:\B.Tech\CE-AI\Sem 7\MP\Datasets\archive (1)\clean_images\buffalo\nagpuri\nagpuri_0007.jpg,buffalo,nagpuri,buffalo_nagpuri
D:\B.Tech\CE-AI\Sem 7\MP\Datasets\archive (1)\clean_images\cattle\kenkatha\kenkatha_0047.jpg,cattle,kenkatha,cattle_kenkatha
D:\B.Tech\CE-AI\Sem 7\MP\Datasets\archive (1)\clean_images\cattle\deoni\deoni_0208.png,cattle,deoni,cattle_deoni
D:\B.Tech\CE-AI\Sem 7\MP\Datasets\archive (1)\clean_images\cattle\kherigarh\kherigarh_0034.jpg,cattle,kherigarh,cattle_kherigarh
D:\B.Tech\CE-AI\Sem 7\MP\Datasets\archive (1)\clean_images\cattle\tharparkar\tharparkar_0210.jpg,cattle,tharparkar,cattle_tharparkar
D:\B.Tech\CE-AI\Sem 7\MP\Datasets\archive (1)\clean_images\cattle\holstein-friesian\holstein-friesian_0285.jpg,cattle,holstein-friesian,cattle_holstein-friesian
D:\B.Tech\CE-AI\Sem 7\MP\Datasets\archive (1)\clean_images\buffalo\jaffarabadi\jaffarabadi_0025.png,buffalo,jaffarabadi,buffalo_jaffarabadi
D:\B.Tech\CE-AI\Sem 7\MP\Datasets\archive (1)\clean_images\cattle\jersey\jersey_0111.jpg,cattle,jersey,cattle_jersey
D:\B.Tech\CE-AI\Sem 7\MP\Datasets\archive (1)\clean_images\cattle\nagori\nagori_0077.png,cattle,nagori,cattle_nagori
D:\B.Tech\CE-AI\Sem 7\MP\Datasets\archive (1)\clean_images\cattle\holstein-friesian\holstein-friesian_0534.jpg,cattle,holstein-friesian,cattle_holstein-friesian
D:\B.Tech\CE-AI\Sem 7\MP\Datasets\archive (1)\clean_images\buffalo\banni\banni_0062.jpg,buffalo,banni,buffalo_banni
D:\B.Tech\CE-AI\Sem 7\MP\Datasets\archive (1)\clean_images\cattle\ayrshire\ayrshire_0499.jpg,cattle,ayrshire,cattle_ayrshire
D:\B.Tech\CE-AI\Sem 7\MP\Datasets\archive (1)\clean_images\cattle\gir\gir_0521.jpg,cattle,gir,cattle_gir
D:\B.Tech\CE-AI\Sem 7\MP\Datasets\archive (1)\clean_images\cattle\ayrshire\ayrshire_0091.jpg,cattle,ayrshire,cattle_ayrshire
D:\B.Tech\CE-AI\Sem 7\MP\Datasets\archive (1)\clean_images\buffalo\nagpuri\nagpuri_0081.png,buffalo,nagpuri,buffalo_nagpuri
D:\B.Tech\CE-AI\Sem 7\MP\Datasets\archive (1)\clean_images\cattle\rathi\rathi_0024.jpg,cattle,rathi,cattle_rathi
D:\B.Tech\CE-AI\Sem 7\MP\Datasets\archive (1)\clean_images\cattle\deoni\deoni_0112.jpg,cattle,deoni,cattle_deoni
D:\B.Tech\CE-AI\Sem 7\MP\Datasets\archive (1)\clean_images\cattle\brown_swiss\brown_swiss_0290.jpg,cattle,brown_swiss,cattle_brown_swiss
D:\B.Tech\CE-AI\Sem 7\MP\Datasets\archive (1)\clean_images\cattle\malnad_gidda\malnad_gidda_0111.png,cattle,malnad_gidda,cattle_malnad_gidda
D:\B.Tech\CE-AI\Sem 7\MP\Datasets\archive (1)\clean_images\cattle\guernsey\guernsey_0188.jpg,cattle,guernsey,cattle_guernsey
D:\B.Tech\CE-AI\Sem 7\MP\Datasets\archive (1)\clean_images\cattle\holstein-friesian\holstein-friesian_0533.jpg,cattle,holstein-friesian,cattle_holstein-friesian
D:\B.Tech\CE-AI\Sem 7\MP\Datasets\archive (1)\clean_images\cattle\sahiwal\sahiwal_0076.jpg,cattle,sahiwal,cattle_sahiwal
D:\B.Tech\CE-AI\Sem 7\MP\Datasets\archive (1)\clean_images\cattle\gir\gir_0731.jpg,cattle,gir,cattle_gir
D:\B.Tech\CE-AI\Sem 7\MP\Datasets\archive (1)\clean_images\buffalo\bhadawari\bhadawari_0145.jpg,buffalo,bhadawari,buffalo_bhadawari
D:\B.Tech\CE-AI\Sem 7\MP\Datasets\archive (1)\clean_images\cattle\guernsey\guernsey_0067.jpg,cattle,guernsey,cattle_guernsey
D:\B.Tech\CE-AI\Sem 7\MP\Datasets\archive (1)\clean_images\cattle\brown_swiss\brown_swiss_0127.jpg,cattle,brown_swiss,cattle_brown_swiss
D:\B.Tech\CE-AI\Sem 7\MP\Datasets\archive (1)\clean_images\cattle\kherigarh\kherigarh_0022.jpg,cattle,kherigarh,cattle_kherigarh
D:\B.Tech\CE-AI\Sem 7\MP\Datasets\archive (1)\clean_images\buffalo\jaffarabadi\jaffarabadi_0095.jpg,buffalo,jaffarabadi,buffalo_jaffarabadi
D:\B.Tech\CE-AI\Sem 7\MP\Datasets\archive (1)\clean_images\cattle\tharparkar\tharparkar_0088.png,cattle,tharparkar,cattle_tharparkar
D:\B.Tech\CE-AI\Sem 7\MP\Datasets\archive (1)\clean_images\cattle\gir\gir_0598.jpeg,cattle,gir,cattle_gir
D:\B.Tech\CE-AI\Sem 7\MP\Datasets\archive (1)\clean_images\buffalo\alambadi\alambadi_0010.jpg,buffalo,alambadi,buffalo_alambadi
D:\B.Tech\CE-AI\Sem 7\MP\Datasets\archive (1)\clean_images\cattle\brown_swiss\brown_swiss_0250.jpg,cattle,brown_swiss,cattle_brown_swiss
D:\B.Tech\CE-AI\Sem 7\MP\Datasets\archive (1)\clean_images\cattle\ayrshire\ayrshire_0467.jpg,cattle,ayrshire,cattle_ayrshire
D:\B.Tech\CE-AI\Sem 7\MP\Datasets\archive (1)\clean_images\cattle\kankrej\kankrej_0129.png,cattle,kankrej,cattle_kankrej
D:\B.Tech\CE-AI\Sem 7\MP\Datasets\archive (1)\clean_images\cattle\ayrshire\ayrshire_0555.jpg,cattle,ayrshire,cattle_ayrshire
D:\B.Tech\CE-AI\Sem 7\MP\Datasets\archive (1)\clean_images\cattle\ongole\ongole_0092.jpg,cattle,ongole,cattle_ongole
D:\B.Tech\CE-AI\Sem 7\MP\Datasets\archive (1)\clean_images\cattle\krishna_valley\krishna_valley_0075.jpg,cattle,krishna_valley,cattle_krishna_valley
D:\B.Tech\CE-AI\Sem 7\MP\Datasets\archive (1)\clean_images\buffalo\nagpuri\nagpuri_0190.jpg,buffalo,nagpuri,buffalo_nagpuri
D:\B.Tech\CE-AI\Sem 7\MP\Datasets\archive (1)\clean_images\cattle\malnad_gidda\malnad_gidda_0094.png,cattle,malnad_gidda,cattle_malnad_gidda
D:\B.Tech\CE-AI\Sem 7\MP\Datasets\archive (1)\clean_images\cattle\kenkatha\kenkatha_0036.jpg,cattle,kenkatha,cattle_kenkatha
D:\B.Tech\CE-AI\Sem 7\MP\Datasets\archive (1)\clean_images\cattle\gir\gir_0452.jpg,cattle,gir,cattle_gir
D:\B.Tech\CE-AI\Sem 7\MP\Datasets\archive (1)\clean_images\cattle\gir\gir_0308.jpg,cattle,gir,cattle_gir
D:\B.Tech\CE-AI\Sem 7\MP\Datasets\archive (1)\clean_images\buffalo\banni\banni_0079.jpg,buffalo,banni,buffalo_banni
D:\B.Tech\CE-AI\Sem 7\MP\Datasets\archive (1)\clean_images\buffalo\nagpuri\nagpuri_0195.jpg,buffalo,nagpuri,buffalo_nagpuri
D:\B.Tech\CE-AI\Sem 7\MP\Datasets\archive (1)\clean_images\cattle\kenkatha\kenkatha_0058.jpg,cattle,kenkatha,cattle_kenkatha
D:\B.Tech\CE-AI\Sem 7\MP\Datasets\archive (1)\clean_images\cattle\ongole\ongole_0004.jpg,cattle,ongole,cattle_ongole
D:\B.Tech\CE-AI\Sem 7\MP\Datasets\archive (1)\clean_images\cattle\holstein-friesian\holstein-friesian_0310.jpg,cattle,holstein-friesian,cattle_holstein-friesian
D:\B.Tech\CE-AI\Sem 7\MP\Datasets\archive (1)\clean_images\cattle\kenkatha\kenkatha_0021.png,cattle,kenkatha,cattle_kenkatha
D:\B.Tech\CE-AI\Sem 7\MP\Datasets\archive (1)\clean_images\cattle\vechur\vechur_0062.jpg,cattle,vechur,cattle_vechur
D:\B.Tech\CE-AI\Sem 7\MP\Datasets\archive (1)\clean_images\buffalo\toda\toda_0114.jpg,buffalo,toda,buffalo_toda
D:\B.Tech\CE-AI\Sem 7\MP\Datasets\archive (1)\clean_images\cattle\kankrej\kankrej_0191.gif,cattle,kankrej,cattle_kankrej
D:\B.Tech\CE-AI\Sem 7\MP\Datasets\archive (1)\clean_images\cattle\vechur\vechur_0083.jpg,cattle,vechur,cattle_vechur
D:\B.Tech\CE-AI\Sem 7\MP\Datasets\archive (1)\clean_images\cattle\gir\gir_0567.jpg,cattle,gir,cattle_gir
D:\B.Tech\CE-AI\Sem 7\MP\Datasets\archive (1)\clean_images\cattle\ayrshire\ayrshire_0406.jpg,cattle,ayrshire,cattle_ayrshire
D:\B.Tech\CE-AI\Sem 7\MP\Datasets\archive (1)\clean_images\cattle\sahiwal\sahiwal_0291.png,cattle,sahiwal,cattle_sahiwal
D:\B.Tech\CE-AI\Sem 7\MP\Datasets\archive (1)\clean_images\cattle\ayrshire\ayrshire_0013.jpg,cattle,ayrshire,cattle_ayrshire
D:\B.Tech\CE-AI\Sem 7\MP\Datasets\archive (1)\clean_images\cattle\dangi\dangi_0087.png,cattle,dangi,cattle_dangi
D:\B.Tech\CE-AI\Sem 7\MP\Datasets\archive (1)\clean_images\buffalo\bhadawari\bhadawari_0040.jpg,buffalo,bhadawari,buffalo_bhadawari
D:\B.Tech\CE-AI\Sem 7\MP\Datasets\archive (1)\clean_images\buffalo\bargur\bargur_0026.jpg,buffalo,bargur,buffalo_bargur
D:\B.Tech\CE-AI\Sem 7\MP\Datasets\archive (1)\clean_images\cattle\malnad_gidda\malnad_gidda_0116.png,cattle,malnad_gidda,cattle_malnad_gidda
D:\B.Tech\CE-AI\Sem 7\MP\Datasets\archive (1)\clean_images\cattle\holstein-friesian\holstein-friesian_0104.jpg,cattle,holstein-friesian,cattle_holstein-friesian
D:\B.Tech\CE-AI\Sem 7\MP\Datasets\archive (1)\clean_images\cattle\ongole\ongole_0062.jpg,cattle,ongole,cattle_ongole
D:\B.Tech\CE-AI\Sem 7\MP\Datasets\archive (1)\clean_images\cattle\deoni\deoni_0109.jpg,cattle,deoni,cattle_deoni
D:\B.Tech\CE-AI\Sem 7\MP\Datasets\archive (1)\clean_images\cattle\dangi\dangi_0062.jpg,cattle,dangi,cattle_dangi
D:\B.Tech\CE-AI\Sem 7\MP\Datasets\archive (1)\clean_images\cattle\gir\gir_0755.jpg,cattle,gir,cattle_gir
D:\B.Tech\CE-AI\Sem 7\MP\Datasets\archive (1)\clean_images\cattle\sahiwal\sahiwal_0223.jpg,cattle,sahiwal,cattle_sahiwal
D:\B.Tech\CE-AI\Sem 7\MP\Datasets\archive (1)\clean_images\cattle\holstein-friesian\holstein-friesian_0159.jpg,cattle,holstein-friesian,cattle_holstein-friesian
D:\B.Tech\CE-AI\Sem 7\MP\Datasets\archive (1)\clean_images\cattle\khillar\khillar_0093.jpg,cattle,khillar,cattle_khillar
D:\B.Tech\CE-AI\Sem 7\MP\Datasets\archive (1)\clean_images\buffalo\bargur\bargur_0040.jpg,buffalo,bargur,buffalo_bargur
D:\B.Tech\CE-AI\Sem 7\MP\Datasets\archive (1)\clean_images\cattle\gir\gir_0468.png,cattle,gir,cattle_gir
D:\B.Tech\CE-AI\Sem 7\MP\Datasets\archive (1)\clean_images\buffalo\toda\toda_0106.jpg,buffalo,toda,buffalo_toda
D:\B.Tech\CE-AI\Sem 7\MP\Datasets\archive (1)\clean_images\cattle\holstein-friesian\holstein-friesian_0481.jpg,cattle,holstein-friesian,cattle_holstein-friesian
D:\B.Tech\CE-AI\Sem 7\MP\Datasets\archive (1)\clean_images\cattle\vechur\vechur_0065.jpg,cattle,vechur,cattle_vechur
D:\B.Tech\CE-AI\Sem 7\MP\Datasets\archive (1)\clean_images\cattle\holstein-friesian\holstein-friesian_0497.jpg,cattle,holstein-friesian,cattle_holstein-friesian
D:\B.Tech\CE-AI\Sem 7\MP\Datasets\archive (1)\clean_images\cattle\khillar\khillar_0019.jpg,cattle,khillar,cattle_khillar
D:\B.Tech\CE-AI\Sem 7\MP\Datasets\archive (1)\clean_images\cattle\krishna_valley\krishna_valley_0040.jpg,cattle,krishna_valley,cattle_krishna_valley
D:\B.Tech\CE-AI\Sem 7\MP\Datasets\archive (1)\clean_images\cattle\rathi\rathi_0095.jpg,cattle,rathi,cattle_rathi
D:\B.Tech\CE-AI\Sem 7\MP\Datasets\archive (1)\clean_images\cattle\ayrshire\ayrshire_0464.jpg,cattle,ayrshire,cattle_ayrshire
D:\B.Tech\CE-AI\Sem 7\MP\Datasets\archive (1)\clean_images\cattle\tharparkar\tharparkar_0181.jpg,cattle,tharparkar,cattle_tharparkar
D:\B.Tech\CE-AI\Sem 7\MP\Datasets\archive (1)\clean_images\cattle\guernsey\guernsey_0155.jpg,cattle,guernsey,cattle_guernsey
D:\B.Tech\CE-AI\Sem 7\MP\Datasets\archive (1)\clean_images\buffalo\mehsana\mehsana_0015.png,buffalo,mehsana,buffalo_mehsana
D:\B.Tech\CE-AI\Sem 7\MP\Datasets\archive (1)\clean_images\buffalo\jaffarabadi\jaffarabadi_0071.jpeg,buffalo,jaffarabadi,buffalo_jaffarabadi
D:\B.Tech\CE-AI\Sem 7\MP\Datasets\archive (1)\clean_images\cattle\brown_swiss\brown_swiss_0274.jpg,cattle,brown_swiss,cattle_brown_swiss
D:\B.Tech\CE-AI\Sem 7\MP\Datasets\archive (1)\clean_images\cattle\khillar\khillar_0098.jpg,cattle,khillar,cattle_khillar
D:\B.Tech\CE-AI\Sem 7\MP\Datasets\archive (1)\clean_images\cattle\hariana\hariana_0128.png,cattle,hariana,cattle_hariana
D:\B.Tech\CE-AI\Sem 7\MP\Datasets\archive (1)\clean_images\cattle\hallikar\hallikar_0154.jpg,cattle,hallikar,cattle_hallikar
D:\B.Tech\CE-AI\Sem 7\MP\Datasets\archive (1)\clean_images\cattle\sahiwal\sahiwal_0011.jpg,cattle,sahiwal,cattle_sahiwal
D:\B.Tech\CE-AI\Sem 7\MP\Datasets\archive (1)\clean_images\cattle\brown_swiss\brown_swiss_0247.jpg,cattle,brown_swiss,cattle_brown_swiss
D:\B.Tech\CE-AI\Sem 7\MP\Datasets\archive (1)\clean_images\cattle\gir\gir_0186.jpg,cattle,gir,cattle_gir
D:\B.Tech\CE-AI\Sem 7\MP\Datasets\archive (1)\clean_images\cattle\vechur\vechur_0148.png,cattle,vechur,cattle_vechur
D:\B.Tech\CE-AI\Sem 7\MP\Datasets\archive (1)\clean_images\cattle\ayrshire\ayrshire_0423.jpg,cattle,ayrshire,cattle_ayrshire
D:\B.Tech\CE-AI\Sem 7\MP\Datasets\archive (1)\clean_images\cattle\jersey\jersey_0185.jpg,cattle,jersey,cattle_jersey
D:\B.Tech\CE-AI\Sem 7\MP\Datasets\archive (1)\clean_images\cattle\ayrshire\ayrshire_0200.jpg,cattle,ayrshire,cattle_ayrshire
D:\B.Tech\CE-AI\Sem 7\MP\Datasets\archive (1)\clean_images\cattle\holstein-friesian\holstein-friesian_0372.jpg,cattle,holstein-friesian,cattle_holstein-friesian
D:\B.Tech\CE-AI\Sem 7\MP\Datasets\archive (1)\clean_images\cattle\kankrej\kankrej_0157.png,cattle,kankrej,cattle_kankrej
D:\B.Tech\CE-AI\Sem 7\MP\Datasets\archive (1)\clean_images\cattle\gir\gir_0445.jpg,cattle,gir,cattle_gir
D:\B.Tech\CE-AI\Sem 7\MP\Datasets\archive (1)\clean_images\cattle\ayrshire\ayrshire_0148.jpg,cattle,ayrshire,cattle_ayrshire
D:\B.Tech\CE-AI\Sem 7\MP\Datasets\archive (1)\clean_images\buffalo\surti\surti_0028.jpg,buffalo,surti,buffalo_surti
D:\B.Tech\CE-AI\Sem 7\MP\Datasets\archive (1)\clean_images\cattle\ayrshire\ayrshire_0560.jpg,cattle,ayrshire,cattle_ayrshire
D:\B.Tech\CE-AI\Sem 7\MP\Datasets\archive (1)\clean_images\cattle\amritmahal\amritmahal_0021.jpg,cattle,amritmahal,cattle_amritmahal
D:\B.Tech\CE-AI\Sem 7\MP\Datasets\archive (1)\clean_images\cattle\jersey\jersey_0012.jpg,cattle,jersey,cattle_jersey
D:\B.Tech\CE-AI\Sem 7\MP\Datasets\archive (1)\clean_images\cattle\gir\gir_0678.png,cattle,gir,cattle_gir
D:\B.Tech\CE-AI\Sem 7\MP\Datasets\archive (1)\clean_images\cattle\umblachery\umblachery_0038.jpg,cattle,umblachery,cattle_umblachery
D:\B.Tech\CE-AI\Sem 7\MP\Datasets\archive (1)\clean_images\cattle\tharparkar\tharparkar_0141.png,cattle,tharparkar,cattle_tharparkar
D:\B.Tech\CE-AI\Sem 7\MP\Datasets\archive (1)\clean_images\cattle\jersey\jersey_0178.jpg,cattle,jersey,cattle_jersey
D:\B.Tech\CE-AI\Sem 7\MP\Datasets\archive (1)\clean_images\cattle\amritmahal\amritmahal_0052.jpg,cattle,amritmahal,cattle_amritmahal
D:\B.Tech\CE-AI\Sem 7\MP\Datasets\archive (1)\clean_images\cattle\deoni\deoni_0143.jpg,cattle,deoni,cattle_deoni
D:\B.Tech\CE-AI\Sem 7\MP\Datasets\archive (1)\clean_images\cattle\rathi\rathi_0148.png,cattle,rathi,cattle_rathi
D:\B.Tech\CE-AI\Sem 7\MP\Datasets\archive (1)\clean_images\cattle\kankrej\kankrej_0001.jpg,cattle,kankrej,cattle_kankrej
D:\B.Tech\CE-AI\Sem 7\MP\Datasets\archive (1)\clean_images\cattle\brown_swiss\brown_swiss_0411.jpg,cattle,brown_swiss,cattle_brown_swiss
D:\B.Tech\CE-AI\Sem 7\MP\Datasets\archive (1)\clean_images\buffalo\surti\surti_0044.png,buffalo,surti,buffalo_surti
D:\B.Tech\CE-AI\Sem 7\MP\Datasets\archive (1)\clean_images\cattle\gir\gir_0639.jpg,cattle,gir,cattle_gir
D:\B.Tech\CE-AI\Sem 7\MP\Datasets\archive (1)\clean_images\cattle\gir\gir_0515.jpg,cattle,gir,cattle_gir
D:\B.Tech\CE-AI\Sem 7\MP\Datasets\archive (1)\clean_images\cattle\sahiwal\sahiwal_0228.jpg,cattle,sahiwal,cattle_sahiwal
D:\B.Tech\CE-AI\Sem 7\MP\Datasets\archive (1)\clean_images\cattle\holstein-friesian\holstein-friesian_0001.jpg,cattle,holstein-friesian,cattle_holstein-friesian
D:\B.Tech\CE-AI\Sem 7\MP\Datasets\archive (1)\clean_images\buffalo\bhadawari\bhadawari_0167.jpg,buffalo,bhadawari,buffalo_bhadawari
D:\B.Tech\CE-AI\Sem 7\MP\Datasets\archive (1)\clean_images\buffalo\toda\toda_0011.jpg,buffalo,toda,buffalo_toda
D:\B.Tech\CE-AI\Sem 7\MP\Datasets\archive (1)\clean_images\cattle\krishna_valley\krishna_valley_0104.jpg,cattle,krishna_valley,cattle_krishna_valley
D:\B.Tech\CE-AI\Sem 7\MP\Datasets\archive (1)\clean_images\cattle\sahiwal\sahiwal_0420.jpg,cattle,sahiwal,cattle_sahiwal
D:\B.Tech\CE-AI\Sem 7\MP\Datasets\archive (1)\clean_images\buffalo\bhadawari\bhadawari_0156.jpg,buffalo,bhadawari,buffalo_bhadawari
D:\B.Tech\CE-AI\Sem 7\MP\Datasets\archive (1)\clean_images\cattle\gir\gir_0101.jpg,cattle,gir,cattle_gir
D:\B.Tech\CE-AI\Sem 7\MP\Datasets\archive (1)\clean_images\buffalo\bhadawari\bhadawari_0177.jpg,buffalo,bhadawari,buffalo_bhadawari
D:\B.Tech\CE-AI\Sem 7\MP\Datasets\archive (1)\clean_images\cattle\krishna_valley\krishna_valley_0125.jpg,cattle,krishna_valley,cattle_krishna_valley
D:\B.Tech\CE-AI\Sem 7\MP\Datasets\archive (1)\clean_images\buffalo\nili_ravi\nili_ravi_0013.jpg,buffalo,nili_ravi,buffalo_nili_ravi
D:\B.Tech\CE-AI\Sem 7\MP\Datasets\archive (1)\clean_images\cattle\khillar\khillar_0089.jpg,cattle,khillar,cattle_khillar
D:\B.Tech\CE-AI\Sem 7\MP\Datasets\archive (1)\clean_images\cattle\jersey\jersey_0120.jpg,cattle,jersey,cattle_jersey
D:\B.Tech\CE-AI\Sem 7\MP\Datasets\archive (1)\clean_images\buffalo\murrah\murrah_0179.jpg,buffalo,murrah,buffalo_murrah
D:\B.Tech\CE-AI\Sem 7\MP\Datasets\archive (1)\clean_images\cattle\holstein-friesian\holstein-friesian_0238.jpg,cattle,holstein-friesian,cattle_holstein-friesian
D:\B.Tech\CE-AI\Sem 7\MP\Datasets\archive (1)\clean_images\cattle\dangi\dangi_0051.jpg,cattle,dangi,cattle_dangi
D:\B.Tech\CE-AI\Sem 7\MP\Datasets\archive (1)\clean_images\cattle\ayrshire\ayrshire_0522.jpg,cattle,ayrshire,cattle_ayrshire
D:\B.Tech\CE-AI\Sem 7\MP\Datasets\archive (1)\clean_images\cattle\ayrshire\ayrshire_0316.jpg,cattle,ayrshire,cattle_ayrshire
D:\B.Tech\CE-AI\Sem 7\MP\Datasets\archive (1)\clean_images\cattle\sahiwal\sahiwal_0033.jpeg,cattle,sahiwal,cattle_sahiwal
D:\B.Tech\CE-AI\Sem 7\MP\Datasets\archive (1)\clean_images\cattle\gir\gir_0503.jpg,cattle,gir,cattle_gir
D:\B.Tech\CE-AI\Sem 7\MP\Datasets\archive (1)\clean_images\buffalo\bargur\bargur_0027.jpg,buffalo,bargur,buffalo_bargur
D:\B.Tech\CE-AI\Sem 7\MP\Datasets\archive (1)\clean_images\cattle\brown_swiss\brown_swiss_0375.jpg,cattle,brown_swiss,cattle_brown_swiss
D:\B.Tech\CE-AI\Sem 7\MP\Datasets\archive (1)\clean_images\cattle\jersey\jersey_0079.jpg,cattle,jersey,cattle_jersey
D:\B.Tech\CE-AI\Sem 7\MP\Datasets\archive (1)\clean_images\cattle\hariana\hariana_0004.jpg,cattle,hariana,cattle_hariana
D:\B.Tech\CE-AI\Sem 7\MP\Datasets\archive (1)\clean_images\buffalo\nili_ravi\nili_ravi_0080.jpg,buffalo,nili_ravi,buffalo_nili_ravi
D:\B.Tech\CE-AI\Sem 7\MP\Datasets\archive (1)\clean_images\cattle\ayrshire\ayrshire_0074.jpg,cattle,ayrshire,cattle_ayrshire
D:\B.Tech\CE-AI\Sem 7\MP\Datasets\archive (1)\clean_images\cattle\nagori\nagori_0081.png,cattle,nagori,cattle_nagori
D:\B.Tech\CE-AI\Sem 7\MP\Datasets\archive (1)\clean_images\cattle\gir\gir_0012.jpg,cattle,gir,cattle_gir
D:\B.Tech\CE-AI\Sem 7\MP\Datasets\archive (1)\clean_images\buffalo\bhadawari\bhadawari_0146.jpg,buffalo,bhadawari,buffalo_bhadawari
D:\B.Tech\CE-AI\Sem 7\MP\Datasets\archive (1)\clean_images\cattle\red_sindhi\red_sindhi_0067.png,cattle,red_sindhi,cattle_red_sindhi
D:\B.Tech\CE-AI\Sem 7\MP\Datasets\archive (1)\clean_images\buffalo\banni\banni_0021.jpg,buffalo,banni,buffalo_banni
D:\B.Tech\CE-AI\Sem 7\MP\Datasets\archive (1)\clean_images\buffalo\murrah\murrah_0165.jpg,buffalo,murrah,buffalo_murrah
D:\B.Tech\CE-AI\Sem 7\MP\Datasets\archive (1)\clean_images\cattle\umblachery\umblachery_0030.png,cattle,umblachery,cattle_umblachery
D:\B.Tech\CE-AI\Sem 7\MP\Datasets\archive (1)\clean_images\cattle\sahiwal\sahiwal_0187.jpg,cattle,sahiwal,cattle_sahiwal
D:\B.Tech\CE-AI\Sem 7\MP\Datasets\archive (1)\clean_images\buffalo\bargur\bargur_0078.jpg,buffalo,bargur,buffalo_bargur
D:\B.Tech\CE-AI\Sem 7\MP\Datasets\archive (1)\clean_images\cattle\holstein-friesian\holstein-friesian_0325.jpg,cattle,holstein-friesian,cattle_holstein-friesian
D:\B.Tech\CE-AI\Sem 7\MP\Datasets\archive (1)\clean_images\cattle\gir\gir_0105.jpg,cattle,gir,cattle_gir
D:\B.Tech\CE-AI\Sem 7\MP\Datasets\archive (1)\clean_images\cattle\guernsey\guernsey_0046.jpg,cattle,guernsey,cattle_guernsey
D:\B.Tech\CE-AI\Sem 7\MP\Datasets\archive (1)\clean_images\buffalo\murrah\murrah_0162.jpg,buffalo,murrah,buffalo_murrah
D:\B.Tech\CE-AI\Sem 7\MP\Datasets\archive (1)\clean_images\cattle\tharparkar\tharparkar_0145.png,cattle,tharparkar,cattle_tharparkar
D:\B.Tech\CE-AI\Sem 7\MP\Datasets\archive (1)\clean_images\cattle\deoni\deoni_0100.jpg,cattle,deoni,cattle_deoni
D:\B.Tech\CE-AI\Sem 7\MP\Datasets\archive (1)\clean_images\cattle\holstein-friesian\holstein-friesian_0319.jpg,cattle,holstein-friesian,cattle_holstein-friesian
D:\B.Tech\CE-AI\Sem 7\MP\Datasets\archive (1)\clean_images\cattle\amritmahal\amritmahal_0184.png,cattle,amritmahal,cattle_amritmahal
D:\B.Tech\CE-AI\Sem 7\MP\Datasets\archive (1)\clean_images\cattle\kankrej\kankrej_0044.jpg,cattle,kankrej,cattle_kankrej
D:\B.Tech\CE-AI\Sem 7\MP\Datasets\archive (1)\clean_images\buffalo\alambadi\alambadi_0043.jpg,buffalo,alambadi,buffalo_alambadi
D:\B.Tech\CE-AI\Sem 7\MP\Datasets\archive (1)\clean_images\cattle\gir\gir_0248.jpg,cattle,gir,cattle_gir
D:\B.Tech\CE-AI\Sem 7\MP\Datasets\archive (1)\clean_images\cattle\holstein-friesian\holstein-friesian_0459.jpg,cattle,holstein-friesian,cattle_holstein-friesian
D:\B.Tech\CE-AI\Sem 7\MP\Datasets\archive (1)\clean_images\cattle\holstein-friesian\holstein-friesian_0307.jpg,cattle,holstein-friesian,cattle_holstein-friesian
D:\B.Tech\CE-AI\Sem 7\MP\Datasets\archive (1)\clean_images\buffalo\alambadi\alambadi_0039.jpg,buffalo,alambadi,buffalo_alambadi
D:\B.Tech\CE-AI\Sem 7\MP\Datasets\archive (1)\clean_images\cattle\kangayam\kangayam_0092.jpg,cattle,kangayam,cattle_kangayam
D:\B.Tech\CE-AI\Sem 7\MP\Datasets\archive (1)\clean_images\cattle\ayrshire\ayrshire_0085.jpg,cattle,ayrshire,cattle_ayrshire
D:\B.Tech\CE-AI\Sem 7\MP\Datasets\archive (1)\clean_images\cattle\gir\gir_0255.jpg,cattle,gir,cattle_gir
D:\B.Tech\CE-AI\Sem 7\MP\Datasets\archive (1)\clean_images\cattle\pulikulam\pulikulam_0052.jpg,cattle,pulikulam,cattle_pulikulam
D:\B.Tech\CE-AI\Sem 7\MP\Datasets\archive (1)\clean_images\cattle\holstein-friesian\holstein-friesian_0214.jpg,cattle,holstein-friesian,cattle_holstein-friesian
D:\B.Tech\CE-AI\Sem 7\MP\Datasets\archive (1)\clean_images\cattle\kenkatha\kenkatha_0006.jpg,cattle,kenkatha,cattle_kenkatha
D:\B.Tech\CE-AI\Sem 7\MP\Datasets\archive (1)\clean_images\cattle\krishna_valley\krishna_valley_0061.jpg,cattle,krishna_valley,cattle_krishna_valley
D:\B.Tech\CE-AI\Sem 7\MP\Datasets\archive (1)\clean_images\buffalo\alambadi\alambadi_0179.jpg,buffalo,alambadi,buffalo_alambadi
D:\B.Tech\CE-AI\Sem 7\MP\Datasets\archive (1)\clean_images\cattle\holstein-friesian\holstein-friesian_0548.jpg,cattle,holstein-friesian,cattle_holstein-friesian
D:\B.Tech\CE-AI\Sem 7\MP\Datasets\archive (1)\clean_images\cattle\amritmahal\amritmahal_0143.jpg,cattle,amritmahal,cattle_amritmahal
D:\B.Tech\CE-AI\Sem 7\MP\Datasets\archive (1)\clean_images\cattle\nagori\nagori_0073.png,cattle,nagori,cattle_nagori
D:\B.Tech\CE-AI\Sem 7\MP\Datasets\archive (1)\clean_images\buffalo\mehsana\mehsana_0074.jpg,buffalo,mehsana,buffalo_mehsana
D:\B.Tech\CE-AI\Sem 7\MP\Datasets\archive (1)\clean_images\cattle\vechur\vechur_0096.jpg,cattle,vechur,cattle_vechur
D:\B.Tech\CE-AI\Sem 7\MP\Datasets\archive (1)\clean_images\cattle\tharparkar\tharparkar_0092.jpg,cattle,tharparkar,cattle_tharparkar
D:\B.Tech\CE-AI\Sem 7\MP\Datasets\archive (1)\clean_images\cattle\brown_swiss\brown_swiss_0380.jpg,cattle,brown_swiss,cattle_brown_swiss
D:\B.Tech\CE-AI\Sem 7\MP\Datasets\archive (1)\clean_images\cattle\kherigarh\kherigarh_0024.png,cattle,kherigarh,cattle_kherigarh
D:\B.Tech\CE-AI\Sem 7\MP\Datasets\archive (1)\clean_images\cattle\vechur\vechur_0007.jpg,cattle,vechur,cattle_vechur
D:\B.Tech\CE-AI\Sem 7\MP\Datasets\archive (1)\clean_images\cattle\jersey\jersey_0105.jpg,cattle,jersey,cattle_jersey
D:\B.Tech\CE-AI\Sem 7\MP\Datasets\archive (1)\clean_images\cattle\gir\gir_0518.jpg,cattle,gir,cattle_gir
D:\B.Tech\CE-AI\Sem 7\MP\Datasets\archive (1)\clean_images\cattle\gir\gir_0686.jpg,cattle,gir,cattle_gir
D:\B.Tech\CE-AI\Sem 7\MP\Datasets\archive (1)\clean_images\cattle\sahiwal\sahiwal_0214.png,cattle,sahiwal,cattle_sahiwal
D:\B.Tech\CE-AI\Sem 7\MP\Datasets\archive (1)\clean_images\cattle\sahiwal\sahiwal_0411.jpg,cattle,sahiwal,cattle_sahiwal
D:\B.Tech\CE-AI\Sem 7\MP\Datasets\archive (1)\clean_images\cattle\brown_swiss\brown_swiss_0300.jpg,cattle,brown_swiss,cattle_brown_swiss
D:\B.Tech\CE-AI\Sem 7\MP\Datasets\archive (1)\clean_images\cattle\jersey\jersey_0094.jpg,cattle,jersey,cattle_jersey
D:\B.Tech\CE-AI\Sem 7\MP\Datasets\archive (1)\clean_images\cattle\hallikar\hallikar_0191.png,cattle,hallikar,cattle_hallikar
D:\B.Tech\CE-AI\Sem 7\MP\Datasets\archive (1)\clean_images\cattle\vechur\vechur_0047.jpg,cattle,vechur,cattle_vechur
D:\B.Tech\CE-AI\Sem 7\MP\Datasets\archive (1)\clean_images\cattle\sahiwal\sahiwal_0090.jpg,cattle,sahiwal,cattle_sahiwal
D:\B.Tech\CE-AI\Sem 7\MP\Datasets\archive (1)\clean_images\cattle\gir\gir_0362.jpg,cattle,gir,cattle_gir
D:\B.Tech\CE-AI\Sem 7\MP\Datasets\archive (1)\clean_images\cattle\hallikar\hallikar_0086.jpg,cattle,hallikar,cattle_hallikar
D:\B.Tech\CE-AI\Sem 7\MP\Datasets\archive (1)\clean_images\cattle\khillar\khillar_0088.jpg,cattle,khillar,cattle_khillar
D:\B.Tech\CE-AI\Sem 7\MP\Datasets\archive (1)\clean_images\cattle\kankrej\kankrej_0031.jpg,cattle,kankrej,cattle_kankrej
D:\B.Tech\CE-AI\Sem 7\MP\Datasets\archive (1)\clean_images\cattle\vechur\vechur_0091.jpg,cattle,vechur,cattle_vechur
D:\B.Tech\CE-AI\Sem 7\MP\Datasets\archive (1)\clean_images\cattle\gir\gir_0562.jpg,cattle,gir,cattle_gir
D:\B.Tech\CE-AI\Sem 7\MP\Datasets\archive (1)\clean_images\cattle\rathi\rathi_0119.jpg,cattle,rathi,cattle_rathi
D:\B.Tech\CE-AI\Sem 7\MP\Datasets\archive (1)\clean_images\cattle\vechur\vechur_0128.png,cattle,vechur,cattle_vechur
D:\B.Tech\CE-AI\Sem 7\MP\Datasets\archive (1)\clean_images\cattle\kenkatha\kenkatha_0033.jpg,cattle,kenkatha,cattle_kenkatha
D:\B.Tech\CE-AI\Sem 7\MP\Datasets\archive (1)\clean_images\cattle\holstein-friesian\holstein-friesian_0447.jpg,cattle,holstein-friesian,cattle_holstein-friesian
D:\B.Tech\CE-AI\Sem 7\MP\Datasets\archive (1)\clean_images\cattle\amritmahal\amritmahal_0088.jpg,cattle,amritmahal,cattle_amritmahal
D:\B.Tech\CE-AI\Sem 7\MP\Datasets\archive (1)\clean_images\cattle\jersey\jersey_0149.jpg,cattle,jersey,cattle_jersey
D:\B.Tech\CE-AI\Sem 7\MP\Datasets\archive (1)\clean_images\cattle\ayrshire\ayrshire_0218.jpg,cattle,ayrshire,cattle_ayrshire
D:\B.Tech\CE-AI\Sem 7\MP\Datasets\archive (1)\clean_images\buffalo\banni\banni_0074.jpg,buffalo,banni,buffalo_banni
D:\B.Tech\CE-AI\Sem 7\MP\Datasets\archive (1)\clean_images\cattle\holstein-friesian\holstein-friesian_0038.jpg,cattle,holstein-friesian,cattle_holstein-friesian
D:\B.Tech\CE-AI\Sem 7\MP\Datasets\archive (1)\clean_images\buffalo\banni\banni_0102.jpg,buffalo,banni,buffalo_banni
D:\B.Tech\CE-AI\Sem 7\MP\Datasets\archive (1)\clean_images\buffalo\alambadi\alambadi_0124.png,buffalo,alambadi,buffalo_alambadi
D:\B.Tech\CE-AI\Sem 7\MP\Datasets\archive (1)\clean_images\buffalo\jaffarabadi\jaffarabadi_0032.png,buffalo,jaffarabadi,buffalo_jaffarabadi
D:\B.Tech\CE-AI\Sem 7\MP\Datasets\archive (1)\clean_images\cattle\ayrshire\ayrshire_0341.jpg,cattle,ayrshire,cattle_ayrshire
D:\B.Tech\CE-AI\Sem 7\MP\Datasets\archive (1)\clean_images\cattle\khillar\khillar_0109.png,cattle,khillar,cattle_khillar
D:\B.Tech\CE-AI\Sem 7\MP\Datasets\archive (1)\clean_images\cattle\nimari\nimari_0008.jpg,cattle,nimari,cattle_nimari
D:\B.Tech\CE-AI\Sem 7\MP\Datasets\archive (1)\clean_images\cattle\ongole\ongole_0139.jpg,cattle,ongole,cattle_ongole
D:\B.Tech\CE-AI\Sem 7\MP\Datasets\archive (1)\clean_images\buffalo\murrah\murrah_0043.jpg,buffalo,murrah,buffalo_murrah
D:\B.Tech\CE-AI\Sem 7\MP\Datasets\archive (1)\clean_images\cattle\gir\gir_0209.jpg,cattle,gir,cattle_gir
D:\B.Tech\CE-AI\Sem 7\MP\Datasets\archive (1)\clean_images\cattle\red_sindhi\red_sindhi_0039.jpg,cattle,red_sindhi,cattle_red_sindhi
D:\B.Tech\CE-AI\Sem 7\MP\Datasets\archive (1)\clean_images\cattle\amritmahal\amritmahal_0116.png,cattle,amritmahal,cattle_amritmahal
D:\B.Tech\CE-AI\Sem 7\MP\Datasets\archive (1)\clean_images\cattle\red_sindhi\red_sindhi_0113.jpg,cattle,red_sindhi,cattle_red_sindhi
D:\B.Tech\CE-AI\Sem 7\MP\Datasets\archive (1)\clean_images\cattle\holstein-friesian\holstein-friesian_0393.jpg,cattle,holstein-friesian,cattle_holstein-friesian
D:\B.Tech\CE-AI\Sem 7\MP\Datasets\archive (1)\clean_images\cattle\amritmahal\amritmahal_0014.jpg,cattle,amritmahal,cattle_amritmahal
D:\B.Tech\CE-AI\Sem 7\MP\Datasets\archive (1)\clean_images\buffalo\banni\banni_0031.jpg,buffalo,banni,buffalo_banni
D:\B.Tech\CE-AI\Sem 7\MP\Datasets\archive (1)\clean_images\buffalo\nili_ravi\nili_ravi_0079.jpg,buffalo,nili_ravi,buffalo_nili_ravi
D:\B.Tech\CE-AI\Sem 7\MP\Datasets\archive (1)\clean_images\buffalo\banni\banni_0018.png,buffalo,banni,buffalo_banni
D:\B.Tech\CE-AI\Sem 7\MP\Datasets\archive (1)\clean_images\cattle\ayrshire\ayrshire_0228.jpg,cattle,ayrshire,cattle_ayrshire
D:\B.Tech\CE-AI\Sem 7\MP\Datasets\archive (1)\clean_images\cattle\brown_swiss\brown_swiss_0336.jpg,cattle,brown_swiss,cattle_brown_swiss
D:\B.Tech\CE-AI\Sem 7\MP\Datasets\archive (1)\clean_images\cattle\gir\gir_0580.jpg,cattle,gir,cattle_gir
D:\B.Tech\CE-AI\Sem 7\MP\Datasets\archive (1)\clean_images\cattle\amritmahal\amritmahal_0100.jpg,cattle,amritmahal,cattle_amritmahal
D:\B.Tech\CE-AI\Sem 7\MP\Datasets\archive (1)\clean_images\cattle\kankrej\kankrej_0114.png,cattle,kankrej,cattle_kankrej
D:\B.Tech\CE-AI\Sem 7\MP\Datasets\archive (1)\clean_images\cattle\ongole\ongole_0088.jpg,cattle,ongole,cattle_ongole
D:\B.Tech\CE-AI\Sem 7\MP\Datasets\archive (1)\clean_images\buffalo\mehsana\mehsana_0053.png,buffalo,mehsana,buffalo_mehsana
D:\B.Tech\CE-AI\Sem 7\MP\Datasets\archive (1)\clean_images\cattle\ayrshire\ayrshire_0631.jpg,cattle,ayrshire,cattle_ayrshire
D:\B.Tech\CE-AI\Sem 7\MP\Datasets\archive (1)\clean_images\cattle\red_sindhi\red_sindhi_0021.jpg,cattle,red_sindhi,cattle_red_sindhi
D:\B.Tech\CE-AI\Sem 7\MP\Datasets\archive (1)\clean_images\cattle\malnad_gidda\malnad_gidda_0003.jpg,cattle,malnad_gidda,cattle_malnad_gidda
D:\B.Tech\CE-AI\Sem 7\MP\Datasets\archive (1)\clean_images\cattle\amritmahal\amritmahal_0106.jpg,cattle,amritmahal,cattle_amritmahal
D:\B.Tech\CE-AI\Sem 7\MP\Datasets\archive (1)\clean_images\cattle\tharparkar\tharparkar_0113.png,cattle,tharparkar,cattle_tharparkar
D:\B.Tech\CE-AI\Sem 7\MP\Datasets\archive (1)\clean_images\buffalo\mehsana\mehsana_0084.jpg,buffalo,mehsana,buffalo_mehsana
D:\B.Tech\CE-AI\Sem 7\MP\Datasets\archive (1)\clean_images\cattle\deoni\deoni_0107.jpg,cattle,deoni,cattle_deoni
D:\B.Tech\CE-AI\Sem 7\MP\Datasets\archive (1)\clean_images\cattle\guernsey\guernsey_0020.jpg,cattle,guernsey,cattle_guernsey
D:\B.Tech\CE-AI\Sem 7\MP\Datasets\archive (1)\clean_images\cattle\gir\gir_0697.png,cattle,gir,cattle_gir
D:\B.Tech\CE-AI\Sem 7\MP\Datasets\archive (1)\clean_images\buffalo\murrah\murrah_0157.jpg,buffalo,murrah,buffalo_murrah
D:\B.Tech\CE-AI\Sem 7\MP\Datasets\archive (1)\clean_images\buffalo\nili_ravi\nili_ravi_0009.jpg,buffalo,nili_ravi,buffalo_nili_ravi
D:\B.Tech\CE-AI\Sem 7\MP\Datasets\archive (1)\clean_images\cattle\holstein-friesian\holstein-friesian_0233.jpg,cattle,holstein-friesian,cattle_holstein-friesian
D:\B.Tech\CE-AI\Sem 7\MP\Datasets\archive (1)\clean_images\cattle\sahiwal\sahiwal_0280.jpg,cattle,sahiwal,cattle_sahiwal
D:\B.Tech\CE-AI\Sem 7\MP\Datasets\archive (1)\clean_images\cattle\kangayam\kangayam_0031.jpg,cattle,kangayam,cattle_kangayam
D:\B.Tech\CE-AI\Sem 7\MP\Datasets\archive (1)\clean_images\buffalo\bhadawari\bhadawari_0161.jpg,buffalo,bhadawari,buffalo_bhadawari
D:\B.Tech\CE-AI\Sem 7\MP\Datasets\archive (1)\clean_images\cattle\tharparkar\tharparkar_0098.png,cattle,tharparkar,cattle_tharparkar
D:\B.Tech\CE-AI\Sem 7\MP\Datasets\archive (1)\clean_images\cattle\gir\gir_0603.jpg,cattle,gir,cattle_gir
D:\B.Tech\CE-AI\Sem 7\MP\Datasets\archive (1)\clean_images\buffalo\bargur\bargur_0072.jpg,buffalo,bargur,buffalo_bargur
D:\B.Tech\CE-AI\Sem 7\MP\Datasets\archive (1)\clean_images\cattle\red_sindhi\red_sindhi_0130.jpg,cattle,red_sindhi,cattle_red_sindhi
D:\B.Tech\CE-AI\Sem 7\MP\Datasets\archive (1)\clean_images\cattle\rathi\rathi_0013.jpg,cattle,rathi,cattle_rathi
D:\B.Tech\CE-AI\Sem 7\MP\Datasets\archive (1)\clean_images\cattle\guernsey\guernsey_0110.jpg,cattle,guernsey,cattle_guernsey
D:\B.Tech\CE-AI\Sem 7\MP\Datasets\archive (1)\clean_images\cattle\deoni\deoni_0111.jpg,cattle,deoni,cattle_deoni
D:\B.Tech\CE-AI\Sem 7\MP\Datasets\archive (1)\clean_images\cattle\sahiwal\sahiwal_0113.jpg,cattle,sahiwal,cattle_sahiwal
D:\B.Tech\CE-AI\Sem 7\MP\Datasets\archive (1)\clean_images\cattle\hariana\hariana_0007.jpg,cattle,hariana,cattle_hariana
D:\B.Tech\CE-AI\Sem 7\MP\Datasets\archive (1)\clean_images\cattle\gir\gir_0743.png,cattle,gir,cattle_gir
D:\B.Tech\CE-AI\Sem 7\MP\Datasets\archive (1)\clean_images\cattle\gir\gir_0289.jpg,cattle,gir,cattle_gir
D:\B.Tech\CE-AI\Sem 7\MP\Datasets\archive (1)\clean_images\cattle\khillar\khillar_0026.png,cattle,khillar,cattle_khillar
D:\B.Tech\CE-AI\Sem 7\MP\Datasets\archive (1)\clean_images\cattle\ayrshire\ayrshire_0434.jpg,cattle,ayrshire,cattle_ayrshire
D:\B.Tech\CE-AI\Sem 7\MP\Datasets\archive (1)\clean_images\cattle\ongole\ongole_0156.jpg,cattle,ongole,cattle_ongole
D:\B.Tech\CE-AI\Sem 7\MP\Datasets\archive (1)\clean_images\cattle\kenkatha\kenkatha_0062.jpg,cattle,kenkatha,cattle_kenkatha
D:\B.Tech\CE-AI\Sem 7\MP\Datasets\archive (1)\clean_images\cattle\guernsey\guernsey_0011.jpg,cattle,guernsey,cattle_guernsey
D:\B.Tech\CE-AI\Sem 7\MP\Datasets\archive (1)\clean_images\cattle\deoni\deoni_0005.jpg,cattle,deoni,cattle_deoni
D:\B.Tech\CE-AI\Sem 7\MP\Datasets\archive (1)\clean_images\cattle\gir\gir_0406.jpg,cattle,gir,cattle_gir
D:\B.Tech\CE-AI\Sem 7\MP\Datasets\archive (1)\clean_images\cattle\gir\gir_0504.png,cattle,gir,cattle_gir
D:\B.Tech\CE-AI\Sem 7\MP\Datasets\archive (1)\clean_images\cattle\jersey\jersey_0154.jpg,cattle,jersey,cattle_jersey
D:\B.Tech\CE-AI\Sem 7\MP\Datasets\archive (1)\clean_images\cattle\red_sindhi\red_sindhi_0063.png,cattle,red_sindhi,cattle_red_sindhi
D:\B.Tech\CE-AI\Sem 7\MP\Datasets\archive (1)\clean_images\cattle\ayrshire\ayrshire_0595.jpg,cattle,ayrshire,cattle_ayrshire
D:\B.Tech\CE-AI\Sem 7\MP\Datasets\archive (1)\clean_images\cattle\ongole\ongole_0197.png,cattle,ongole,cattle_ongole
D:\B.Tech\CE-AI\Sem 7\MP\Datasets\archive (1)\clean_images\cattle\kenkatha\kenkatha_0032.png,cattle,kenkatha,cattle_kenkatha
D:\B.Tech\CE-AI\Sem 7\MP\Datasets\archive (1)\clean_images\cattle\gir\gir_0313.jpg,cattle,gir,cattle_gir
D:\B.Tech\CE-AI\Sem 7\MP\Datasets\archive (1)\clean_images\buffalo\jaffarabadi\jaffarabadi_0043.jpg,buffalo,jaffarabadi,buffalo_jaffarabadi
D:\B.Tech\CE-AI\Sem 7\MP\Datasets\archive (1)\clean_images\cattle\pulikulam\pulikulam_0066.jpg,cattle,pulikulam,cattle_pulikulam
D:\B.Tech\CE-AI\Sem 7\MP\Datasets\archive (1)\clean_images\cattle\red_dane\red_dane_0048.jpg,cattle,red_dane,cattle_red_dane
D:\B.Tech\CE-AI\Sem 7\MP\Datasets\archive (1)\clean_images\buffalo\alambadi\alambadi_0120.png,buffalo,alambadi,buffalo_alambadi
D:\B.Tech\CE-AI\Sem 7\MP\Datasets\archive (1)\clean_images\cattle\rathi\rathi_0027.jpg,cattle,rathi,cattle_rathi
D:\B.Tech\CE-AI\Sem 7\MP\Datasets\archive (1)\clean_images\cattle\jersey\jersey_0173.jpg,cattle,jersey,cattle_jersey
D:\B.Tech\CE-AI\Sem 7\MP\Datasets\archive (1)\clean_images\cattle\hallikar\hallikar_0126.jpeg,cattle,hallikar,cattle_hallikar
D:\B.Tech\CE-AI\Sem 7\MP\Datasets\archive (1)\clean_images\buffalo\toda\toda_0131.jpg,buffalo,toda,buffalo_toda
D:\B.Tech\CE-AI\Sem 7\MP\Datasets\archive (1)\clean_images\cattle\ayrshire\ayrshire_0220.jpg,cattle,ayrshire,cattle_ayrshire
D:\B.Tech\CE-AI\Sem 7\MP\Datasets\archive (1)\clean_images\buffalo\alambadi\alambadi_0099.jpg,buffalo,alambadi,buffalo_alambadi
D:\B.Tech\CE-AI\Sem 7\MP\Datasets\archive (1)\clean_images\cattle\krishna_valley\krishna_valley_0121.jpg,cattle,krishna_valley,cattle_krishna_valley
D:\B.Tech\CE-AI\Sem 7\MP\Datasets\archive (1)\clean_images\buffalo\toda\toda_0065.jpg,buffalo,toda,buffalo_toda
D:\B.Tech\CE-AI\Sem 7\MP\Datasets\archive (1)\clean_images\cattle\holstein-friesian\holstein-friesian_0323.jpg,cattle,holstein-friesian,cattle_holstein-friesian
D:\B.Tech\CE-AI\Sem 7\MP\Datasets\archive (1)\clean_images\cattle\red_dane\red_dane_0059.jpg,cattle,red_dane,cattle_red_dane
D:\B.Tech\CE-AI\Sem 7\MP\Datasets\archive (1)\clean_images\cattle\hallikar\hallikar_0115.jpg,cattle,hallikar,cattle_hallikar
D:\B.Tech\CE-AI\Sem 7\MP\Datasets\archive (1)\clean_images\cattle\rathi\rathi_0101.jpg,cattle,rathi,cattle_rathi
D:\B.Tech\CE-AI\Sem 7\MP\Datasets\archive (1)\clean_images\cattle\nimari\nimari_0005.jpg,cattle,nimari,cattle_nimari
D:\B.Tech\CE-AI\Sem 7\MP\Datasets\archive (1)\clean_images\cattle\dangi\dangi_0079.png,cattle,dangi,cattle_dangi
D:\B.Tech\CE-AI\Sem 7\MP\Datasets\archive (1)\clean_images\cattle\hallikar\hallikar_0227.jpg,cattle,hallikar,cattle_hallikar
D:\B.Tech\CE-AI\Sem 7\MP\Datasets\archive (1)\clean_images\buffalo\nili_ravi\nili_ravi_0097.jpg,buffalo,nili_ravi,buffalo_nili_ravi
D:\B.Tech\CE-AI\Sem 7\MP\Datasets\archive (1)\clean_images\cattle\brown_swiss\brown_swiss_0328.jpg,cattle,brown_swiss,cattle_brown_swiss
D:\B.Tech\CE-AI\Sem 7\MP\Datasets\archive (1)\clean_images\cattle\guernsey\guernsey_0009.jpg,cattle,guernsey,cattle_guernsey
D:\B.Tech\CE-AI\Sem 7\MP\Datasets\archive (1)\clean_images\cattle\kankrej\kankrej_0103.jpg,cattle,kankrej,cattle_kankrej
D:\B.Tech\CE-AI\Sem 7\MP\Datasets\archive (1)\clean_images\cattle\umblachery\umblachery_0011.jpg,cattle,umblachery,cattle_umblachery
D:\B.Tech\CE-AI\Sem 7\MP\Datasets\archive (1)\clean_images\cattle\kangayam\kangayam_0008.jpg,cattle,kangayam,cattle_kangayam
D:\B.Tech\CE-AI\Sem 7\MP\Datasets\archive (1)\clean_images\buffalo\toda\toda_0024.jpg,buffalo,toda,buffalo_toda
D:\B.Tech\CE-AI\Sem 7\MP\Datasets\archive (1)\clean_images\cattle\brown_swiss\brown_swiss_0316.jpg,cattle,brown_swiss,cattle_brown_swiss
D:\B.Tech\CE-AI\Sem 7\MP\Datasets\archive (1)\clean_images\buffalo\jaffarabadi\jaffarabadi_0035.jpg,buffalo,jaffarabadi,buffalo_jaffarabadi
D:\B.Tech\CE-AI\Sem 7\MP\Datasets\archive (1)\clean_images\cattle\red_sindhi\red_sindhi_0158.jpg,cattle,red_sindhi,cattle_red_sindhi
D:\B.Tech\CE-AI\Sem 7\MP\Datasets\archive (1)\clean_images\cattle\gir\gir_0330.jpg,cattle,gir,cattle_gir
D:\B.Tech\CE-AI\Sem 7\MP\Datasets\archive (1)\clean_images\cattle\red_dane\red_dane_0093.jpg,cattle,red_dane,cattle_red_dane
D:\B.Tech\CE-AI\Sem 7\MP\Datasets\archive (1)\clean_images\cattle\gir\gir_0061.jpg,cattle,gir,cattle_gir
D:\B.Tech\CE-AI\Sem 7\MP\Datasets\archive (1)\clean_images\cattle\sahiwal\sahiwal_0143.png,cattle,sahiwal,cattle_sahiwal
D:\B.Tech\CE-AI\Sem 7\MP\Datasets\archive (1)\clean_images\cattle\kankrej\kankrej_0117.jpg,cattle,kankrej,cattle_kankrej
D:\B.Tech\CE-AI\Sem 7\MP\Datasets\archive (1)\clean_images\cattle\deoni\deoni_0003.jpg,cattle,deoni,cattle_deoni
D:\B.Tech\CE-AI\Sem 7\MP\Datasets\archive (1)\clean_images\cattle\guernsey\guernsey_0066.jpg,cattle,guernsey,cattle_guernsey
D:\B.Tech\CE-AI\Sem 7\MP\Datasets\archive (1)\clean_images\cattle\vechur\vechur_0075.jpg,cattle,vechur,cattle_vechur
D:\B.Tech\CE-AI\Sem 7\MP\Datasets\archive (1)\clean_images\cattle\vechur\vechur_0048.jpg,cattle,vechur,cattle_vechur
D:\B.Tech\CE-AI\Sem 7\MP\Datasets\archive (1)\clean_images\cattle\vechur\vechur_0087.jpg,cattle,vechur,cattle_vechur
D:\B.Tech\CE-AI\Sem 7\MP\Datasets\archive (1)\clean_images\cattle\guernsey\guernsey_0180.jpg,cattle,guernsey,cattle_guernsey
D:\B.Tech\CE-AI\Sem 7\MP\Datasets\archive (1)\clean_images\cattle\ayrshire\ayrshire_0094.jpg,cattle,ayrshire,cattle_ayrshire
D:\B.Tech\CE-AI\Sem 7\MP\Datasets\archive (1)\clean_images\cattle\kankrej\kankrej_0179.png,cattle,kankrej,cattle_kankrej
D:\B.Tech\CE-AI\Sem 7\MP\Datasets\archive (1)\clean_images\cattle\brown_swiss\brown_swiss_0035.jpg,cattle,brown_swiss,cattle_brown_swiss
D:\B.Tech\CE-AI\Sem 7\MP\Datasets\archive (1)\clean_images\cattle\holstein-friesian\holstein-friesian_0550.jpg,cattle,holstein-friesian,cattle_holstein-friesian
D:\B.Tech\CE-AI\Sem 7\MP\Datasets\archive (1)\clean_images\cattle\deoni\deoni_0130.jpg,cattle,deoni,cattle_deoni
D:\B.Tech\CE-AI\Sem 7\MP\Datasets\archive (1)\clean_images\cattle\dangi\dangi_0017.jpg,cattle,dangi,cattle_dangi
D:\B.Tech\CE-AI\Sem 7\MP\Datasets\archive (1)\clean_images\cattle\kangayam\kangayam_0073.jpg,cattle,kangayam,cattle_kangayam
D:\B.Tech\CE-AI\Sem 7\MP\Datasets\archive (1)\clean_images\cattle\guernsey\guernsey_0136.jpg,cattle,guernsey,cattle_guernsey
D:\B.Tech\CE-AI\Sem 7\MP\Datasets\archive (1)\clean_images\cattle\bargur\bargur_0004.jpg,cattle,bargur,cattle_bargur
D:\B.Tech\CE-AI\Sem 7\MP\Datasets\archive (1)\clean_images\buffalo\mehsana\mehsana_0041.png,buffalo,mehsana,buffalo_mehsana
D:\B.Tech\CE-AI\Sem 7\MP\Datasets\archive (1)\clean_images\cattle\red_dane\red_dane_0083.jpg,cattle,red_dane,cattle_red_dane
D:\B.Tech\CE-AI\Sem 7\MP\Datasets\archive (1)\clean_images\buffalo\surti\surti_0038.jpeg,buffalo,surti,buffalo_surti
D:\B.Tech\CE-AI\Sem 7\MP\Datasets\archive (1)\clean_images\buffalo\banni\banni_0028.jpg,buffalo,banni,buffalo_banni
D:\B.Tech\CE-AI\Sem 7\MP\Datasets\archive (1)\clean_images\cattle\guernsey\guernsey_0239.jpg,cattle,guernsey,cattle_guernsey
D:\B.Tech\CE-AI\Sem 7\MP\Datasets\archive (1)\clean_images\cattle\sahiwal\sahiwal_0044.jpg,cattle,sahiwal,cattle_sahiwal
D:\B.Tech\CE-AI\Sem 7\MP\Datasets\archive (1)\clean_images\cattle\brown_swiss\brown_swiss_0109.jpg,cattle,brown_swiss,cattle_brown_swiss
D:\B.Tech\CE-AI\Sem 7\MP\Datasets\archive (1)\clean_images\cattle\brown_swiss\brown_swiss_0091.jpg,cattle,brown_swiss,cattle_brown_swiss
D:\B.Tech\CE-AI\Sem 7\MP\Datasets\archive (1)\clean_images\cattle\red_dane\red_dane_0040.jpg,cattle,red_dane,cattle_red_dane
D:\B.Tech\CE-AI\Sem 7\MP\Datasets\archive (1)\clean_images\cattle\gir\gir_0179.jpg,cattle,gir,cattle_gir
D:\B.Tech\CE-AI\Sem 7\MP\Datasets\archive (1)\clean_images\cattle\umblachery\umblachery_0021.jpg,cattle,umblachery,cattle_umblachery
D:\B.Tech\CE-AI\Sem 7\MP\Datasets\archive (1)\clean_images\cattle\kherigarh\kherigarh_0002.jpg,cattle,kherigarh,cattle_kherigarh
D:\B.Tech\CE-AI\Sem 7\MP\Datasets\archive (1)\clean_images\cattle\khillar\khillar_0075.jpg,cattle,khillar,cattle_khillar
D:\B.Tech\CE-AI\Sem 7\MP\Datasets\archive (1)\clean_images\buffalo\bargur\bargur_0055.jpg,buffalo,bargur,buffalo_bargur
D:\B.Tech\CE-AI\Sem 7\MP\Datasets\archive (1)\clean_images\buffalo\murrah\murrah_0065.jpg,buffalo,murrah,buffalo_murrah
D:\B.Tech\CE-AI\Sem 7\MP\Datasets\archive (1)\clean_images\cattle\umblachery\umblachery_0047.png,cattle,umblachery,cattle_umblachery
D:\B.Tech\CE-AI\Sem 7\MP\Datasets\archive (1)\clean_images\cattle\rathi\rathi_0008.jpg,cattle,rathi,cattle_rathi
D:\B.Tech\CE-AI\Sem 7\MP\Datasets\archive (1)\clean_images\cattle\ayrshire\ayrshire_0403.jpg,cattle,ayrshire,cattle_ayrshire
D:\B.Tech\CE-AI\Sem 7\MP\Datasets\archive (1)\clean_images\cattle\ayrshire\ayrshire_0128.jpg,cattle,ayrshire,cattle_ayrshire
D:\B.Tech\CE-AI\Sem 7\MP\Datasets\archive (1)\clean_images\buffalo\murrah\murrah_0167.jpg,buffalo,murrah,buffalo_murrah
D:\B.Tech\CE-AI\Sem 7\MP\Datasets\archive (1)\clean_images\cattle\sahiwal\sahiwal_0104.jpg,cattle,sahiwal,cattle_sahiwal
D:\B.Tech\CE-AI\Sem 7\MP\Datasets\archive (1)\clean_images\buffalo\murrah\murrah_0051.jpg,buffalo,murrah,buffalo_murrah
D:\B.Tech\CE-AI\Sem 7\MP\Datasets\archive (1)\clean_images\cattle\ayrshire\ayrshire_0041.jpg,cattle,ayrshire,cattle_ayrshire
D:\B.Tech\CE-AI\Sem 7\MP\Datasets\archive (1)\clean_images\buffalo\banni\banni_0076.jpg,buffalo,banni,buffalo_banni
D:\B.Tech\CE-AI\Sem 7\MP\Datasets\archive (1)\clean_images\cattle\ayrshire\ayrshire_0620.jpg,cattle,ayrshire,cattle_ayrshire
D:\B.Tech\CE-AI\Sem 7\MP\Datasets\archive (1)\clean_images\buffalo\toda\toda_0092.jpg,buffalo,toda,buffalo_toda
D:\B.Tech\CE-AI\Sem 7\MP\Datasets\archive (1)\clean_images\cattle\deoni\deoni_0148.jpg,cattle,deoni,cattle_deoni
D:\B.Tech\CE-AI\Sem 7\MP\Datasets\archive (1)\clean_images\cattle\kankrej\kankrej_0169.png,cattle,kankrej,cattle_kankrej
D:\B.Tech\CE-AI\Sem 7\MP\Datasets\archive (1)\clean_images\cattle\kangayam\kangayam_0032.jpg,cattle,kangayam,cattle_kangayam
D:\B.Tech\CE-AI\Sem 7\MP\Datasets\archive (1)\clean_images\cattle\jersey\jersey_0130.jpg,cattle,jersey,cattle_jersey
D:\B.Tech\CE-AI\Sem 7\MP\Datasets\archive (1)\clean_images\cattle\ayrshire\ayrshire_0421.jpg,cattle,ayrshire,cattle_ayrshire
D:\B.Tech\CE-AI\Sem 7\MP\Datasets\archive (1)\clean_images\cattle\brown_swiss\brown_swiss_0406.jpg,cattle,brown_swiss,cattle_brown_swiss
D:\B.Tech\CE-AI\Sem 7\MP\Datasets\archive (1)\clean_images\cattle\malnad_gidda\malnad_gidda_0110.png,cattle,malnad_gidda,cattle_malnad_gidda
D:\B.Tech\CE-AI\Sem 7\MP\Datasets\archive (1)\clean_images\cattle\bargur\bargur_0067.jpg,cattle,bargur,cattle_bargur
D:\B.Tech\CE-AI\Sem 7\MP\Datasets\archive (1)\clean_images\cattle\hallikar\hallikar_0024.jpg,cattle,hallikar,cattle_hallikar
D:\B.Tech\CE-AI\Sem 7\MP\Datasets\archive (1)\clean_images\cattle\pulikulam\pulikulam_0098.jpg,cattle,pulikulam,cattle_pulikulam
D:\B.Tech\CE-AI\Sem 7\MP\Datasets\archive (1)\clean_images\buffalo\toda\toda_0051.jpg,buffalo,toda,buffalo_toda
D:\B.Tech\CE-AI\Sem 7\MP\Datasets\archive (1)\clean_images\cattle\kankrej\kankrej_0068.jpg,cattle,kankrej,cattle_kankrej
D:\B.Tech\CE-AI\Sem 7\MP\Datasets\archive (1)\clean_images\cattle\rathi\rathi_0050.jpg,cattle,rathi,cattle_rathi
D:\B.Tech\CE-AI\Sem 7\MP\Datasets\archive (1)\clean_images\cattle\ongole\ongole_0186.png,cattle,ongole,cattle_ongole
D:\B.Tech\CE-AI\Sem 7\MP\Datasets\archive (1)\clean_images\cattle\holstein-friesian\holstein-friesian_0536.jpg,cattle,holstein-friesian,cattle_holstein-friesian
D:\B.Tech\CE-AI\Sem 7\MP\Datasets\archive (1)\clean_images\cattle\khillar\khillar_0100.png,cattle,khillar,cattle_khillar
D:\B.Tech\CE-AI\Sem 7\MP\Datasets\archive (1)\clean_images\cattle\krishna_valley\krishna_valley_0070.jpg,cattle,krishna_valley,cattle_krishna_valley
D:\B.Tech\CE-AI\Sem 7\MP\Datasets\archive (1)\clean_images\cattle\kenkatha\kenkatha_0035.jpeg,cattle,kenkatha,cattle_kenkatha
D:\B.Tech\CE-AI\Sem 7\MP\Datasets\archive (1)\clean_images\cattle\hallikar\hallikar_0277.png,cattle,hallikar,cattle_hallikar
D:\B.Tech\CE-AI\Sem 7\MP\Datasets\archive (1)\clean_images\cattle\ayrshire\ayrshire_0675.jpg,cattle,ayrshire,cattle_ayrshire
D:\B.Tech\CE-AI\Sem 7\MP\Datasets\archive (1)\clean_images\cattle\holstein-friesian\holstein-friesian_0523.jpg,cattle,holstein-friesian,cattle_holstein-friesian
D:\B.Tech\CE-AI\Sem 7\MP\Datasets\archive (1)\clean_images\buffalo\banni\banni_0106.jpeg,buffalo,banni,buffalo_banni
D:\B.Tech\CE-AI\Sem 7\MP\Datasets\archive (1)\clean_images\cattle\gir\gir_0695.png,cattle,gir,cattle_gir
D:\B.Tech\CE-AI\Sem 7\MP\Datasets\archive (1)\clean_images\buffalo\nagpuri\nagpuri_0051.png,buffalo,nagpuri,buffalo_nagpuri
D:\B.Tech\CE-AI\Sem 7\MP\Datasets\archive (1)\clean_images\cattle\umblachery\umblachery_0001.jpg,cattle,umblachery,cattle_umblachery
D:\B.Tech\CE-AI\Sem 7\MP\Datasets\archive (1)\clean_images\cattle\brown_swiss\brown_swiss_0325.jpg,cattle,brown_swiss,cattle_brown_swiss
D:\B.Tech\CE-AI\Sem 7\MP\Datasets\archive (1)\clean_images\cattle\bargur\bargur_0020.png,cattle,bargur,cattle_bargur
D:\B.Tech\CE-AI\Sem 7\MP\Datasets\archive (1)\clean_images\buffalo\bargur\bargur_0088.jpg,buffalo,bargur,buffalo_bargur
D:\B.Tech\CE-AI\Sem 7\MP\Datasets\archive (1)\clean_images\cattle\pulikulam\pulikulam_0100.jpg,cattle,pulikulam,cattle_pulikulam
D:\B.Tech\CE-AI\Sem 7\MP\Datasets\archive (1)\clean_images\buffalo\bhadawari\bhadawari_0006.jpg,buffalo,bhadawari,buffalo_bhadawari
D:\B.Tech\CE-AI\Sem 7\MP\Datasets\archive (1)\clean_images\cattle\holstein-friesian\holstein-friesian_0512.jpg,cattle,holstein-friesian,cattle_holstein-friesian
D:\B.Tech\CE-AI\Sem 7\MP\Datasets\archive (1)\clean_images\cattle\ayrshire\ayrshire_0431.jpg,cattle,ayrshire,cattle_ayrshire
D:\B.Tech\CE-AI\Sem 7\MP\Datasets\archive (1)\clean_images\cattle\gir\gir_0670.jpg,cattle,gir,cattle_gir
D:\B.Tech\CE-AI\Sem 7\MP\Datasets\archive (1)\clean_images\cattle\ayrshire\ayrshire_0201.jpg,cattle,ayrshire,cattle_ayrshire
D:\B.Tech\CE-AI\Sem 7\MP\Datasets\archive (1)\clean_images\cattle\dangi\dangi_0018.jpg,cattle,dangi,cattle_dangi
D:\B.Tech\CE-AI\Sem 7\MP\Datasets\archive (1)\clean_images\cattle\holstein-friesian\holstein-friesian_0479.jpg,cattle,holstein-friesian,cattle_holstein-friesian
D:\B.Tech\CE-AI\Sem 7\MP\Datasets\archive (1)\clean_images\cattle\ongole\ongole_0029.png,cattle,ongole,cattle_ongole
D:\B.Tech\CE-AI\Sem 7\MP\Datasets\archive (1)\clean_images\cattle\gir\gir_0512.jpg,cattle,gir,cattle_gir
D:\B.Tech\CE-AI\Sem 7\MP\Datasets\archive (1)\clean_images\cattle\hallikar\hallikar_0239.jpg,cattle,hallikar,cattle_hallikar
D:\B.Tech\CE-AI\Sem 7\MP\Datasets\archive (1)\clean_images\cattle\kangayam\kangayam_0044.jpg,cattle,kangayam,cattle_kangayam
D:\B.Tech\CE-AI\Sem 7\MP\Datasets\archive (1)\clean_images\cattle\hallikar\hallikar_0219.jpg,cattle,hallikar,cattle_hallikar
D:\B.Tech\CE-AI\Sem 7\MP\Datasets\archive (1)\clean_images\cattle\holstein-friesian\holstein-friesian_0391.jpg,cattle,holstein-friesian,cattle_holstein-friesian
D:\B.Tech\CE-AI\Sem 7\MP\Datasets\archive (1)\clean_images\cattle\tharparkar\tharparkar_0133.png,cattle,tharparkar,cattle_tharparkar
D:\B.Tech\CE-AI\Sem 7\MP\Datasets\archive (1)\clean_images\cattle\holstein-friesian\holstein-friesian_0399.jpg,cattle,holstein-friesian,cattle_holstein-friesian
D:\B.Tech\CE-AI\Sem 7\MP\Datasets\archive (1)\clean_images\cattle\holstein-friesian\holstein-friesian_0368.jpg,cattle,holstein-friesian,cattle_holstein-friesian
D:\B.Tech\CE-AI\Sem 7\MP\Datasets\archive (1)\clean_images\cattle\dangi\dangi_0036.jpg,cattle,dangi,cattle_dangi
D:\B.Tech\CE-AI\Sem 7\MP\Datasets\archive (1)\clean_images\cattle\gir\gir_0387.jpg,cattle,gir,cattle_gir
D:\B.Tech\CE-AI\Sem 7\MP\Datasets\archive (1)\clean_images\cattle\hallikar\hallikar_0142.jpg,cattle,hallikar,cattle_hallikar
D:\B.Tech\CE-AI\Sem 7\MP\Datasets\archive (1)\clean_images\cattle\amritmahal\amritmahal_0063.jpg,cattle,amritmahal,cattle_amritmahal
D:\B.Tech\CE-AI\Sem 7\MP\Datasets\archive (1)\clean_images\cattle\ongole\ongole_0116.png,cattle,ongole,cattle_ongole
D:\B.Tech\CE-AI\Sem 7\MP\Datasets\archive (1)\clean_images\cattle\khillar\khillar_0002.jpg,cattle,khillar,cattle_khillar
D:\B.Tech\CE-AI\Sem 7\MP\Datasets\archive (1)\clean_images\buffalo\bargur\bargur_0083.jpg,buffalo,bargur,buffalo_bargur
D:\B.Tech\CE-AI\Sem 7\MP\Datasets\archive (1)\clean_images\cattle\red_dane\red_dane_0032.jpg,cattle,red_dane,cattle_red_dane
D:\B.Tech\CE-AI\Sem 7\MP\Datasets\archive (1)\clean_images\cattle\vechur\vechur_0023.jpg,cattle,vechur,cattle_vechur
D:\B.Tech\CE-AI\Sem 7\MP\Datasets\archive (1)\clean_images\cattle\ayrshire\ayrshire_0277.jpg,cattle,ayrshire,cattle_ayrshire
D:\B.Tech\CE-AI\Sem 7\MP\Datasets\archive (1)\clean_images\buffalo\nagpuri\nagpuri_0156.jpg,buffalo,nagpuri,buffalo_nagpuri
D:\B.Tech\CE-AI\Sem 7\MP\Datasets\archive (1)\clean_images\cattle\khillar\khillar_0086.jpg,cattle,khillar,cattle_khillar
D:\B.Tech\CE-AI\Sem 7\MP\Datasets\archive (1)\clean_images\cattle\nimari\nimari_0017.jpg,cattle,nimari,cattle_nimari
D:\B.Tech\CE-AI\Sem 7\MP\Datasets\archive (1)\clean_images\buffalo\jaffarabadi\jaffarabadi_0045.png,buffalo,jaffarabadi,buffalo_jaffarabadi
D:\B.Tech\CE-AI\Sem 7\MP\Datasets\archive (1)\clean_images\cattle\jersey\jersey_0129.jpg,cattle,jersey,cattle_jersey
D:\B.Tech\CE-AI\Sem 7\MP\Datasets\archive (1)\clean_images\cattle\hariana\hariana_0056.png,cattle,hariana,cattle_hariana
D:\B.Tech\CE-AI\Sem 7\MP\Datasets\archive (1)\clean_images\buffalo\jaffarabadi\jaffarabadi_0013.png,buffalo,jaffarabadi,buffalo_jaffarabadi
D:\B.Tech\CE-AI\Sem 7\MP\Datasets\archive (1)\clean_images\cattle\red_dane\red_dane_0142.jpg,cattle,red_dane,cattle_red_dane
D:\B.Tech\CE-AI\Sem 7\MP\Datasets\archive (1)\clean_images\cattle\holstein-friesian\holstein-friesian_0305.jpg,cattle,holstein-friesian,cattle_holstein-friesian
D:\B.Tech\CE-AI\Sem 7\MP\Datasets\archive (1)\clean_images\cattle\hallikar\hallikar_0105.jpg,cattle,hallikar,cattle_hallikar
D:\B.Tech\CE-AI\Sem 7\MP\Datasets\archive (1)\clean_images\cattle\umblachery\umblachery_0037.jpg,cattle,umblachery,cattle_umblachery
D:\B.Tech\CE-AI\Sem 7\MP\Datasets\archive (1)\clean_images\cattle\gir\gir_0307.jpg,cattle,gir,cattle_gir
D:\B.Tech\CE-AI\Sem 7\MP\Datasets\archive (1)\clean_images\buffalo\surti\surti_0016.gif,buffalo,surti,buffalo_surti
D:\B.Tech\CE-AI\Sem 7\MP\Datasets\archive (1)\clean_images\cattle\ayrshire\ayrshire_0531.jpg,cattle,ayrshire,cattle_ayrshire
D:\B.Tech\CE-AI\Sem 7\MP\Datasets\archive (1)\clean_images\cattle\hallikar\hallikar_0162.jpg,cattle,hallikar,cattle_hallikar
D:\B.Tech\CE-AI\Sem 7\MP\Datasets\archive (1)\clean_images\cattle\amritmahal\amritmahal_0050.jpg,cattle,amritmahal,cattle_amritmahal
D:\B.Tech\CE-AI\Sem 7\MP\Datasets\archive (1)\clean_images\cattle\ayrshire\ayrshire_0140.jpg,cattle,ayrshire,cattle_ayrshire
D:\B.Tech\CE-AI\Sem 7\MP\Datasets\archive (1)\clean_images\cattle\red_dane\red_dane_0118.jpg,cattle,red_dane,cattle_red_dane
D:\B.Tech\CE-AI\Sem 7\MP\Datasets\archive (1)\clean_images\buffalo\jaffarabadi\jaffarabadi_0030.png,buffalo,jaffarabadi,buffalo_jaffarabadi
D:\B.Tech\CE-AI\Sem 7\MP\Datasets\archive (1)\clean_images\buffalo\alambadi\alambadi_0040.jpg,buffalo,alambadi,buffalo_alambadi
D:\B.Tech\CE-AI\Sem 7\MP\Datasets\archive (1)\clean_images\buffalo\bhadawari\bhadawari_0149.jpg,buffalo,bhadawari,buffalo_bhadawari
D:\B.Tech\CE-AI\Sem 7\MP\Datasets\archive (1)\clean_images\cattle\sahiwal\sahiwal_0381.jpeg,cattle,sahiwal,cattle_sahiwal
D:\B.Tech\CE-AI\Sem 7\MP\Datasets\archive (1)\clean_images\cattle\ongole\ongole_0109.jpg,cattle,ongole,cattle_ongole
D:\B.Tech\CE-AI\Sem 7\MP\Datasets\archive (1)\clean_images\cattle\brown_swiss\brown_swiss_0446.jpg,cattle,brown_swiss,cattle_brown_swiss
D:\B.Tech\CE-AI\Sem 7\MP\Datasets\archive (1)\clean_images\cattle\brown_swiss\brown_swiss_0342.jpg,cattle,brown_swiss,cattle_brown_swiss
D:\B.Tech\CE-AI\Sem 7\MP\Datasets\archive (1)\clean_images\cattle\holstein-friesian\holstein-friesian_0174.jpg,cattle,holstein-friesian,cattle_holstein-friesian
D:\B.Tech\CE-AI\Sem 7\MP\Datasets\archive (1)\clean_images\cattle\ayrshire\ayrshire_0496.jpg,cattle,ayrshire,cattle_ayrshire
D:\B.Tech\CE-AI\Sem 7\MP\Datasets\archive (1)\clean_images\cattle\sahiwal\sahiwal_0208.jpg,cattle,sahiwal,cattle_sahiwal
D:\B.Tech\CE-AI\Sem 7\MP\Datasets\archive (1)\clean_images\cattle\gir\gir_0129.jpg,cattle,gir,cattle_gir
D:\B.Tech\CE-AI\Sem 7\MP\Datasets\archive (1)\clean_images\cattle\holstein-friesian\holstein-friesian_0080.jpg,cattle,holstein-friesian,cattle_holstein-friesian
D:\B.Tech\CE-AI\Sem 7\MP\Datasets\archive (1)\clean_images\cattle\hariana\hariana_0027.png,cattle,hariana,cattle_hariana
D:\B.Tech\CE-AI\Sem 7\MP\Datasets\archive (1)\clean_images\cattle\malnad_gidda\malnad_gidda_0075.png,cattle,malnad_gidda,cattle_malnad_gidda
D:\B.Tech\CE-AI\Sem 7\MP\Datasets\archive (1)\clean_images\cattle\brown_swiss\brown_swiss_0074.jpg,cattle,brown_swiss,cattle_brown_swiss
D:\B.Tech\CE-AI\Sem 7\MP\Datasets\archive (1)\clean_images\cattle\sahiwal\sahiwal_0319.jpg,cattle,sahiwal,cattle_sahiwal
D:\B.Tech\CE-AI\Sem 7\MP\Datasets\archive (1)\clean_images\cattle\ayrshire\ayrshire_0377.jpg,cattle,ayrshire,cattle_ayrshire
D:\B.Tech\CE-AI\Sem 7\MP\Datasets\archive (1)\clean_images\cattle\holstein-friesian\holstein-friesian_0514.jpg,cattle,holstein-friesian,cattle_holstein-friesian
D:\B.Tech\CE-AI\Sem 7\MP\Datasets\archive (1)\clean_images\cattle\sahiwal\sahiwal_0389.jpg,cattle,sahiwal,cattle_sahiwal
D:\B.Tech\CE-AI\Sem 7\MP\Datasets\archive (1)\clean_images\cattle\rathi\rathi_0018.jpg,cattle,rathi,cattle_rathi
D:\B.Tech\CE-AI\Sem 7\MP\Datasets\archive (1)\clean_images\cattle\gir\gir_0378.jpg,cattle,gir,cattle_gir
D:\B.Tech\CE-AI\Sem 7\MP\Datasets\archive (1)\clean_images\cattle\hariana\hariana_0116.jpg,cattle,hariana,cattle_hariana
D:\B.Tech\CE-AI\Sem 7\MP\Datasets\archive (1)\clean_images\cattle\malnad_gidda\malnad_gidda_0104.png,cattle,malnad_gidda,cattle_malnad_gidda
D:\B.Tech\CE-AI\Sem 7\MP\Datasets\archive (1)\clean_images\cattle\bargur\bargur_0089.jpg,cattle,bargur,cattle_bargur
D:\B.Tech\CE-AI\Sem 7\MP\Datasets\archive (1)\clean_images\buffalo\banni\banni_0107.jpg,buffalo,banni,buffalo_banni
D:\B.Tech\CE-AI\Sem 7\MP\Datasets\archive (1)\clean_images\cattle\holstein-friesian\holstein-friesian_0412.jpg,cattle,holstein-friesian,cattle_holstein-friesian
D:\B.Tech\CE-AI\Sem 7\MP\Datasets\archive (1)\clean_images\cattle\malnad_gidda\malnad_gidda_0026.jpg,cattle,malnad_gidda,cattle_malnad_gidda
D:\B.Tech\CE-AI\Sem 7\MP\Datasets\archive (1)\clean_images\cattle\nimari\nimari_0065.png,cattle,nimari,cattle_nimari
D:\B.Tech\CE-AI\Sem 7\MP\Datasets\archive (1)\clean_images\cattle\ayrshire\ayrshire_0374.jpg,cattle,ayrshire,cattle_ayrshire
D:\B.Tech\CE-AI\Sem 7\MP\Datasets\archive (1)\clean_images\cattle\sahiwal\sahiwal_0125.png,cattle,sahiwal,cattle_sahiwal
D:\B.Tech\CE-AI\Sem 7\MP\Datasets\archive (1)\clean_images\cattle\holstein-friesian\holstein-friesian_0069.jpg,cattle,holstein-friesian,cattle_holstein-friesian
D:\B.Tech\CE-AI\Sem 7\MP\Datasets\archive (1)\clean_images\cattle\guernsey\guernsey_0029.jpg,cattle,guernsey,cattle_guernsey
D:\B.Tech\CE-AI\Sem 7\MP\Datasets\archive (1)\clean_images\cattle\malnad_gidda\malnad_gidda_0019.jpg,cattle,malnad_gidda,cattle_malnad_gidda
D:\B.Tech\CE-AI\Sem 7\MP\Datasets\archive (1)\clean_images\cattle\red_dane\red_dane_0028.jpg,cattle,red_dane,cattle_red_dane
D:\B.Tech\CE-AI\Sem 7\MP\Datasets\archive (1)\clean_images\cattle\bargur\bargur_0006.jpg,cattle,bargur,cattle_bargur
D:\B.Tech\CE-AI\Sem 7\MP\Datasets\archive (1)\clean_images\cattle\gir\gir_0428.jpg,cattle,gir,cattle_gir
D:\B.Tech\CE-AI\Sem 7\MP\Datasets\archive (1)\clean_images\cattle\ayrshire\ayrshire_0415.jpg,cattle,ayrshire,cattle_ayrshire
D:\B.Tech\CE-AI\Sem 7\MP\Datasets\archive (1)\clean_images\buffalo\nagpuri\nagpuri_0020.jpg,buffalo,nagpuri,buffalo_nagpuri
D:\B.Tech\CE-AI\Sem 7\MP\Datasets\archive (1)\clean_images\cattle\kankrej\kankrej_0061.jpg,cattle,kankrej,cattle_kankrej
D:\B.Tech\CE-AI\Sem 7\MP\Datasets\archive (1)\clean_images\cattle\red_sindhi\red_sindhi_0037.png,cattle,red_sindhi,cattle_red_sindhi
D:\B.Tech\CE-AI\Sem 7\MP\Datasets\archive (1)\clean_images\cattle\bargur\bargur_0096.png,cattle,bargur,cattle_bargur
D:\B.Tech\CE-AI\Sem 7\MP\Datasets\archive (1)\clean_images\buffalo\surti\surti_0013.jpg,buffalo,surti,buffalo_surti
D:\B.Tech\CE-AI\Sem 7\MP\Datasets\archive (1)\clean_images\cattle\holstein-friesian\holstein-friesian_0475.png,cattle,holstein-friesian,cattle_holstein-friesian
D:\B.Tech\CE-AI\Sem 7\MP\Datasets\archive (1)\clean_images\buffalo\nagpuri\nagpuri_0129.jpg,buffalo,nagpuri,buffalo_nagpuri
D:\B.Tech\CE-AI\Sem 7\MP\Datasets\archive (1)\clean_images\cattle\kenkatha\kenkatha_0067.jpg,cattle,kenkatha,cattle_kenkatha
D:\B.Tech\CE-AI\Sem 7\MP\Datasets\archive (1)\clean_images\cattle\holstein-friesian\holstein-friesian_0489.jpg,cattle,holstein-friesian,cattle_holstein-friesian
D:\B.Tech\CE-AI\Sem 7\MP\Datasets\archive (1)\clean_images\cattle\ayrshire\ayrshire_0048.jpg,cattle,ayrshire,cattle_ayrshire
D:\B.Tech\CE-AI\Sem 7\MP\Datasets\archive (1)\clean_images\buffalo\nili_ravi\nili_ravi_0061.jpg,buffalo,nili_ravi,buffalo_nili_ravi
D:\B.Tech\CE-AI\Sem 7\MP\Datasets\archive (1)\clean_images\cattle\brown_swiss\brown_swiss_0157.jpg,cattle,brown_swiss,cattle_brown_swiss
D:\B.Tech\CE-AI\Sem 7\MP\Datasets\archive (1)\clean_images\cattle\sahiwal\sahiwal_0165.jpg,cattle,sahiwal,cattle_sahiwal
D:\B.Tech\CE-AI\Sem 7\MP\Datasets\archive (1)\clean_images\cattle\amritmahal\amritmahal_0126.png,cattle,amritmahal,cattle_amritmahal
D:\B.Tech\CE-AI\Sem 7\MP\Datasets\archive (1)\clean_images\cattle\amritmahal\amritmahal_0170.jpg,cattle,amritmahal,cattle_amritmahal
D:\B.Tech\CE-AI\Sem 7\MP\Datasets\archive (1)\clean_images\cattle\guernsey\guernsey_0181.jpg,cattle,guernsey,cattle_guernsey
D:\B.Tech\CE-AI\Sem 7\MP\Datasets\archive (1)\clean_images\cattle\ayrshire\ayrshire_0411.jpg,cattle,ayrshire,cattle_ayrshire
D:\B.Tech\CE-AI\Sem 7\MP\Datasets\archive (1)\clean_images\cattle\deoni\deoni_0098.jpg,cattle,deoni,cattle_deoni
D:\B.Tech\CE-AI\Sem 7\MP\Datasets\archive (1)\clean_images\cattle\holstein-friesian\holstein-friesian_0070.jpg,cattle,holstein-friesian,cattle_holstein-friesian
D:\B.Tech\CE-AI\Sem 7\MP\Datasets\archive (1)\clean_images\cattle\bargur\bargur_0102.png,cattle,bargur,cattle_bargur
D:\B.Tech\CE-AI\Sem 7\MP\Datasets\archive (1)\clean_images\cattle\pulikulam\pulikulam_0013.jpg,cattle,pulikulam,cattle_pulikulam
D:\B.Tech\CE-AI\Sem 7\MP\Datasets\archive (1)\clean_images\cattle\amritmahal\amritmahal_0186.jpg,cattle,amritmahal,cattle_amritmahal
D:\B.Tech\CE-AI\Sem 7\MP\Datasets\archive (1)\clean_images\cattle\kherigarh\kherigarh_0007.jpg,cattle,kherigarh,cattle_kherigarh
D:\B.Tech\CE-AI\Sem 7\MP\Datasets\archive (1)\clean_images\cattle\hallikar\hallikar_0144.jpg,cattle,hallikar,cattle_hallikar
D:\B.Tech\CE-AI\Sem 7\MP\Datasets\archive (1)\clean_images\cattle\ongole\ongole_0115.jpg,cattle,ongole,cattle_ongole
D:\B.Tech\CE-AI\Sem 7\MP\Datasets\archive (1)\clean_images\cattle\vechur\vechur_0112.png,cattle,vechur,cattle_vechur
D:\B.Tech\CE-AI\Sem 7\MP\Datasets\archive (1)\clean_images\cattle\gir\gir_0665.png,cattle,gir,cattle_gir
D:\B.Tech\CE-AI\Sem 7\MP\Datasets\archive (1)\clean_images\cattle\jersey\jersey_0170.jpg,cattle,jersey,cattle_jersey
D:\B.Tech\CE-AI\Sem 7\MP\Datasets\archive (1)\clean_images\cattle\guernsey\guernsey_0207.jpg,cattle,guernsey,cattle_guernsey
D:\B.Tech\CE-AI\Sem 7\MP\Datasets\archive (1)\clean_images\cattle\gir\gir_0119.jpg,cattle,gir,cattle_gir
D:\B.Tech\CE-AI\Sem 7\MP\Datasets\archive (1)\clean_images\buffalo\bhadawari\bhadawari_0061.jpg,buffalo,bhadawari,buffalo_bhadawari
D:\B.Tech\CE-AI\Sem 7\MP\Datasets\archive (1)\clean_images\cattle\amritmahal\amritmahal_0154.jpg,cattle,amritmahal,cattle_amritmahal
D:\B.Tech\CE-AI\Sem 7\MP\Datasets\archive (1)\clean_images\cattle\ongole\ongole_0129.jpg,cattle,ongole,cattle_ongole
D:\B.Tech\CE-AI\Sem 7\MP\Datasets\archive (1)\clean_images\cattle\gir\gir_0455.jpg,cattle,gir,cattle_gir
D:\B.Tech\CE-AI\Sem 7\MP\Datasets\archive (1)\clean_images\cattle\bargur\bargur_0097.png,cattle,bargur,cattle_bargur
D:\B.Tech\CE-AI\Sem 7\MP\Datasets\archive (1)\clean_images\cattle\brown_swiss\brown_swiss_0443.jpg,cattle,brown_swiss,cattle_brown_swiss
D:\B.Tech\CE-AI\Sem 7\MP\Datasets\archive (1)\clean_images\cattle\bargur\bargur_0084.jpg,cattle,bargur,cattle_bargur
D:\B.Tech\CE-AI\Sem 7\MP\Datasets\archive (1)\clean_images\buffalo\alambadi\alambadi_0013.jpg,buffalo,alambadi,buffalo_alambadi
D:\B.Tech\CE-AI\Sem 7\MP\Datasets\archive (1)\clean_images\cattle\gir\gir_0229.jpg,cattle,gir,cattle_gir
D:\B.Tech\CE-AI\Sem 7\MP\Datasets\archive (1)\clean_images\buffalo\murrah\murrah_0144.jpg,buffalo,murrah,buffalo_murrah
D:\B.Tech\CE-AI\Sem 7\MP\Datasets\archive (1)\clean_images\buffalo\nagpuri\nagpuri_0088.jpg,buffalo,nagpuri,buffalo_nagpuri
D:\B.Tech\CE-AI\Sem 7\MP\Datasets\archive (1)\clean_images\cattle\brown_swiss\brown_swiss_0264.jpg,cattle,brown_swiss,cattle_brown_swiss
D:\B.Tech\CE-AI\Sem 7\MP\Datasets\archive (1)\clean_images\cattle\pulikulam\pulikulam_0053.jpg,cattle,pulikulam,cattle_pulikulam
D:\B.Tech\CE-AI\Sem 7\MP\Datasets\archive (1)\clean_images\cattle\red_dane\red_dane_0078.jpg,cattle,red_dane,cattle_red_dane
D:\B.Tech\CE-AI\Sem 7\MP\Datasets\archive (1)\clean_images\cattle\ayrshire\ayrshire_0436.jpg,cattle,ayrshire,cattle_ayrshire
D:\B.Tech\CE-AI\Sem 7\MP\Datasets\archive (1)\clean_images\buffalo\banni\banni_0100.jpg,buffalo,banni,buffalo_banni
D:\B.Tech\CE-AI\Sem 7\MP\Datasets\archive (1)\clean_images\cattle\dangi\dangi_0030.jpg,cattle,dangi,cattle_dangi
D:\B.Tech\CE-AI\Sem 7\MP\Datasets\archive (1)\clean_images\cattle\ongole\ongole_0046.jpg,cattle,ongole,cattle_ongole
D:\B.Tech\CE-AI\Sem 7\MP\Datasets\archive (1)\clean_images\cattle\brown_swiss\brown_swiss_0199.jpg,cattle,brown_swiss,cattle_brown_swiss
D:\B.Tech\CE-AI\Sem 7\MP\Datasets\archive (1)\clean_images\cattle\ayrshire\ayrshire_0699.jpg,cattle,ayrshire,cattle_ayrshire
D:\B.Tech\CE-AI\Sem 7\MP\Datasets\archive (1)\clean_images\cattle\khillar\khillar_0124.jpg,cattle,khillar,cattle_khillar
D:\B.Tech\CE-AI\Sem 7\MP\Datasets\archive (1)\clean_images\cattle\tharparkar\tharparkar_0164.jpg,cattle,tharparkar,cattle_tharparkar
D:\B.Tech\CE-AI\Sem 7\MP\Datasets\archive (1)\clean_images\cattle\ayrshire\ayrshire_0437.jpg,cattle,ayrshire,cattle_ayrshire
D:\B.Tech\CE-AI\Sem 7\MP\Datasets\archive (1)\clean_images\buffalo\surti\surti_0018.png,buffalo,surti,buffalo_surti
D:\B.Tech\CE-AI\Sem 7\MP\Datasets\archive (1)\clean_images\cattle\gir\gir_0377.jpg,cattle,gir,cattle_gir
D:\B.Tech\CE-AI\Sem 7\MP\Datasets\archive (1)\clean_images\buffalo\bargur\bargur_0050.jpg,buffalo,bargur,buffalo_bargur
D:\B.Tech\CE-AI\Sem 7\MP\Datasets\archive (1)\clean_images\cattle\holstein-friesian\holstein-friesian_0151.jpg,cattle,holstein-friesian,cattle_holstein-friesian
D:\B.Tech\CE-AI\Sem 7\MP\Datasets\archive (1)\clean_images\buffalo\nagpuri\nagpuri_0092.jpg,buffalo,nagpuri,buffalo_nagpuri
D:\B.Tech\CE-AI\Sem 7\MP\Datasets\archive (1)\clean_images\cattle\guernsey\guernsey_0114.jpg,cattle,guernsey,cattle_guernsey
D:\B.Tech\CE-AI\Sem 7\MP\Datasets\archive (1)\clean_images\cattle\holstein-friesian\holstein-friesian_0398.jpg,cattle,holstein-friesian,cattle_holstein-friesian
D:\B.Tech\CE-AI\Sem 7\MP\Datasets\archive (1)\clean_images\buffalo\surti\surti_0047.png,buffalo,surti,buffalo_surti
D:\B.Tech\CE-AI\Sem 7\MP\Datasets\archive (1)\clean_images\buffalo\surti\surti_0015.png,buffalo,surti,buffalo_surti
D:\B.Tech\CE-AI\Sem 7\MP\Datasets\archive (1)\clean_images\cattle\brown_swiss\brown_swiss_0140.jpg,cattle,brown_swiss,cattle_brown_swiss
D:\B.Tech\CE-AI\Sem 7\MP\Datasets\archive (1)\clean_images\cattle\brown_swiss\brown_swiss_0163.jpg,cattle,brown_swiss,cattle_brown_swiss
D:\B.Tech\CE-AI\Sem 7\MP\Datasets\archive (1)\clean_images\cattle\ongole\ongole_0025.png,cattle,ongole,cattle_ongole
D:\B.Tech\CE-AI\Sem 7\MP\Datasets\archive (1)\clean_images\cattle\hariana\hariana_0012.jpg,cattle,hariana,cattle_hariana
D:\B.Tech\CE-AI\Sem 7\MP\Datasets\archive (1)\clean_images\cattle\gir\gir_0744.jpg,cattle,gir,cattle_gir
D:\B.Tech\CE-AI\Sem 7\MP\Datasets\archive (1)\clean_images\cattle\holstein-friesian\holstein-friesian_0515.jpg,cattle,holstein-friesian,cattle_holstein-friesian
D:\B.Tech\CE-AI\Sem 7\MP\Datasets\archive (1)\clean_images\cattle\ayrshire\ayrshire_0089.jpg,cattle,ayrshire,cattle_ayrshire
D:\B.Tech\CE-AI\Sem 7\MP\Datasets\archive (1)\clean_images\buffalo\mehsana\mehsana_0031.jpg,buffalo,mehsana,buffalo_mehsana
D:\B.Tech\CE-AI\Sem 7\MP\Datasets\archive (1)\clean_images\cattle\red_dane\red_dane_0137.jpg,cattle,red_dane,cattle_red_dane
D:\B.Tech\CE-AI\Sem 7\MP\Datasets\archive (1)\clean_images\cattle\brown_swiss\brown_swiss_0208.jpg,cattle,brown_swiss,cattle_brown_swiss
D:\B.Tech\CE-AI\Sem 7\MP\Datasets\archive (1)\clean_images\cattle\dangi\dangi_0060.jpg,cattle,dangi,cattle_dangi
D:\B.Tech\CE-AI\Sem 7\MP\Datasets\archive (1)\clean_images\cattle\red_sindhi\red_sindhi_0076.png,cattle,red_sindhi,cattle_red_sindhi
D:\B.Tech\CE-AI\Sem 7\MP\Datasets\archive (1)\clean_images\cattle\gir\gir_0491.jpg,cattle,gir,cattle_gir
D:\B.Tech\CE-AI\Sem 7\MP\Datasets\archive (1)\clean_images\cattle\amritmahal\amritmahal_0031.jpg,cattle,amritmahal,cattle_amritmahal
D:\B.Tech\CE-AI\Sem 7\MP\Datasets\archive (1)\clean_images\cattle\gir\gir_0150.jpg,cattle,gir,cattle_gir
D:\B.Tech\CE-AI\Sem 7\MP\Datasets\archive (1)\clean_images\cattle\sahiwal\sahiwal_0149.jpg,cattle,sahiwal,cattle_sahiwal
D:\B.Tech\CE-AI\Sem 7\MP\Datasets\archive (1)\clean_images\cattle\gir\gir_0607.jpg,cattle,gir,cattle_gir
D:\B.Tech\CE-AI\Sem 7\MP\Datasets\archive (1)\clean_images\buffalo\alambadi\alambadi_0153.jpg,buffalo,alambadi,buffalo_alambadi
D:\B.Tech\CE-AI\Sem 7\MP\Datasets\archive (1)\clean_images\cattle\ongole\ongole_0040.jpg,cattle,ongole,cattle_ongole
D:\B.Tech\CE-AI\Sem 7\MP\Datasets\archive (1)\clean_images\cattle\malnad_gidda\malnad_gidda_0002.jpg,cattle,malnad_gidda,cattle_malnad_gidda
D:\B.Tech\CE-AI\Sem 7\MP\Datasets\archive (1)\clean_images\cattle\amritmahal\amritmahal_0155.jpg,cattle,amritmahal,cattle_amritmahal
D:\B.Tech\CE-AI\Sem 7\MP\Datasets\archive (1)\clean_images\cattle\sahiwal\sahiwal_0414.jpg,cattle,sahiwal,cattle_sahiwal
D:\B.Tech\CE-AI\Sem 7\MP\Datasets\archive (1)\clean_images\cattle\red_dane\red_dane_0143.jpg,cattle,red_dane,cattle_red_dane
D:\B.Tech\CE-AI\Sem 7\MP\Datasets\archive (1)\clean_images\buffalo\toda\toda_0121.jpg,buffalo,toda,buffalo_toda
D:\B.Tech\CE-AI\Sem 7\MP\Datasets\archive (1)\clean_images\cattle\ongole\ongole_0173.png,cattle,ongole,cattle_ongole
D:\B.Tech\CE-AI\Sem 7\MP\Datasets\archive (1)\clean_images\buffalo\murrah\murrah_0153.jpg,buffalo,murrah,buffalo_murrah
D:\B.Tech\CE-AI\Sem 7\MP\Datasets\archive (1)\clean_images\buffalo\bhadawari\bhadawari_0068.jpg,buffalo,bhadawari,buffalo_bhadawari
D:\B.Tech\CE-AI\Sem 7\MP\Datasets\archive (1)\clean_images\cattle\holstein-friesian\holstein-friesian_0266.jpg,cattle,holstein-friesian,cattle_holstein-friesian
D:\B.Tech\CE-AI\Sem 7\MP\Datasets\archive (1)\clean_images\cattle\deoni\deoni_0074.jpg,cattle,deoni,cattle_deoni
D:\B.Tech\CE-AI\Sem 7\MP\Datasets\archive (1)\clean_images\cattle\ayrshire\ayrshire_0175.jpg,cattle,ayrshire,cattle_ayrshire
D:\B.Tech\CE-AI\Sem 7\MP\Datasets\archive (1)\clean_images\cattle\kankrej\kankrej_0120.png,cattle,kankrej,cattle_kankrej
D:\B.Tech\CE-AI\Sem 7\MP\Datasets\archive (1)\clean_images\buffalo\murrah\murrah_0082.jpg,buffalo,murrah,buffalo_murrah
D:\B.Tech\CE-AI\Sem 7\MP\Datasets\archive (1)\clean_images\buffalo\alambadi\alambadi_0160.jpg,buffalo,alambadi,buffalo_alambadi
D:\B.Tech\CE-AI\Sem 7\MP\Datasets\archive (1)\clean_images\cattle\kherigarh\kherigarh_0021.jpg,cattle,kherigarh,cattle_kherigarh
D:\B.Tech\CE-AI\Sem 7\MP\Datasets\archive (1)\clean_images\cattle\gir\gir_0051.jpg,cattle,gir,cattle_gir
D:\B.Tech\CE-AI\Sem 7\MP\Datasets\archive (1)\clean_images\cattle\ayrshire\ayrshire_0351.jpg,cattle,ayrshire,cattle_ayrshire
D:\B.Tech\CE-AI\Sem 7\MP\Datasets\archive (1)\clean_images\cattle\hariana\hariana_0048.jpg,cattle,hariana,cattle_hariana
D:\B.Tech\CE-AI\Sem 7\MP\Datasets\archive (1)\clean_images\buffalo\toda\toda_0001.jpg,buffalo,toda,buffalo_toda
D:\B.Tech\CE-AI\Sem 7\MP\Datasets\archive (1)\clean_images\cattle\sahiwal\sahiwal_0133.jpeg,cattle,sahiwal,cattle_sahiwal
D:\B.Tech\CE-AI\Sem 7\MP\Datasets\archive (1)\clean_images\cattle\deoni\deoni_0204.jpg,cattle,deoni,cattle_deoni
D:\B.Tech\CE-AI\Sem 7\MP\Datasets\archive (1)\clean_images\cattle\holstein-friesian\holstein-friesian_0158.jpg,cattle,holstein-friesian,cattle_holstein-friesian
D:\B.Tech\CE-AI\Sem 7\MP\Datasets\archive (1)\clean_images\cattle\sahiwal\sahiwal_0140.jpg,cattle,sahiwal,cattle_sahiwal
D:\B.Tech\CE-AI\Sem 7\MP\Datasets\archive (1)\clean_images\cattle\guernsey\guernsey_0129.jpg,cattle,guernsey,cattle_guernsey
D:\B.Tech\CE-AI\Sem 7\MP\Datasets\archive (1)\clean_images\cattle\rathi\rathi_0126.png,cattle,rathi,cattle_rathi
D:\B.Tech\CE-AI\Sem 7\MP\Datasets\archive (1)\clean_images\cattle\ayrshire\ayrshire_0205.jpg,cattle,ayrshire,cattle_ayrshire
D:\B.Tech\CE-AI\Sem 7\MP\Datasets\archive (1)\clean_images\buffalo\murrah\murrah_0057.jpg,buffalo,murrah,buffalo_murrah
D:\B.Tech\CE-AI\Sem 7\MP\Datasets\archive (1)\clean_images\cattle\hallikar\hallikar_0149.png,cattle,hallikar,cattle_hallikar
D:\B.Tech\CE-AI\Sem 7\MP\Datasets\archive (1)\clean_images\buffalo\bhadawari\bhadawari_0151.jpg,buffalo,bhadawari,buffalo_bhadawari
D:\B.Tech\CE-AI\Sem 7\MP\Datasets\archive (1)\clean_images\cattle\malnad_gidda\malnad_gidda_0011.png,cattle,malnad_gidda,cattle_malnad_gidda
D:\B.Tech\CE-AI\Sem 7\MP\Datasets\archive (1)\clean_images\cattle\ayrshire\ayrshire_0609.jpg,cattle,ayrshire,cattle_ayrshire
D:\B.Tech\CE-AI\Sem 7\MP\Datasets\archive (1)\clean_images\cattle\ayrshire\ayrshire_0063.jpg,cattle,ayrshire,cattle_ayrshire
D:\B.Tech\CE-AI\Sem 7\MP\Datasets\archive (1)\clean_images\cattle\vechur\vechur_0004.jpg,cattle,vechur,cattle_vechur
D:\B.Tech\CE-AI\Sem 7\MP\Datasets\archive (1)\clean_images\cattle\gir\gir_0543.jpg,cattle,gir,cattle_gir
D:\B.Tech\CE-AI\Sem 7\MP\Datasets\archive (1)\clean_images\cattle\tharparkar\tharparkar_0054.jpg,cattle,tharparkar,cattle_tharparkar
D:\B.Tech\CE-AI\Sem 7\MP\Datasets\archive (1)\clean_images\buffalo\banni\banni_0034.jpg,buffalo,banni,buffalo_banni
D:\B.Tech\CE-AI\Sem 7\MP\Datasets\archive (1)\clean_images\cattle\gir\gir_0659.png,cattle,gir,cattle_gir
D:\B.Tech\CE-AI\Sem 7\MP\Datasets\archive (1)\clean_images\cattle\ayrshire\ayrshire_0498.jpg,cattle,ayrshire,cattle_ayrshire
D:\B.Tech\CE-AI\Sem 7\MP\Datasets\archive (1)\clean_images\cattle\rathi\rathi_0147.png,cattle,rathi,cattle_rathi
D:\B.Tech\CE-AI\Sem 7\MP\Datasets\archive (1)\clean_images\cattle\gir\gir_0626.jpg,cattle,gir,cattle_gir
D:\B.Tech\CE-AI\Sem 7\MP\Datasets\archive (1)\clean_images\cattle\red_sindhi\red_sindhi_0148.jpg,cattle,red_sindhi,cattle_red_sindhi
D:\B.Tech\CE-AI\Sem 7\MP\Datasets\archive (1)\clean_images\cattle\kankrej\kankrej_0136.png,cattle,kankrej,cattle_kankrej
D:\B.Tech\CE-AI\Sem 7\MP\Datasets\archive (1)\clean_images\cattle\khillar\khillar_0072.png,cattle,khillar,cattle_khillar
D:\B.Tech\CE-AI\Sem 7\MP\Datasets\archive (1)\clean_images\cattle\gir\gir_0230.jpg,cattle,gir,cattle_gir
D:\B.Tech\CE-AI\Sem 7\MP\Datasets\archive (1)\clean_images\cattle\brown_swiss\brown_swiss_0102.jpg,cattle,brown_swiss,cattle_brown_swiss
D:\B.Tech\CE-AI\Sem 7\MP\Datasets\archive (1)\clean_images\buffalo\banni\banni_0041.jpg,buffalo,banni,buffalo_banni
D:\B.Tech\CE-AI\Sem 7\MP\Datasets\archive (1)\clean_images\buffalo\bargur\bargur_0001.jpg,buffalo,bargur,buffalo_bargur
D:\B.Tech\CE-AI\Sem 7\MP\Datasets\archive (1)\clean_images\cattle\krishna_valley\krishna_valley_0139.jpg,cattle,krishna_valley,cattle_krishna_valley
D:\B.Tech\CE-AI\Sem 7\MP\Datasets\archive (1)\clean_images\buffalo\nagpuri\nagpuri_0032.jpg,buffalo,nagpuri,buffalo_nagpuri
D:\B.Tech\CE-AI\Sem 7\MP\Datasets\archive (1)\clean_images\cattle\dangi\dangi_0013.jpg,cattle,dangi,cattle_dangi
D:\B.Tech\CE-AI\Sem 7\MP\Datasets\archive (1)\clean_images\cattle\brown_swiss\brown_swiss_0103.jpg,cattle,brown_swiss,cattle_brown_swiss
D:\B.Tech\CE-AI\Sem 7\MP\Datasets\archive (1)\clean_images\cattle\red_dane\red_dane_0094.jpg,cattle,red_dane,cattle_red_dane
D:\B.Tech\CE-AI\Sem 7\MP\Datasets\archive (1)\clean_images\cattle\red_sindhi\red_sindhi_0141.jpg,cattle,red_sindhi,cattle_red_sindhi
D:\B.Tech\CE-AI\Sem 7\MP\Datasets\archive (1)\clean_images\cattle\brown_swiss\brown_swiss_0417.jpg,cattle,brown_swiss,cattle_brown_swiss
D:\B.Tech\CE-AI\Sem 7\MP\Datasets\archive (1)\clean_images\cattle\pulikulam\pulikulam_0019.png,cattle,pulikulam,cattle_pulikulam
D:\B.Tech\CE-AI\Sem 7\MP\Datasets\archive (1)\clean_images\cattle\bargur\bargur_0031.png,cattle,bargur,cattle_bargur
D:\B.Tech\CE-AI\Sem 7\MP\Datasets\archive (1)\clean_images\cattle\gir\gir_0160.jpg,cattle,gir,cattle_gir
D:\B.Tech\CE-AI\Sem 7\MP\Datasets\archive (1)\clean_images\cattle\gir\gir_0151.jpg,cattle,gir,cattle_gir
D:\B.Tech\CE-AI\Sem 7\MP\Datasets\archive (1)\clean_images\cattle\gir\gir_0046.jpg,cattle,gir,cattle_gir
D:\B.Tech\CE-AI\Sem 7\MP\Datasets\archive (1)\clean_images\cattle\guernsey\guernsey_0031.jpg,cattle,guernsey,cattle_guernsey
D:\B.Tech\CE-AI\Sem 7\MP\Datasets\archive (1)\clean_images\cattle\hariana\hariana_0018.png,cattle,hariana,cattle_hariana
D:\B.Tech\CE-AI\Sem 7\MP\Datasets\archive (1)\clean_images\cattle\holstein-friesian\holstein-friesian_0023.jpg,cattle,holstein-friesian,cattle_holstein-friesian
D:\B.Tech\CE-AI\Sem 7\MP\Datasets\archive (1)\clean_images\cattle\sahiwal\sahiwal_0435.jpg,cattle,sahiwal,cattle_sahiwal
D:\B.Tech\CE-AI\Sem 7\MP\Datasets\archive (1)\clean_images\cattle\jersey\jersey_0109.jpg,cattle,jersey,cattle_jersey
D:\B.Tech\CE-AI\Sem 7\MP\Datasets\archive (1)\clean_images\cattle\brown_swiss\brown_swiss_0141.jpg,cattle,brown_swiss,cattle_brown_swiss
D:\B.Tech\CE-AI\Sem 7\MP\Datasets\archive (1)\clean_images\cattle\ayrshire\ayrshire_0031.jpg,cattle,ayrshire,cattle_ayrshire
D:\B.Tech\CE-AI\Sem 7\MP\Datasets\archive (1)\clean_images\cattle\brown_swiss\brown_swiss_0306.jpg,cattle,brown_swiss,cattle_brown_swiss
D:\B.Tech\CE-AI\Sem 7\MP\Datasets\archive (1)\clean_images\cattle\ongole\ongole_0103.jpg,cattle,ongole,cattle_ongole
D:\B.Tech\CE-AI\Sem 7\MP\Datasets\archive (1)\clean_images\cattle\hallikar\hallikar_0167.jpg,cattle,hallikar,cattle_hallikar
D:\B.Tech\CE-AI\Sem 7\MP\Datasets\archive (1)\clean_images\cattle\rathi\rathi_0156.png,cattle,rathi,cattle_rathi
D:\B.Tech\CE-AI\Sem 7\MP\Datasets\archive (1)\clean_images\cattle\sahiwal\sahiwal_0282.png,cattle,sahiwal,cattle_sahiwal
D:\B.Tech\CE-AI\Sem 7\MP\Datasets\archive (1)\clean_images\cattle\deoni\deoni_0097.jpg,cattle,deoni,cattle_deoni
D:\B.Tech\CE-AI\Sem 7\MP\Datasets\archive (1)\clean_images\cattle\brown_swiss\brown_swiss_0249.jpg,cattle,brown_swiss,cattle_brown_swiss
D:\B.Tech\CE-AI\Sem 7\MP\Datasets\archive (1)\clean_images\buffalo\nagpuri\nagpuri_0192.jpg,buffalo,nagpuri,buffalo_nagpuri
D:\B.Tech\CE-AI\Sem 7\MP\Datasets\archive (1)\clean_images\cattle\brown_swiss\brown_swiss_0232.jpg,cattle,brown_swiss,cattle_brown_swiss
D:\B.Tech\CE-AI\Sem 7\MP\Datasets\archive (1)\clean_images\cattle\holstein-friesian\holstein-friesian_0167.jpg,cattle,holstein-friesian,cattle_holstein-friesian
D:\B.Tech\CE-AI\Sem 7\MP\Datasets\archive (1)\clean_images\cattle\holstein-friesian\holstein-friesian_0362.jpg,cattle,holstein-friesian,cattle_holstein-friesian
D:\B.Tech\CE-AI\Sem 7\MP\Datasets\archive (1)\clean_images\cattle\tharparkar\tharparkar_0211.png,cattle,tharparkar,cattle_tharparkar
D:\B.Tech\CE-AI\Sem 7\MP\Datasets\archive (1)\clean_images\buffalo\alambadi\alambadi_0121.jpg,buffalo,alambadi,buffalo_alambadi
D:\B.Tech\CE-AI\Sem 7\MP\Datasets\archive (1)\clean_images\cattle\gir\gir_0291.jpg,cattle,gir,cattle_gir
D:\B.Tech\CE-AI\Sem 7\MP\Datasets\archive (1)\clean_images\cattle\vechur\vechur_0117.png,cattle,vechur,cattle_vechur
D:\B.Tech\CE-AI\Sem 7\MP\Datasets\archive (1)\clean_images\buffalo\jaffarabadi\jaffarabadi_0037.png,buffalo,jaffarabadi,buffalo_jaffarabadi
D:\B.Tech\CE-AI\Sem 7\MP\Datasets\archive (1)\clean_images\cattle\ayrshire\ayrshire_0484.jpg,cattle,ayrshire,cattle_ayrshire
D:\B.Tech\CE-AI\Sem 7\MP\Datasets\archive (1)\clean_images\cattle\vechur\vechur_0028.jpg,cattle,vechur,cattle_vechur
D:\B.Tech\CE-AI\Sem 7\MP\Datasets\archive (1)\clean_images\cattle\holstein-friesian\holstein-friesian_0453.jpg,cattle,holstein-friesian,cattle_holstein-friesian
D:\B.Tech\CE-AI\Sem 7\MP\Datasets\archive (1)\clean_images\cattle\gir\gir_0751.jpg,cattle,gir,cattle_gir
D:\B.Tech\CE-AI\Sem 7\MP\Datasets\archive (1)\clean_images\cattle\guernsey\guernsey_0166.jpg,cattle,guernsey,cattle_guernsey
D:\B.Tech\CE-AI\Sem 7\MP\Datasets\archive (1)\clean_images\cattle\pulikulam\pulikulam_0056.png,cattle,pulikulam,cattle_pulikulam
D:\B.Tech\CE-AI\Sem 7\MP\Datasets\archive (1)\clean_images\cattle\dangi\dangi_0003.jpg,cattle,dangi,cattle_dangi
D:\B.Tech\CE-AI\Sem 7\MP\Datasets\archive (1)\clean_images\buffalo\nili_ravi\nili_ravi_0012.jpg,buffalo,nili_ravi,buffalo_nili_ravi
D:\B.Tech\CE-AI\Sem 7\MP\Datasets\archive (1)\clean_images\cattle\pulikulam\pulikulam_0063.png,cattle,pulikulam,cattle_pulikulam
D:\B.Tech\CE-AI\Sem 7\MP\Datasets\archive (1)\clean_images\cattle\sahiwal\sahiwal_0267.jpg,cattle,sahiwal,cattle_sahiwal
D:\B.Tech\CE-AI\Sem 7\MP\Datasets\archive (1)\clean_images\buffalo\nili_ravi\nili_ravi_0099.gif,buffalo,nili_ravi,buffalo_nili_ravi
D:\B.Tech\CE-AI\Sem 7\MP\Datasets\archive (1)\clean_images\cattle\gir\gir_0153.jpg,cattle,gir,cattle_gir
D:\B.Tech\CE-AI\Sem 7\MP\Datasets\archive (1)\clean_images\cattle\amritmahal\amritmahal_0189.jpg,cattle,amritmahal,cattle_amritmahal
D:\B.Tech\CE-AI\Sem 7\MP\Datasets\archive (1)\clean_images\cattle\guernsey\guernsey_0144.jpg,cattle,guernsey,cattle_guernsey
D:\B.Tech\CE-AI\Sem 7\MP\Datasets\archive (1)\clean_images\cattle\guernsey\guernsey_0200.jpg,cattle,guernsey,cattle_guernsey
D:\B.Tech\CE-AI\Sem 7\MP\Datasets\archive (1)\clean_images\cattle\rathi\rathi_0086.jpg,cattle,rathi,cattle_rathi
D:\B.Tech\CE-AI\Sem 7\MP\Datasets\archive (1)\clean_images\cattle\ongole\ongole_0010.jpg,cattle,ongole,cattle_ongole
D:\B.Tech\CE-AI\Sem 7\MP\Datasets\archive (1)\clean_images\cattle\ayrshire\ayrshire_0331.jpg,cattle,ayrshire,cattle_ayrshire
D:\B.Tech\CE-AI\Sem 7\MP\Datasets\archive (1)\clean_images\cattle\gir\gir_0181.jpg,cattle,gir,cattle_gir
D:\B.Tech\CE-AI\Sem 7\MP\Datasets\archive (1)\clean_images\cattle\deoni\deoni_0123.jpg,cattle,deoni,cattle_deoni
D:\B.Tech\CE-AI\Sem 7\MP\Datasets\archive (1)\clean_images\cattle\nagori\nagori_0028.jpg,cattle,nagori,cattle_nagori
D:\B.Tech\CE-AI\Sem 7\MP\Datasets\archive (1)\clean_images\cattle\umblachery\umblachery_0024.png,cattle,umblachery,cattle_umblachery
D:\B.Tech\CE-AI\Sem 7\MP\Datasets\archive (1)\clean_images\cattle\ongole\ongole_0155.jpg,cattle,ongole,cattle_ongole
D:\B.Tech\CE-AI\Sem 7\MP\Datasets\archive (1)\clean_images\cattle\nagori\nagori_0021.jpg,cattle,nagori,cattle_nagori
D:\B.Tech\CE-AI\Sem 7\MP\Datasets\archive (1)\clean_images\cattle\tharparkar\tharparkar_0116.jpg,cattle,tharparkar,cattle_tharparkar
D:\B.Tech\CE-AI\Sem 7\MP\Datasets\archive (1)\clean_images\cattle\jersey\jersey_0110.jpg,cattle,jersey,cattle_jersey
D:\B.Tech\CE-AI\Sem 7\MP\Datasets\archive (1)\clean_images\buffalo\nagpuri\nagpuri_0018.png,buffalo,nagpuri,buffalo_nagpuri
D:\B.Tech\CE-AI\Sem 7\MP\Datasets\archive (1)\clean_images\buffalo\alambadi\alambadi_0113.png,buffalo,alambadi,buffalo_alambadi
D:\B.Tech\CE-AI\Sem 7\MP\Datasets\archive (1)\clean_images\cattle\ayrshire\ayrshire_0126.jpg,cattle,ayrshire,cattle_ayrshire
D:\B.Tech\CE-AI\Sem 7\MP\Datasets\archive (1)\clean_images\cattle\amritmahal\amritmahal_0008.jpg,cattle,amritmahal,cattle_amritmahal
D:\B.Tech\CE-AI\Sem 7\MP\Datasets\archive (1)\clean_images\cattle\sahiwal\sahiwal_0023.jpg,cattle,sahiwal,cattle_sahiwal
D:\B.Tech\CE-AI\Sem 7\MP\Datasets\archive (1)\clean_images\cattle\hariana\hariana_0103.jpg,cattle,hariana,cattle_hariana
D:\B.Tech\CE-AI\Sem 7\MP\Datasets\archive (1)\clean_images\cattle\rathi\rathi_0097.jpg,cattle,rathi,cattle_rathi
D:\B.Tech\CE-AI\Sem 7\MP\Datasets\archive (1)\clean_images\cattle\tharparkar\tharparkar_0127.jpg,cattle,tharparkar,cattle_tharparkar
D:\B.Tech\CE-AI\Sem 7\MP\Datasets\archive (1)\clean_images\buffalo\toda\toda_0091.jpg,buffalo,toda,buffalo_toda
D:\B.Tech\CE-AI\Sem 7\MP\Datasets\archive (1)\clean_images\buffalo\surti\surti_0022.jpg,buffalo,surti,buffalo_surti
D:\B.Tech\CE-AI\Sem 7\MP\Datasets\archive (1)\clean_images\cattle\holstein-friesian\holstein-friesian_0137.jpg,cattle,holstein-friesian,cattle_holstein-friesian
D:\B.Tech\CE-AI\Sem 7\MP\Datasets\archive (1)\clean_images\cattle\gir\gir_0408.jpg,cattle,gir,cattle_gir
D:\B.Tech\CE-AI\Sem 7\MP\Datasets\archive (1)\clean_images\cattle\bargur\bargur_0099.jpg,cattle,bargur,cattle_bargur
D:\B.Tech\CE-AI\Sem 7\MP\Datasets\archive (1)\clean_images\cattle\guernsey\guernsey_0042.jpg,cattle,guernsey,cattle_guernsey
D:\B.Tech\CE-AI\Sem 7\MP\Datasets\archive (1)\clean_images\cattle\ayrshire\ayrshire_0124.jpg,cattle,ayrshire,cattle_ayrshire
D:\B.Tech\CE-AI\Sem 7\MP\Datasets\archive (1)\clean_images\cattle\gir\gir_0531.jpg,cattle,gir,cattle_gir
D:\B.Tech\CE-AI\Sem 7\MP\Datasets\archive (1)\clean_images\buffalo\alambadi\alambadi_0061.jpg,buffalo,alambadi,buffalo_alambadi
D:\B.Tech\CE-AI\Sem 7\MP\Datasets\archive (1)\clean_images\buffalo\murrah\murrah_0089.jpg,buffalo,murrah,buffalo_murrah
D:\B.Tech\CE-AI\Sem 7\MP\Datasets\archive (1)\clean_images\cattle\kankrej\kankrej_0023.jpg,cattle,kankrej,cattle_kankrej
D:\B.Tech\CE-AI\Sem 7\MP\Datasets\archive (1)\clean_images\cattle\malnad_gidda\malnad_gidda_0108.png,cattle,malnad_gidda,cattle_malnad_gidda
D:\B.Tech\CE-AI\Sem 7\MP\Datasets\archive (1)\clean_images\cattle\pulikulam\pulikulam_0130.jpg,cattle,pulikulam,cattle_pulikulam
D:\B.Tech\CE-AI\Sem 7\MP\Datasets\archive (1)\clean_images\cattle\umblachery\umblachery_0076.png,cattle,umblachery,cattle_umblachery
D:\B.Tech\CE-AI\Sem 7\MP\Datasets\archive (1)\clean_images\cattle\jersey\jersey_0187.jpg,cattle,jersey,cattle_jersey
D:\B.Tech\CE-AI\Sem 7\MP\Datasets\archive (1)\clean_images\cattle\sahiwal\sahiwal_0293.png,cattle,sahiwal,cattle_sahiwal
D:\B.Tech\CE-AI\Sem 7\MP\Datasets\archive (1)\clean_images\buffalo\murrah\murrah_0105.jpg,buffalo,murrah,buffalo_murrah
D:\B.Tech\CE-AI\Sem 7\MP\Datasets\archive (1)\clean_images\cattle\gir\gir_0232.jpg,cattle,gir,cattle_gir
D:\B.Tech\CE-AI\Sem 7\MP\Datasets\archive (1)\clean_images\buffalo\bargur\bargur_0108.jpg,buffalo,bargur,buffalo_bargur
D:\B.Tech\CE-AI\Sem 7\MP\Datasets\archive (1)\clean_images\cattle\ayrshire\ayrshire_0238.jpg,cattle,ayrshire,cattle_ayrshire
D:\B.Tech\CE-AI\Sem 7\MP\Datasets\archive (1)\clean_images\cattle\tharparkar\tharparkar_0137.jpg,cattle,tharparkar,cattle_tharparkar
D:\B.Tech\CE-AI\Sem 7\MP\Datasets\archive (1)\clean_images\cattle\khillar\khillar_0105.png,cattle,khillar,cattle_khillar
D:\B.Tech\CE-AI\Sem 7\MP\Datasets\archive (1)\clean_images\cattle\gir\gir_0058.jpg,cattle,gir,cattle_gir
D:\B.Tech\CE-AI\Sem 7\MP\Datasets\archive (1)\clean_images\cattle\amritmahal\amritmahal_0064.jpg,cattle,amritmahal,cattle_amritmahal
D:\B.Tech\CE-AI\Sem 7\MP\Datasets\archive (1)\clean_images\buffalo\murrah\murrah_0128.jpeg,buffalo,murrah,buffalo_murrah
D:\B.Tech\CE-AI\Sem 7\MP\Datasets\archive (1)\clean_images\buffalo\banni\banni_0013.jpg,buffalo,banni,buffalo_banni
D:\B.Tech\CE-AI\Sem 7\MP\Datasets\archive (1)\clean_images\cattle\holstein-friesian\holstein-friesian_0055.jpg,cattle,holstein-friesian,cattle_holstein-friesian
D:\B.Tech\CE-AI\Sem 7\MP\Datasets\archive (1)\clean_images\cattle\krishna_valley\krishna_valley_0144.jpg,cattle,krishna_valley,cattle_krishna_valley
D:\B.Tech\CE-AI\Sem 7\MP\Datasets\archive (1)\clean_images\cattle\kangayam\kangayam_0053.jpg,cattle,kangayam,cattle_kangayam
D:\B.Tech\CE-AI\Sem 7\MP\Datasets\archive (1)\clean_images\cattle\gir\gir_0718.jpg,cattle,gir,cattle_gir
D:\B.Tech\CE-AI\Sem 7\MP\Datasets\archive (1)\clean_images\cattle\holstein-friesian\holstein-friesian_0370.jpg,cattle,holstein-friesian,cattle_holstein-friesian
D:\B.Tech\CE-AI\Sem 7\MP\Datasets\archive (1)\clean_images\cattle\holstein-friesian\holstein-friesian_0490.jpg,cattle,holstein-friesian,cattle_holstein-friesian
D:\B.Tech\CE-AI\Sem 7\MP\Datasets\archive (1)\clean_images\cattle\tharparkar\tharparkar_0056.jpg,cattle,tharparkar,cattle_tharparkar
D:\B.Tech\CE-AI\Sem 7\MP\Datasets\archive (1)\clean_images\cattle\ongole\ongole_0166.jpg,cattle,ongole,cattle_ongole
D:\B.Tech\CE-AI\Sem 7\MP\Datasets\archive (1)\clean_images\cattle\ayrshire\ayrshire_0154.jpg,cattle,ayrshire,cattle_ayrshire
D:\B.Tech\CE-AI\Sem 7\MP\Datasets\archive (1)\clean_images\cattle\gir\gir_0041.jpg,cattle,gir,cattle_gir
D:\B.Tech\CE-AI\Sem 7\MP\Datasets\archive (1)\clean_images\cattle\gir\gir_0208.jpg,cattle,gir,cattle_gir
D:\B.Tech\CE-AI\Sem 7\MP\Datasets\archive (1)\clean_images\cattle\tharparkar\tharparkar_0048.png,cattle,tharparkar,cattle_tharparkar
D:\B.Tech\CE-AI\Sem 7\MP\Datasets\archive (1)\clean_images\cattle\sahiwal\sahiwal_0362.jpg,cattle,sahiwal,cattle_sahiwal
D:\B.Tech\CE-AI\Sem 7\MP\Datasets\archive (1)\clean_images\cattle\guernsey\guernsey_0092.jpg,cattle,guernsey,cattle_guernsey
D:\B.Tech\CE-AI\Sem 7\MP\Datasets\archive (1)\clean_images\cattle\holstein-friesian\holstein-friesian_0564.jpg,cattle,holstein-friesian,cattle_holstein-friesian
D:\B.Tech\CE-AI\Sem 7\MP\Datasets\archive (1)\clean_images\cattle\hallikar\hallikar_0226.jpg,cattle,hallikar,cattle_hallikar
D:\B.Tech\CE-AI\Sem 7\MP\Datasets\archive (1)\clean_images\cattle\kankrej\kankrej_0070.jpg,cattle,kankrej,cattle_kankrej
D:\B.Tech\CE-AI\Sem 7\MP\Datasets\archive (1)\clean_images\buffalo\toda\toda_0093.jpg,buffalo,toda,buffalo_toda
D:\B.Tech\CE-AI\Sem 7\MP\Datasets\archive (1)\clean_images\cattle\sahiwal\sahiwal_0281.png,cattle,sahiwal,cattle_sahiwal
D:\B.Tech\CE-AI\Sem 7\MP\Datasets\archive (1)\clean_images\buffalo\bhadawari\bhadawari_0053.jpg,buffalo,bhadawari,buffalo_bhadawari
D:\B.Tech\CE-AI\Sem 7\MP\Datasets\archive (1)\clean_images\cattle\amritmahal\amritmahal_0058.jpg,cattle,amritmahal,cattle_amritmahal
D:\B.Tech\CE-AI\Sem 7\MP\Datasets\archive (1)\clean_images\cattle\deoni\deoni_0136.jpg,cattle,deoni,cattle_deoni
D:\B.Tech\CE-AI\Sem 7\MP\Datasets\archive (1)\clean_images\cattle\malnad_gidda\malnad_gidda_0027.jpg,cattle,malnad_gidda,cattle_malnad_gidda
D:\B.Tech\CE-AI\Sem 7\MP\Datasets\archive (1)\clean_images\cattle\jersey\jersey_0075.jpg,cattle,jersey,cattle_jersey
D:\B.Tech\CE-AI\Sem 7\MP\Datasets\archive (1)\clean_images\cattle\kangayam\kangayam_0010.jpg,cattle,kangayam,cattle_kangayam
D:\B.Tech\CE-AI\Sem 7\MP\Datasets\archive (1)\clean_images\cattle\gir\gir_0256.jpg,cattle,gir,cattle_gir
D:\B.Tech\CE-AI\Sem 7\MP\Datasets\archive (1)\clean_images\cattle\deoni\deoni_0073.jpg,cattle,deoni,cattle_deoni
D:\B.Tech\CE-AI\Sem 7\MP\Datasets\archive (1)\clean_images\cattle\nimari\nimari_0014.jpg,cattle,nimari,cattle_nimari
D:\B.Tech\CE-AI\Sem 7\MP\Datasets\archive (1)\clean_images\cattle\hallikar\hallikar_0029.jpg,cattle,hallikar,cattle_hallikar
D:\B.Tech\CE-AI\Sem 7\MP\Datasets\archive (1)\clean_images\cattle\ayrshire\ayrshire_0300.jpg,cattle,ayrshire,cattle_ayrshire
D:\B.Tech\CE-AI\Sem 7\MP\Datasets\archive (1)\clean_images\cattle\holstein-friesian\holstein-friesian_0484.jpg,cattle,holstein-friesian,cattle_holstein-friesian
D:\B.Tech\CE-AI\Sem 7\MP\Datasets\archive (1)\clean_images\buffalo\nili_ravi\nili_ravi_0042.jpg,buffalo,nili_ravi,buffalo_nili_ravi
D:\B.Tech\CE-AI\Sem 7\MP\Datasets\archive (1)\clean_images\cattle\gir\gir_0351.jpg,cattle,gir,cattle_gir
D:\B.Tech\CE-AI\Sem 7\MP\Datasets\archive (1)\clean_images\cattle\guernsey\guernsey_0138.jpg,cattle,guernsey,cattle_guernsey
D:\B.Tech\CE-AI\Sem 7\MP\Datasets\archive (1)\clean_images\buffalo\nagpuri\nagpuri_0035.png,buffalo,nagpuri,buffalo_nagpuri
D:\B.Tech\CE-AI\Sem 7\MP\Datasets\archive (1)\clean_images\cattle\rathi\rathi_0002.jpg,cattle,rathi,cattle_rathi
D:\B.Tech\CE-AI\Sem 7\MP\Datasets\archive (1)\clean_images\buffalo\bhadawari\bhadawari_0062.jpg,buffalo,bhadawari,buffalo_bhadawari
D:\B.Tech\CE-AI\Sem 7\MP\Datasets\archive (1)\clean_images\cattle\brown_swiss\brown_swiss_0318.jpg,cattle,brown_swiss,cattle_brown_swiss
D:\B.Tech\CE-AI\Sem 7\MP\Datasets\archive (1)\clean_images\cattle\sahiwal\sahiwal_0396.jpg,cattle,sahiwal,cattle_sahiwal
D:\B.Tech\CE-AI\Sem 7\MP\Datasets\archive (1)\clean_images\buffalo\toda\toda_0112.jpg,buffalo,toda,buffalo_toda
D:\B.Tech\CE-AI\Sem 7\MP\Datasets\archive (1)\clean_images\cattle\krishna_valley\krishna_valley_0054.jpg,cattle,krishna_valley,cattle_krishna_valley
D:\B.Tech\CE-AI\Sem 7\MP\Datasets\archive (1)\clean_images\cattle\jersey\jersey_0180.jpg,cattle,jersey,cattle_jersey
D:\B.Tech\CE-AI\Sem 7\MP\Datasets\archive (1)\clean_images\cattle\brown_swiss\brown_swiss_0449.jpg,cattle,brown_swiss,cattle_brown_swiss
D:\B.Tech\CE-AI\Sem 7\MP\Datasets\archive (1)\clean_images\cattle\hariana\hariana_0019.jpg,cattle,hariana,cattle_hariana
D:\B.Tech\CE-AI\Sem 7\MP\Datasets\archive (1)\clean_images\buffalo\banni\banni_0054.jpg,buffalo,banni,buffalo_banni
D:\B.Tech\CE-AI\Sem 7\MP\Datasets\archive (1)\clean_images\cattle\guernsey\guernsey_0124.jpg,cattle,guernsey,cattle_guernsey
D:\B.Tech\CE-AI\Sem 7\MP\Datasets\archive (1)\clean_images\cattle\holstein-friesian\holstein-friesian_0040.jpg,cattle,holstein-friesian,cattle_holstein-friesian
D:\B.Tech\CE-AI\Sem 7\MP\Datasets\archive (1)\clean_images\cattle\ayrshire\ayrshire_0373.jpg,cattle,ayrshire,cattle_ayrshire
D:\B.Tech\CE-AI\Sem 7\MP\Datasets\archive (1)\clean_images\cattle\brown_swiss\brown_swiss_0370.jpg,cattle,brown_swiss,cattle_brown_swiss
D:\B.Tech\CE-AI\Sem 7\MP\Datasets\archive (1)\clean_images\cattle\holstein-friesian\holstein-friesian_0488.jpg,cattle,holstein-friesian,cattle_holstein-friesian
D:\B.Tech\CE-AI\Sem 7\MP\Datasets\archive (1)\clean_images\cattle\holstein-friesian\holstein-friesian_0496.jpg,cattle,holstein-friesian,cattle_holstein-friesian
D:\B.Tech\CE-AI\Sem 7\MP\Datasets\archive (1)\clean_images\buffalo\bargur\bargur_0118.jpg,buffalo,bargur,buffalo_bargur
D:\B.Tech\CE-AI\Sem 7\MP\Datasets\archive (1)\clean_images\buffalo\murrah\murrah_0097.jpg,buffalo,murrah,buffalo_murrah
D:\B.Tech\CE-AI\Sem 7\MP\Datasets\archive (1)\clean_images\cattle\sahiwal\sahiwal_0001.jpg,cattle,sahiwal,cattle_sahiwal
D:\B.Tech\CE-AI\Sem 7\MP\Datasets\archive (1)\clean_images\cattle\ayrshire\ayrshire_0363.jpg,cattle,ayrshire,cattle_ayrshire
D:\B.Tech\CE-AI\Sem 7\MP\Datasets\archive (1)\clean_images\cattle\nagori\nagori_0039.jpg,cattle,nagori,cattle_nagori
D:\B.Tech\CE-AI\Sem 7\MP\Datasets\archive (1)\clean_images\buffalo\mehsana\mehsana_0007.jpg,buffalo,mehsana,buffalo_mehsana
D:\B.Tech\CE-AI\Sem 7\MP\Datasets\archive (1)\clean_images\buffalo\nagpuri\nagpuri_0052.jpg,buffalo,nagpuri,buffalo_nagpuri
D:\B.Tech\CE-AI\Sem 7\MP\Datasets\archive (1)\clean_images\cattle\sahiwal\sahiwal_0365.jpg,cattle,sahiwal,cattle_sahiwal
D:\B.Tech\CE-AI\Sem 7\MP\Datasets\archive (1)\clean_images\cattle\dangi\dangi_0050.jpg,cattle,dangi,cattle_dangi
D:\B.Tech\CE-AI\Sem 7\MP\Datasets\archive (1)\clean_images\cattle\gir\gir_0467.jpg,cattle,gir,cattle_gir
D:\B.Tech\CE-AI\Sem 7\MP\Datasets\archive (1)\clean_images\cattle\nimari\nimari_0033.jpg,cattle,nimari,cattle_nimari
D:\B.Tech\CE-AI\Sem 7\MP\Datasets\archive (1)\clean_images\cattle\brown_swiss\brown_swiss_0192.jpg,cattle,brown_swiss,cattle_brown_swiss
D:\B.Tech\CE-AI\Sem 7\MP\Datasets\archive (1)\clean_images\buffalo\banni\banni_0026.jpg,buffalo,banni,buffalo_banni
D:\B.Tech\CE-AI\Sem 7\MP\Datasets\archive (1)\clean_images\cattle\ayrshire\ayrshire_0167.jpg,cattle,ayrshire,cattle_ayrshire
D:\B.Tech\CE-AI\Sem 7\MP\Datasets\archive (1)\clean_images\cattle\sahiwal\sahiwal_0224.jpg,cattle,sahiwal,cattle_sahiwal
D:\B.Tech\CE-AI\Sem 7\MP\Datasets\archive (1)\clean_images\buffalo\surti\surti_0034.jpg,buffalo,surti,buffalo_surti
D:\B.Tech\CE-AI\Sem 7\MP\Datasets\archive (1)\clean_images\cattle\brown_swiss\brown_swiss_0225.jpg,cattle,brown_swiss,cattle_brown_swiss
D:\B.Tech\CE-AI\Sem 7\MP\Datasets\archive (1)\clean_images\cattle\brown_swiss\brown_swiss_0052.jpg,cattle,brown_swiss,cattle_brown_swiss
D:\B.Tech\CE-AI\Sem 7\MP\Datasets\archive (1)\clean_images\cattle\bargur\bargur_0095.png,cattle,bargur,cattle_bargur
D:\B.Tech\CE-AI\Sem 7\MP\Datasets\archive (1)\clean_images\cattle\kankrej\kankrej_0184.jpg,cattle,kankrej,cattle_kankrej
D:\B.Tech\CE-AI\Sem 7\MP\Datasets\archive (1)\clean_images\buffalo\bargur\bargur_0021.jpg,buffalo,bargur,buffalo_bargur
D:\B.Tech\CE-AI\Sem 7\MP\Datasets\archive (1)\clean_images\cattle\kankrej\kankrej_0185.jpg,cattle,kankrej,cattle_kankrej
D:\B.Tech\CE-AI\Sem 7\MP\Datasets\archive (1)\clean_images\cattle\vechur\vechur_0111.png,cattle,vechur,cattle_vechur
D:\B.Tech\CE-AI\Sem 7\MP\Datasets\archive (1)\clean_images\cattle\ayrshire\ayrshire_0475.jpg,cattle,ayrshire,cattle_ayrshire
D:\B.Tech\CE-AI\Sem 7\MP\Datasets\archive (1)\clean_images\cattle\holstein-friesian\holstein-friesian_0426.jpg,cattle,holstein-friesian,cattle_holstein-friesian
D:\B.Tech\CE-AI\Sem 7\MP\Datasets\archive (1)\clean_images\cattle\hallikar\hallikar_0169.jpg,cattle,hallikar,cattle_hallikar
D:\B.Tech\CE-AI\Sem 7\MP\Datasets\archive (1)\clean_images\buffalo\nagpuri\nagpuri_0048.png,buffalo,nagpuri,buffalo_nagpuri
D:\B.Tech\CE-AI\Sem 7\MP\Datasets\archive (1)\clean_images\buffalo\jaffarabadi\jaffarabadi_0112.jpg,buffalo,jaffarabadi,buffalo_jaffarabadi
D:\B.Tech\CE-AI\Sem 7\MP\Datasets\archive (1)\clean_images\cattle\vechur\vechur_0119.png,cattle,vechur,cattle_vechur
D:\B.Tech\CE-AI\Sem 7\MP\Datasets\archive (1)\clean_images\cattle\gir\gir_0394.jpg,cattle,gir,cattle_gir
D:\B.Tech\CE-AI\Sem 7\MP\Datasets\archive (1)\clean_images\cattle\holstein-friesian\holstein-friesian_0109.jpg,cattle,holstein-friesian,cattle_holstein-friesian
D:\B.Tech\CE-AI\Sem 7\MP\Datasets\archive (1)\clean_images\cattle\dangi\dangi_0031.jpg,cattle,dangi,cattle_dangi
D:\B.Tech\CE-AI\Sem 7\MP\Datasets\archive (1)\clean_images\buffalo\murrah\murrah_0054.jpg,buffalo,murrah,buffalo_murrah
D:\B.Tech\CE-AI\Sem 7\MP\Datasets\archive (1)\clean_images\cattle\sahiwal\sahiwal_0106.jpeg,cattle,sahiwal,cattle_sahiwal
D:\B.Tech\CE-AI\Sem 7\MP\Datasets\archive (1)\clean_images\cattle\deoni\deoni_0190.png,cattle,deoni,cattle_deoni
D:\B.Tech\CE-AI\Sem 7\MP\Datasets\archive (1)\clean_images\cattle\bargur\bargur_0026.png,cattle,bargur,cattle_bargur
D:\B.Tech\CE-AI\Sem 7\MP\Datasets\archive (1)\clean_images\cattle\khillar\khillar_0125.jpg,cattle,khillar,cattle_khillar
D:\B.Tech\CE-AI\Sem 7\MP\Datasets\archive (1)\clean_images\cattle\rathi\rathi_0138.png,cattle,rathi,cattle_rathi
D:\B.Tech\CE-AI\Sem 7\MP\Datasets\archive (1)\clean_images\cattle\bargur\bargur_0047.png,cattle,bargur,cattle_bargur
D:\B.Tech\CE-AI\Sem 7\MP\Datasets\archive (1)\clean_images\cattle\red_dane\red_dane_0071.jpg,cattle,red_dane,cattle_red_dane
D:\B.Tech\CE-AI\Sem 7\MP\Datasets\archive (1)\clean_images\cattle\guernsey\guernsey_0231.jpg,cattle,guernsey,cattle_guernsey
D:\B.Tech\CE-AI\Sem 7\MP\Datasets\archive (1)\clean_images\cattle\nimari\nimari_0041.jpg,cattle,nimari,cattle_nimari
D:\B.Tech\CE-AI\Sem 7\MP\Datasets\archive (1)\clean_images\cattle\sahiwal\sahiwal_0289.jpg,cattle,sahiwal,cattle_sahiwal
D:\B.Tech\CE-AI\Sem 7\MP\Datasets\archive (1)\clean_images\cattle\gir\gir_0317.jpg,cattle,gir,cattle_gir
D:\B.Tech\CE-AI\Sem 7\MP\Datasets\archive (1)\clean_images\buffalo\nagpuri\nagpuri_0037.jpg,buffalo,nagpuri,buffalo_nagpuri
D:\B.Tech\CE-AI\Sem 7\MP\Datasets\archive (1)\clean_images\cattle\hallikar\hallikar_0048.jpg,cattle,hallikar,cattle_hallikar
D:\B.Tech\CE-AI\Sem 7\MP\Datasets\archive (1)\clean_images\cattle\gir\gir_0456.jpg,cattle,gir,cattle_gir
D:\B.Tech\CE-AI\Sem 7\MP\Datasets\archive (1)\clean_images\cattle\gir\gir_0684.png,cattle,gir,cattle_gir
D:\B.Tech\CE-AI\Sem 7\MP\Datasets\archive (1)\clean_images\buffalo\alambadi\alambadi_0140.png,buffalo,alambadi,buffalo_alambadi
D:\B.Tech\CE-AI\Sem 7\MP\Datasets\archive (1)\clean_images\buffalo\jaffarabadi\jaffarabadi_0108.jpg,buffalo,jaffarabadi,buffalo_jaffarabadi
D:\B.Tech\CE-AI\Sem 7\MP\Datasets\archive (1)\clean_images\cattle\sahiwal\sahiwal_0101.jpg,cattle,sahiwal,cattle_sahiwal
D:\B.Tech\CE-AI\Sem 7\MP\Datasets\archive (1)\clean_images\cattle\gir\gir_0676.jpg,cattle,gir,cattle_gir
D:\B.Tech\CE-AI\Sem 7\MP\Datasets\archive (1)\clean_images\buffalo\bhadawari\bhadawari_0118.jpg,buffalo,bhadawari,buffalo_bhadawari
D:\B.Tech\CE-AI\Sem 7\MP\Datasets\archive (1)\clean_images\cattle\red_sindhi\red_sindhi_0031.jpeg,cattle,red_sindhi,cattle_red_sindhi
D:\B.Tech\CE-AI\Sem 7\MP\Datasets\archive (1)\clean_images\cattle\ayrshire\ayrshire_0702.jpg,cattle,ayrshire,cattle_ayrshire
D:\B.Tech\CE-AI\Sem 7\MP\Datasets\archive (1)\clean_images\cattle\amritmahal\amritmahal_0053.jpg,cattle,amritmahal,cattle_amritmahal
D:\B.Tech\CE-AI\Sem 7\MP\Datasets\archive (1)\clean_images\cattle\hariana\hariana_0136.jpg,cattle,hariana,cattle_hariana
D:\B.Tech\CE-AI\Sem 7\MP\Datasets\archive (1)\clean_images\cattle\hallikar\hallikar_0064.jpg,cattle,hallikar,cattle_hallikar
D:\B.Tech\CE-AI\Sem 7\MP\Datasets\archive (1)\clean_images\cattle\hariana\hariana_0063.jpg,cattle,hariana,cattle_hariana
D:\B.Tech\CE-AI\Sem 7\MP\Datasets\archive (1)\clean_images\cattle\kankrej\kankrej_0094.jpg,cattle,kankrej,cattle_kankrej
D:\B.Tech\CE-AI\Sem 7\MP\Datasets\archive (1)\clean_images\cattle\hariana\hariana_0120.jpg,cattle,hariana,cattle_hariana
D:\B.Tech\CE-AI\Sem 7\MP\Datasets\archive (1)\clean_images\buffalo\bhadawari\bhadawari_0055.jpg,buffalo,bhadawari,buffalo_bhadawari
D:\B.Tech\CE-AI\Sem 7\MP\Datasets\archive (1)\clean_images\cattle\jersey\jersey_0046.jpg,cattle,jersey,cattle_jersey
D:\B.Tech\CE-AI\Sem 7\MP\Datasets\archive (1)\clean_images\cattle\ayrshire\ayrshire_0299.jpg,cattle,ayrshire,cattle_ayrshire
D:\B.Tech\CE-AI\Sem 7\MP\Datasets\archive (1)\clean_images\cattle\nimari\nimari_0082.png,cattle,nimari,cattle_nimari
D:\B.Tech\CE-AI\Sem 7\MP\Datasets\archive (1)\clean_images\cattle\sahiwal\sahiwal_0273.png,cattle,sahiwal,cattle_sahiwal
D:\B.Tech\CE-AI\Sem 7\MP\Datasets\archive (1)\clean_images\cattle\red_sindhi\red_sindhi_0024.jpg,cattle,red_sindhi,cattle_red_sindhi
D:\B.Tech\CE-AI\Sem 7\MP\Datasets\archive (1)\clean_images\cattle\gir\gir_0222.jpg,cattle,gir,cattle_gir
D:\B.Tech\CE-AI\Sem 7\MP\Datasets\archive (1)\clean_images\cattle\hallikar\hallikar_0023.jpg,cattle,hallikar,cattle_hallikar
D:\B.Tech\CE-AI\Sem 7\MP\Datasets\archive (1)\clean_images\cattle\holstein-friesian\holstein-friesian_0357.jpg,cattle,holstein-friesian,cattle_holstein-friesian
D:\B.Tech\CE-AI\Sem 7\MP\Datasets\archive (1)\clean_images\cattle\sahiwal\sahiwal_0006.jpg,cattle,sahiwal,cattle_sahiwal
D:\B.Tech\CE-AI\Sem 7\MP\Datasets\archive (1)\clean_images\cattle\tharparkar\tharparkar_0134.jpg,cattle,tharparkar,cattle_tharparkar
D:\B.Tech\CE-AI\Sem 7\MP\Datasets\archive (1)\clean_images\cattle\gir\gir_0472.jpg,cattle,gir,cattle_gir
D:\B.Tech\CE-AI\Sem 7\MP\Datasets\archive (1)\clean_images\cattle\hallikar\hallikar_0197.jpg,cattle,hallikar,cattle_hallikar
D:\B.Tech\CE-AI\Sem 7\MP\Datasets\archive (1)\clean_images\cattle\gir\gir_0018.jpg,cattle,gir,cattle_gir
D:\B.Tech\CE-AI\Sem 7\MP\Datasets\archive (1)\clean_images\cattle\dangi\dangi_0011.jpg,cattle,dangi,cattle_dangi
D:\B.Tech\CE-AI\Sem 7\MP\Datasets\archive (1)\clean_images\cattle\holstein-friesian\holstein-friesian_0006.jpg,cattle,holstein-friesian,cattle_holstein-friesian
D:\B.Tech\CE-AI\Sem 7\MP\Datasets\archive (1)\clean_images\buffalo\bargur\bargur_0057.jpg,buffalo,bargur,buffalo_bargur
D:\B.Tech\CE-AI\Sem 7\MP\Datasets\archive (1)\clean_images\cattle\gir\gir_0353.jpg,cattle,gir,cattle_gir
D:\B.Tech\CE-AI\Sem 7\MP\Datasets\archive (1)\clean_images\cattle\kangayam\kangayam_0066.jpg,cattle,kangayam,cattle_kangayam
D:\B.Tech\CE-AI\Sem 7\MP\Datasets\archive (1)\clean_images\cattle\brown_swiss\brown_swiss_0466.jpg,cattle,brown_swiss,cattle_brown_swiss
D:\B.Tech\CE-AI\Sem 7\MP\Datasets\archive (1)\clean_images\cattle\nimari\nimari_0071.png,cattle,nimari,cattle_nimari
D:\B.Tech\CE-AI\Sem 7\MP\Datasets\archive (1)\clean_images\buffalo\jaffarabadi\jaffarabadi_0079.jpg,buffalo,jaffarabadi,buffalo_jaffarabadi
D:\B.Tech\CE-AI\Sem 7\MP\Datasets\archive (1)\clean_images\buffalo\murrah\murrah_0164.jpg,buffalo,murrah,buffalo_murrah
D:\B.Tech\CE-AI\Sem 7\MP\Datasets\archive (1)\clean_images\cattle\jersey\jersey_0011.jpg,cattle,jersey,cattle_jersey
D:\B.Tech\CE-AI\Sem 7\MP\Datasets\archive (1)\clean_images\cattle\nagori\nagori_0019.jpg,cattle,nagori,cattle_nagori
D:\B.Tech\CE-AI\Sem 7\MP\Datasets\archive (1)\clean_images\buffalo\murrah\murrah_0156.jpg,buffalo,murrah,buffalo_murrah
D:\B.Tech\CE-AI\Sem 7\MP\Datasets\archive (1)\clean_images\cattle\rathi\rathi_0128.png,cattle,rathi,cattle_rathi
D:\B.Tech\CE-AI\Sem 7\MP\Datasets\archive (1)\clean_images\cattle\sahiwal\sahiwal_0318.png,cattle,sahiwal,cattle_sahiwal
D:\B.Tech\CE-AI\Sem 7\MP\Datasets\archive (1)\clean_images\cattle\tharparkar\tharparkar_0038.png,cattle,tharparkar,cattle_tharparkar
D:\B.Tech\CE-AI\Sem 7\MP\Datasets\archive (1)\clean_images\cattle\kankrej\kankrej_0083.jpg,cattle,kankrej,cattle_kankrej
D:\B.Tech\CE-AI\Sem 7\MP\Datasets\archive (1)\clean_images\cattle\ayrshire\ayrshire_0049.jpg,cattle,ayrshire,cattle_ayrshire
D:\B.Tech\CE-AI\Sem 7\MP\Datasets\archive (1)\clean_images\cattle\tharparkar\tharparkar_0122.png,cattle,tharparkar,cattle_tharparkar
D:\B.Tech\CE-AI\Sem 7\MP\Datasets\archive (1)\clean_images\cattle\nimari\nimari_0037.jpg,cattle,nimari,cattle_nimari
D:\B.Tech\CE-AI\Sem 7\MP\Datasets\archive (1)\clean_images\cattle\holstein-friesian\holstein-friesian_0341.jpg,cattle,holstein-friesian,cattle_holstein-friesian
D:\B.Tech\CE-AI\Sem 7\MP\Datasets\archive (1)\clean_images\cattle\gir\gir_0038.jpg,cattle,gir,cattle_gir
D:\B.Tech\CE-AI\Sem 7\MP\Datasets\archive (1)\clean_images\cattle\gir\gir_0050.jpg,cattle,gir,cattle_gir
D:\B.Tech\CE-AI\Sem 7\MP\Datasets\archive (1)\clean_images\cattle\nagori\nagori_0031.jpg,cattle,nagori,cattle_nagori
D:\B.Tech\CE-AI\Sem 7\MP\Datasets\archive (1)\clean_images\cattle\holstein-friesian\holstein-friesian_0122.jpg,cattle,holstein-friesian,cattle_holstein-friesian
D:\B.Tech\CE-AI\Sem 7\MP\Datasets\archive (1)\clean_images\cattle\brown_swiss\brown_swiss_0078.jpg,cattle,brown_swiss,cattle_brown_swiss
D:\B.Tech\CE-AI\Sem 7\MP\Datasets\archive (1)\clean_images\cattle\guernsey\guernsey_0165.jpg,cattle,guernsey,cattle_guernsey
D:\B.Tech\CE-AI\Sem 7\MP\Datasets\archive (1)\clean_images\cattle\sahiwal\sahiwal_0192.jpeg,cattle,sahiwal,cattle_sahiwal
D:\B.Tech\CE-AI\Sem 7\MP\Datasets\archive (1)\clean_images\buffalo\jaffarabadi\jaffarabadi_0039.png,buffalo,jaffarabadi,buffalo_jaffarabadi
D:\B.Tech\CE-AI\Sem 7\MP\Datasets\archive (1)\clean_images\cattle\gir\gir_0653.png,cattle,gir,cattle_gir
D:\B.Tech\CE-AI\Sem 7\MP\Datasets\archive (1)\clean_images\buffalo\murrah\murrah_0024.jpg,buffalo,murrah,buffalo_murrah
D:\B.Tech\CE-AI\Sem 7\MP\Datasets\archive (1)\clean_images\cattle\holstein-friesian\holstein-friesian_0482.jpg,cattle,holstein-friesian,cattle_holstein-friesian
D:\B.Tech\CE-AI\Sem 7\MP\Datasets\archive (1)\clean_images\cattle\gir\gir_0522.jpg,cattle,gir,cattle_gir
D:\B.Tech\CE-AI\Sem 7\MP\Datasets\archive (1)\clean_images\buffalo\alambadi\alambadi_0166.png,buffalo,alambadi,buffalo_alambadi
D:\B.Tech\CE-AI\Sem 7\MP\Datasets\archive (1)\clean_images\cattle\kankrej\kankrej_0101.jpg,cattle,kankrej,cattle_kankrej
D:\B.Tech\CE-AI\Sem 7\MP\Datasets\archive (1)\clean_images\cattle\ongole\ongole_0063.jpg,cattle,ongole,cattle_ongole
D:\B.Tech\CE-AI\Sem 7\MP\Datasets\archive (1)\clean_images\cattle\amritmahal\amritmahal_0022.jpg,cattle,amritmahal,cattle_amritmahal
D:\B.Tech\CE-AI\Sem 7\MP\Datasets\archive (1)\clean_images\cattle\brown_swiss\brown_swiss_0271.jpg,cattle,brown_swiss,cattle_brown_swiss
D:\B.Tech\CE-AI\Sem 7\MP\Datasets\archive (1)\clean_images\cattle\rathi\rathi_0085.jpg,cattle,rathi,cattle_rathi
D:\B.Tech\CE-AI\Sem 7\MP\Datasets\archive (1)\clean_images\cattle\ayrshire\ayrshire_0514.jpg,cattle,ayrshire,cattle_ayrshire
D:\B.Tech\CE-AI\Sem 7\MP\Datasets\archive (1)\clean_images\cattle\red_dane\red_dane_0097.jpg,cattle,red_dane,cattle_red_dane
D:\B.Tech\CE-AI\Sem 7\MP\Datasets\archive (1)\clean_images\cattle\kenkatha\kenkatha_0022.jpg,cattle,kenkatha,cattle_kenkatha
D:\B.Tech\CE-AI\Sem 7\MP\Datasets\archive (1)\clean_images\cattle\gir\gir_0621.jpg,cattle,gir,cattle_gir
D:\B.Tech\CE-AI\Sem 7\MP\Datasets\archive (1)\clean_images\cattle\jersey\jersey_0177.jpg,cattle,jersey,cattle_jersey
D:\B.Tech\CE-AI\Sem 7\MP\Datasets\archive (1)\clean_images\cattle\jersey\jersey_0029.jpg,cattle,jersey,cattle_jersey
D:\B.Tech\CE-AI\Sem 7\MP\Datasets\archive (1)\clean_images\buffalo\alambadi\alambadi_0183.png,buffalo,alambadi,buffalo_alambadi
D:\B.Tech\CE-AI\Sem 7\MP\Datasets\archive (1)\clean_images\buffalo\murrah\murrah_0060.jpg,buffalo,murrah,buffalo_murrah
D:\B.Tech\CE-AI\Sem 7\MP\Datasets\archive (1)\clean_images\cattle\pulikulam\pulikulam_0037.jpg,cattle,pulikulam,cattle_pulikulam
D:\B.Tech\CE-AI\Sem 7\MP\Datasets\archive (1)\clean_images\cattle\ayrshire\ayrshire_0158.jpg,cattle,ayrshire,cattle_ayrshire
D:\B.Tech\CE-AI\Sem 7\MP\Datasets\archive (1)\clean_images\buffalo\alambadi\alambadi_0077.jpg,buffalo,alambadi,buffalo_alambadi
D:\B.Tech\CE-AI\Sem 7\MP\Datasets\archive (1)\clean_images\cattle\kankrej\kankrej_0082.png,cattle,kankrej,cattle_kankrej
D:\B.Tech\CE-AI\Sem 7\MP\Datasets\archive (1)\clean_images\cattle\gir\gir_0130.jpg,cattle,gir,cattle_gir
D:\B.Tech\CE-AI\Sem 7\MP\Datasets\archive (1)\clean_images\cattle\ayrshire\ayrshire_0230.jpg,cattle,ayrshire,cattle_ayrshire
D:\B.Tech\CE-AI\Sem 7\MP\Datasets\archive (1)\clean_images\cattle\ayrshire\ayrshire_0291.jpg,cattle,ayrshire,cattle_ayrshire
D:\B.Tech\CE-AI\Sem 7\MP\Datasets\archive (1)\clean_images\cattle\ongole\ongole_0087.jpg,cattle,ongole,cattle_ongole
D:\B.Tech\CE-AI\Sem 7\MP\Datasets\archive (1)\clean_images\cattle\ayrshire\ayrshire_0538.jpg,cattle,ayrshire,cattle_ayrshire
D:\B.Tech\CE-AI\Sem 7\MP\Datasets\archive (1)\clean_images\cattle\nimari\nimari_0002.jpg,cattle,nimari,cattle_nimari
D:\B.Tech\CE-AI\Sem 7\MP\Datasets\archive (1)\clean_images\cattle\hallikar\hallikar_0032.jpg,cattle,hallikar,cattle_hallikar
D:\B.Tech\CE-AI\Sem 7\MP\Datasets\archive (1)\clean_images\buffalo\mehsana\mehsana_0061.jpg,buffalo,mehsana,buffalo_mehsana
D:\B.Tech\CE-AI\Sem 7\MP\Datasets\archive (1)\clean_images\cattle\gir\gir_0157.jpg,cattle,gir,cattle_gir
D:\B.Tech\CE-AI\Sem 7\MP\Datasets\archive (1)\clean_images\cattle\sahiwal\sahiwal_0148.jpg,cattle,sahiwal,cattle_sahiwal
D:\B.Tech\CE-AI\Sem 7\MP\Datasets\archive (1)\clean_images\cattle\ayrshire\ayrshire_0600.jpg,cattle,ayrshire,cattle_ayrshire
D:\B.Tech\CE-AI\Sem 7\MP\Datasets\archive (1)\clean_images\cattle\red_dane\red_dane_0054.jpg,cattle,red_dane,cattle_red_dane
D:\B.Tech\CE-AI\Sem 7\MP\Datasets\archive (1)\clean_images\cattle\sahiwal\sahiwal_0254.jpg,cattle,sahiwal,cattle_sahiwal
D:\B.Tech\CE-AI\Sem 7\MP\Datasets\archive (1)\clean_images\cattle\guernsey\guernsey_0206.jpg,cattle,guernsey,cattle_guernsey
D:\B.Tech\CE-AI\Sem 7\MP\Datasets\archive (1)\clean_images\cattle\dangi\dangi_0069.jpg,cattle,dangi,cattle_dangi
D:\B.Tech\CE-AI\Sem 7\MP\Datasets\archive (1)\clean_images\cattle\sahiwal\sahiwal_0038.png,cattle,sahiwal,cattle_sahiwal
D:\B.Tech\CE-AI\Sem 7\MP\Datasets\archive (1)\clean_images\cattle\krishna_valley\krishna_valley_0014.jpg,cattle,krishna_valley,cattle_krishna_valley
D:\B.Tech\CE-AI\Sem 7\MP\Datasets\archive (1)\clean_images\cattle\gir\gir_0466.jpg,cattle,gir,cattle_gir
D:\B.Tech\CE-AI\Sem 7\MP\Datasets\archive (1)\clean_images\buffalo\mehsana\mehsana_0067.png,buffalo,mehsana,buffalo_mehsana
D:\B.Tech\CE-AI\Sem 7\MP\Datasets\archive (1)\clean_images\cattle\kherigarh\kherigarh_0001.jpg,cattle,kherigarh,cattle_kherigarh
D:\B.Tech\CE-AI\Sem 7\MP\Datasets\archive (1)\clean_images\cattle\hariana\hariana_0072.png,cattle,hariana,cattle_hariana
D:\B.Tech\CE-AI\Sem 7\MP\Datasets\archive (1)\clean_images\cattle\gir\gir_0324.jpg,cattle,gir,cattle_gir
D:\B.Tech\CE-AI\Sem 7\MP\Datasets\archive (1)\clean_images\cattle\gir\gir_0753.jpg,cattle,gir,cattle_gir
D:\B.Tech\CE-AI\Sem 7\MP\Datasets\archive (1)\clean_images\cattle\krishna_valley\krishna_valley_0097.jpg,cattle,krishna_valley,cattle_krishna_valley
D:\B.Tech\CE-AI\Sem 7\MP\Datasets\archive (1)\clean_images\buffalo\banni\banni_0049.jpg,buffalo,banni,buffalo_banni
D:\B.Tech\CE-AI\Sem 7\MP\Datasets\archive (1)\clean_images\cattle\deoni\deoni_0031.jpg,cattle,deoni,cattle_deoni
D:\B.Tech\CE-AI\Sem 7\MP\Datasets\archive (1)\clean_images\cattle\red_sindhi\red_sindhi_0023.jpg,cattle,red_sindhi,cattle_red_sindhi
D:\B.Tech\CE-AI\Sem 7\MP\Datasets\archive (1)\clean_images\cattle\holstein-friesian\holstein-friesian_0041.jpg,cattle,holstein-friesian,cattle_holstein-friesian
D:\B.Tech\CE-AI\Sem 7\MP\Datasets\archive (1)\clean_images\cattle\sahiwal\sahiwal_0088.png,cattle,sahiwal,cattle_sahiwal
D:\B.Tech\CE-AI\Sem 7\MP\Datasets\archive (1)\clean_images\cattle\gir\gir_0756.jpg,cattle,gir,cattle_gir
D:\B.Tech\CE-AI\Sem 7\MP\Datasets\archive (1)\clean_images\buffalo\murrah\murrah_0088.jpeg,buffalo,murrah,buffalo_murrah
D:\B.Tech\CE-AI\Sem 7\MP\Datasets\archive (1)\clean_images\cattle\gir\gir_0546.jpg,cattle,gir,cattle_gir
D:\B.Tech\CE-AI\Sem 7\MP\Datasets\archive (1)\clean_images\buffalo\nagpuri\nagpuri_0170.png,buffalo,nagpuri,buffalo_nagpuri
D:\B.Tech\CE-AI\Sem 7\MP\Datasets\archive (1)\clean_images\buffalo\bhadawari\bhadawari_0148.jpg,buffalo,bhadawari,buffalo_bhadawari
D:\B.Tech\CE-AI\Sem 7\MP\Datasets\archive (1)\clean_images\cattle\sahiwal\sahiwal_0230.jpg,cattle,sahiwal,cattle_sahiwal
D:\B.Tech\CE-AI\Sem 7\MP\Datasets\archive (1)\clean_images\buffalo\alambadi\alambadi_0198.png,buffalo,alambadi,buffalo_alambadi
D:\B.Tech\CE-AI\Sem 7\MP\Datasets\archive (1)\clean_images\cattle\sahiwal\sahiwal_0070.jpg,cattle,sahiwal,cattle_sahiwal
D:\B.Tech\CE-AI\Sem 7\MP\Datasets\archive (1)\clean_images\buffalo\nagpuri\nagpuri_0070.jpg,buffalo,nagpuri,buffalo_nagpuri
D:\B.Tech\CE-AI\Sem 7\MP\Datasets\archive (1)\clean_images\buffalo\bhadawari\bhadawari_0022.jpg,buffalo,bhadawari,buffalo_bhadawari
D:\B.Tech\CE-AI\Sem 7\MP\Datasets\archive (1)\clean_images\cattle\tharparkar\tharparkar_0161.png,cattle,tharparkar,cattle_tharparkar
D:\B.Tech\CE-AI\Sem 7\MP\Datasets\archive (1)\clean_images\buffalo\alambadi\alambadi_0193.png,buffalo,alambadi,buffalo_alambadi
D:\B.Tech\CE-AI\Sem 7\MP\Datasets\archive (1)\clean_images\buffalo\bhadawari\bhadawari_0106.jpg,buffalo,bhadawari,buffalo_bhadawari
D:\B.Tech\CE-AI\Sem 7\MP\Datasets\archive (1)\clean_images\cattle\brown_swiss\brown_swiss_0042.jpg,cattle,brown_swiss,cattle_brown_swiss
D:\B.Tech\CE-AI\Sem 7\MP\Datasets\archive (1)\clean_images\buffalo\toda\toda_0022.jpg,buffalo,toda,buffalo_toda
D:\B.Tech\CE-AI\Sem 7\MP\Datasets\archive (1)\clean_images\cattle\tharparkar\tharparkar_0199.png,cattle,tharparkar,cattle_tharparkar
D:\B.Tech\CE-AI\Sem 7\MP\Datasets\archive (1)\clean_images\cattle\tharparkar\tharparkar_0183.jpg,cattle,tharparkar,cattle_tharparkar
D:\B.Tech\CE-AI\Sem 7\MP\Datasets\archive (1)\clean_images\cattle\gir\gir_0033.jpg,cattle,gir,cattle_gir
D:\B.Tech\CE-AI\Sem 7\MP\Datasets\archive (1)\clean_images\cattle\ongole\ongole_0157.png,cattle,ongole,cattle_ongole
D:\B.Tech\CE-AI\Sem 7\MP\Datasets\archive (1)\clean_images\cattle\ayrshire\ayrshire_0681.jpg,cattle,ayrshire,cattle_ayrshire
D:\B.Tech\CE-AI\Sem 7\MP\Datasets\archive (1)\clean_images\buffalo\murrah\murrah_0084.jpg,buffalo,murrah,buffalo_murrah
D:\B.Tech\CE-AI\Sem 7\MP\Datasets\archive (1)\clean_images\cattle\gir\gir_0360.jpg,cattle,gir,cattle_gir
D:\B.Tech\CE-AI\Sem 7\MP\Datasets\archive (1)\clean_images\cattle\brown_swiss\brown_swiss_0228.jpg,cattle,brown_swiss,cattle_brown_swiss
D:\B.Tech\CE-AI\Sem 7\MP\Datasets\archive (1)\clean_images\cattle\rathi\rathi_0032.jpg,cattle,rathi,cattle_rathi
D:\B.Tech\CE-AI\Sem 7\MP\Datasets\archive (1)\clean_images\cattle\red_sindhi\red_sindhi_0054.png,cattle,red_sindhi,cattle_red_sindhi
D:\B.Tech\CE-AI\Sem 7\MP\Datasets\archive (1)\clean_images\cattle\hallikar\hallikar_0196.jpg,cattle,hallikar,cattle_hallikar
D:\B.Tech\CE-AI\Sem 7\MP\Datasets\archive (1)\clean_images\cattle\pulikulam\pulikulam_0092.jpg,cattle,pulikulam,cattle_pulikulam
D:\B.Tech\CE-AI\Sem 7\MP\Datasets\archive (1)\clean_images\cattle\dangi\dangi_0023.png,cattle,dangi,cattle_dangi
D:\B.Tech\CE-AI\Sem 7\MP\Datasets\archive (1)\clean_images\cattle\hallikar\hallikar_0290.jpg,cattle,hallikar,cattle_hallikar
D:\B.Tech\CE-AI\Sem 7\MP\Datasets\archive (1)\clean_images\cattle\sahiwal\sahiwal_0164.jpg,cattle,sahiwal,cattle_sahiwal
D:\B.Tech\CE-AI\Sem 7\MP\Datasets\archive (1)\clean_images\cattle\holstein-friesian\holstein-friesian_0115.jpg,cattle,holstein-friesian,cattle_holstein-friesian
D:\B.Tech\CE-AI\Sem 7\MP\Datasets\archive (1)\clean_images\cattle\hariana\hariana_0096.jpg,cattle,hariana,cattle_hariana
D:\B.Tech\CE-AI\Sem 7\MP\Datasets\archive (1)\clean_images\buffalo\toda\toda_0068.jpg,buffalo,toda,buffalo_toda
D:\B.Tech\CE-AI\Sem 7\MP\Datasets\archive (1)\clean_images\cattle\nimari\nimari_0089.png,cattle,nimari,cattle_nimari
D:\B.Tech\CE-AI\Sem 7\MP\Datasets\archive (1)\clean_images\buffalo\nagpuri\nagpuri_0021.jpg,buffalo,nagpuri,buffalo_nagpuri
D:\B.Tech\CE-AI\Sem 7\MP\Datasets\archive (1)\clean_images\cattle\guernsey\guernsey_0203.jpg,cattle,guernsey,cattle_guernsey
D:\B.Tech\CE-AI\Sem 7\MP\Datasets\archive (1)\clean_images\cattle\gir\gir_0156.jpg,cattle,gir,cattle_gir
D:\B.Tech\CE-AI\Sem 7\MP\Datasets\archive (1)\clean_images\buffalo\jaffarabadi\jaffarabadi_0029.jpg,buffalo,jaffarabadi,buffalo_jaffarabadi
D:\B.Tech\CE-AI\Sem 7\MP\Datasets\archive (1)\clean_images\cattle\vechur\vechur_0036.png,cattle,vechur,cattle_vechur
D:\B.Tech\CE-AI\Sem 7\MP\Datasets\archive (1)\clean_images\cattle\red_sindhi\red_sindhi_0035.png,cattle,red_sindhi,cattle_red_sindhi
D:\B.Tech\CE-AI\Sem 7\MP\Datasets\archive (1)\clean_images\cattle\khillar\khillar_0013.jpg,cattle,khillar,cattle_khillar
D:\B.Tech\CE-AI\Sem 7\MP\Datasets\archive (1)\clean_images\cattle\sahiwal\sahiwal_0032.png,cattle,sahiwal,cattle_sahiwal
D:\B.Tech\CE-AI\Sem 7\MP\Datasets\archive (1)\clean_images\cattle\holstein-friesian\holstein-friesian_0335.jpg,cattle,holstein-friesian,cattle_holstein-friesian
D:\B.Tech\CE-AI\Sem 7\MP\Datasets\archive (1)\clean_images\cattle\deoni\deoni_0156.jpg,cattle,deoni,cattle_deoni
D:\B.Tech\CE-AI\Sem 7\MP\Datasets\archive (1)\clean_images\cattle\nagori\nagori_0078.png,cattle,nagori,cattle_nagori
D:\B.Tech\CE-AI\Sem 7\MP\Datasets\archive (1)\clean_images\cattle\pulikulam\pulikulam_0073.jpg,cattle,pulikulam,cattle_pulikulam
D:\B.Tech\CE-AI\Sem 7\MP\Datasets\archive (1)\clean_images\cattle\rathi\rathi_0116.jpg,cattle,rathi,cattle_rathi
D:\B.Tech\CE-AI\Sem 7\MP\Datasets\archive (1)\clean_images\buffalo\nagpuri\nagpuri_0096.jpg,buffalo,nagpuri,buffalo_nagpuri
D:\B.Tech\CE-AI\Sem 7\MP\Datasets\archive (1)\clean_images\cattle\vechur\vechur_0078.jpg,cattle,vechur,cattle_vechur
D:\B.Tech\CE-AI\Sem 7\MP\Datasets\archive (1)\clean_images\cattle\gir\gir_0423.jpg,cattle,gir,cattle_gir
D:\B.Tech\CE-AI\Sem 7\MP\Datasets\archive (1)\clean_images\cattle\tharparkar\tharparkar_0065.png,cattle,tharparkar,cattle_tharparkar
D:\B.Tech\CE-AI\Sem 7\MP\Datasets\archive (1)\clean_images\buffalo\nili_ravi\nili_ravi_0020.jpg,buffalo,nili_ravi,buffalo_nili_ravi
D:\B.Tech\CE-AI\Sem 7\MP\Datasets\archive (1)\clean_images\cattle\amritmahal\amritmahal_0018.jpg,cattle,amritmahal,cattle_amritmahal
D:\B.Tech\CE-AI\Sem 7\MP\Datasets\archive (1)\clean_images\cattle\brown_swiss\brown_swiss_0178.jpg,cattle,brown_swiss,cattle_brown_swiss
D:\B.Tech\CE-AI\Sem 7\MP\Datasets\archive (1)\clean_images\cattle\malnad_gidda\malnad_gidda_0001.jpg,cattle,malnad_gidda,cattle_malnad_gidda
D:\B.Tech\CE-AI\Sem 7\MP\Datasets\archive (1)\clean_images\cattle\gir\gir_0583.jpg,cattle,gir,cattle_gir
D:\B.Tech\CE-AI\Sem 7\MP\Datasets\archive (1)\clean_images\cattle\holstein-friesian\holstein-friesian_0195.jpg,cattle,holstein-friesian,cattle_holstein-friesian
D:\B.Tech\CE-AI\Sem 7\MP\Datasets\archive (1)\clean_images\cattle\gir\gir_0663.jpg,cattle,gir,cattle_gir
D:\B.Tech\CE-AI\Sem 7\MP\Datasets\archive (1)\clean_images\cattle\ayrshire\ayrshire_0114.jpg,cattle,ayrshire,cattle_ayrshire
D:\B.Tech\CE-AI\Sem 7\MP\Datasets\archive (1)\clean_images\cattle\holstein-friesian\holstein-friesian_0261.jpg,cattle,holstein-friesian,cattle_holstein-friesian
D:\B.Tech\CE-AI\Sem 7\MP\Datasets\archive (1)\clean_images\cattle\brown_swiss\brown_swiss_0307.jpg,cattle,brown_swiss,cattle_brown_swiss
D:\B.Tech\CE-AI\Sem 7\MP\Datasets\archive (1)\clean_images\cattle\ayrshire\ayrshire_0654.jpg,cattle,ayrshire,cattle_ayrshire
D:\B.Tech\CE-AI\Sem 7\MP\Datasets\archive (1)\clean_images\cattle\khillar\khillar_0011.jpg,cattle,khillar,cattle_khillar
D:\B.Tech\CE-AI\Sem 7\MP\Datasets\archive (1)\clean_images\cattle\sahiwal\sahiwal_0348.jpg,cattle,sahiwal,cattle_sahiwal
D:\B.Tech\CE-AI\Sem 7\MP\Datasets\archive (1)\clean_images\cattle\brown_swiss\brown_swiss_0319.jpg,cattle,brown_swiss,cattle_brown_swiss
D:\B.Tech\CE-AI\Sem 7\MP\Datasets\archive (1)\clean_images\cattle\guernsey\guernsey_0216.jpg,cattle,guernsey,cattle_guernsey
D:\B.Tech\CE-AI\Sem 7\MP\Datasets\archive (1)\clean_images\cattle\krishna_valley\krishna_valley_0090.jpg,cattle,krishna_valley,cattle_krishna_valley
D:\B.Tech\CE-AI\Sem 7\MP\Datasets\archive (1)\clean_images\cattle\tharparkar\tharparkar_0213.jpeg,cattle,tharparkar,cattle_tharparkar
D:\B.Tech\CE-AI\Sem 7\MP\Datasets\archive (1)\clean_images\cattle\gir\gir_0545.jpg,cattle,gir,cattle_gir
D:\B.Tech\CE-AI\Sem 7\MP\Datasets\archive (1)\clean_images\buffalo\nagpuri\nagpuri_0061.jpg,buffalo,nagpuri,buffalo_nagpuri
D:\B.Tech\CE-AI\Sem 7\MP\Datasets\archive (1)\clean_images\cattle\holstein-friesian\holstein-friesian_0188.jpg,cattle,holstein-friesian,cattle_holstein-friesian
D:\B.Tech\CE-AI\Sem 7\MP\Datasets\archive (1)\clean_images\buffalo\mehsana\mehsana_0033.png,buffalo,mehsana,buffalo_mehsana
D:\B.Tech\CE-AI\Sem 7\MP\Datasets\archive (1)\clean_images\cattle\kankrej\kankrej_0128.jpg,cattle,kankrej,cattle_kankrej
D:\B.Tech\CE-AI\Sem 7\MP\Datasets\archive (1)\clean_images\cattle\kangayam\kangayam_0072.jpg,cattle,kangayam,cattle_kangayam
D:\B.Tech\CE-AI\Sem 7\MP\Datasets\archive (1)\clean_images\cattle\jersey\jersey_0051.jpg,cattle,jersey,cattle_jersey
D:\B.Tech\CE-AI\Sem 7\MP\Datasets\archive (1)\clean_images\cattle\hallikar\hallikar_0281.png,cattle,hallikar,cattle_hallikar
D:\B.Tech\CE-AI\Sem 7\MP\Datasets\archive (1)\clean_images\cattle\red_dane\red_dane_0115.jpg,cattle,red_dane,cattle_red_dane
D:\B.Tech\CE-AI\Sem 7\MP\Datasets\archive (1)\clean_images\buffalo\alambadi\alambadi_0071.jpg,buffalo,alambadi,buffalo_alambadi
D:\B.Tech\CE-AI\Sem 7\MP\Datasets\archive (1)\clean_images\cattle\guernsey\guernsey_0176.jpg,cattle,guernsey,cattle_guernsey
D:\B.Tech\CE-AI\Sem 7\MP\Datasets\archive (1)\clean_images\cattle\malnad_gidda\malnad_gidda_0022.jpg,cattle,malnad_gidda,cattle_malnad_gidda
D:\B.Tech\CE-AI\Sem 7\MP\Datasets\archive (1)\clean_images\cattle\tharparkar\tharparkar_0178.jpg,cattle,tharparkar,cattle_tharparkar
D:\B.Tech\CE-AI\Sem 7\MP\Datasets\archive (1)\clean_images\cattle\tharparkar\tharparkar_0032.jpg,cattle,tharparkar,cattle_tharparkar
D:\B.Tech\CE-AI\Sem 7\MP\Datasets\archive (1)\clean_images\cattle\holstein-friesian\holstein-friesian_0077.jpg,cattle,holstein-friesian,cattle_holstein-friesian
D:\B.Tech\CE-AI\Sem 7\MP\Datasets\archive (1)\clean_images\cattle\amritmahal\amritmahal_0187.jpg,cattle,amritmahal,cattle_amritmahal
D:\B.Tech\CE-AI\Sem 7\MP\Datasets\archive (1)\clean_images\cattle\ongole\ongole_0065.jpg,cattle,ongole,cattle_ongole
D:\B.Tech\CE-AI\Sem 7\MP\Datasets\archive (1)\clean_images\cattle\nagori\nagori_0089.png,cattle,nagori,cattle_nagori
D:\B.Tech\CE-AI\Sem 7\MP\Datasets\archive (1)\clean_images\cattle\ayrshire\ayrshire_0082.jpg,cattle,ayrshire,cattle_ayrshire
D:\B.Tech\CE-AI\Sem 7\MP\Datasets\archive (1)\clean_images\cattle\krishna_valley\krishna_valley_0032.jpg,cattle,krishna_valley,cattle_krishna_valley
D:\B.Tech\CE-AI\Sem 7\MP\Datasets\archive (1)\clean_images\cattle\jersey\jersey_0106.jpg,cattle,jersey,cattle_jersey
D:\B.Tech\CE-AI\Sem 7\MP\Datasets\archive (1)\clean_images\cattle\kenkatha\kenkatha_0060.jpg,cattle,kenkatha,cattle_kenkatha
D:\B.Tech\CE-AI\Sem 7\MP\Datasets\archive (1)\clean_images\buffalo\surti\surti_0027.jpg,buffalo,surti,buffalo_surti
D:\B.Tech\CE-AI\Sem 7\MP\Datasets\archive (1)\clean_images\cattle\amritmahal\amritmahal_0104.jpg,cattle,amritmahal,cattle_amritmahal
D:\B.Tech\CE-AI\Sem 7\MP\Datasets\archive (1)\clean_images\cattle\sahiwal\sahiwal_0234.jpg,cattle,sahiwal,cattle_sahiwal
D:\B.Tech\CE-AI\Sem 7\MP\Datasets\archive (1)\clean_images\cattle\hallikar\hallikar_0124.jpg,cattle,hallikar,cattle_hallikar
D:\B.Tech\CE-AI\Sem 7\MP\Datasets\archive (1)\clean_images\cattle\ayrshire\ayrshire_0062.jpg,cattle,ayrshire,cattle_ayrshire
D:\B.Tech\CE-AI\Sem 7\MP\Datasets\archive (1)\clean_images\buffalo\bhadawari\bhadawari_0041.jpg,buffalo,bhadawari,buffalo_bhadawari
D:\B.Tech\CE-AI\Sem 7\MP\Datasets\archive (1)\clean_images\cattle\rathi\rathi_0125.png,cattle,rathi,cattle_rathi
D:\B.Tech\CE-AI\Sem 7\MP\Datasets\archive (1)\clean_images\cattle\deoni\deoni_0201.jpg,cattle,deoni,cattle_deoni
D:\B.Tech\CE-AI\Sem 7\MP\Datasets\archive (1)\clean_images\cattle\deoni\deoni_0095.jpg,cattle,deoni,cattle_deoni
D:\B.Tech\CE-AI\Sem 7\MP\Datasets\archive (1)\clean_images\cattle\gir\gir_0690.jpg,cattle,gir,cattle_gir
D:\B.Tech\CE-AI\Sem 7\MP\Datasets\archive (1)\clean_images\cattle\guernsey\guernsey_0214.jpg,cattle,guernsey,cattle_guernsey
D:\B.Tech\CE-AI\Sem 7\MP\Datasets\archive (1)\clean_images\buffalo\nili_ravi\nili_ravi_0070.jpg,buffalo,nili_ravi,buffalo_nili_ravi
D:\B.Tech\CE-AI\Sem 7\MP\Datasets\archive (1)\clean_images\cattle\ayrshire\ayrshire_0379.jpg,cattle,ayrshire,cattle_ayrshire
D:\B.Tech\CE-AI\Sem 7\MP\Datasets\archive (1)\clean_images\cattle\hallikar\hallikar_0268.png,cattle,hallikar,cattle_hallikar
D:\B.Tech\CE-AI\Sem 7\MP\Datasets\archive (1)\clean_images\cattle\ayrshire\ayrshire_0682.jpg,cattle,ayrshire,cattle_ayrshire
D:\B.Tech\CE-AI\Sem 7\MP\Datasets\archive (1)\clean_images\buffalo\banni\banni_0085.jpg,buffalo,banni,buffalo_banni
D:\B.Tech\CE-AI\Sem 7\MP\Datasets\archive (1)\clean_images\buffalo\nagpuri\nagpuri_0167.jpg,buffalo,nagpuri,buffalo_nagpuri
D:\B.Tech\CE-AI\Sem 7\MP\Datasets\archive (1)\clean_images\buffalo\alambadi\alambadi_0068.jpg,buffalo,alambadi,buffalo_alambadi
D:\B.Tech\CE-AI\Sem 7\MP\Datasets\archive (1)\clean_images\cattle\tharparkar\tharparkar_0096.jpg,cattle,tharparkar,cattle_tharparkar
D:\B.Tech\CE-AI\Sem 7\MP\Datasets\archive (1)\clean_images\cattle\ayrshire\ayrshire_0618.jpg,cattle,ayrshire,cattle_ayrshire
D:\B.Tech\CE-AI\Sem 7\MP\Datasets\archive (1)\clean_images\buffalo\nagpuri\nagpuri_0040.jpg,buffalo,nagpuri,buffalo_nagpuri
D:\B.Tech\CE-AI\Sem 7\MP\Datasets\archive (1)\clean_images\cattle\kangayam\kangayam_0023.jpg,cattle,kangayam,cattle_kangayam
D:\B.Tech\CE-AI\Sem 7\MP\Datasets\archive (1)\clean_images\buffalo\nagpuri\nagpuri_0102.png,buffalo,nagpuri,buffalo_nagpuri
D:\B.Tech\CE-AI\Sem 7\MP\Datasets\archive (1)\clean_images\cattle\kherigarh\kherigarh_0041.png,cattle,kherigarh,cattle_kherigarh
D:\B.Tech\CE-AI\Sem 7\MP\Datasets\archive (1)\clean_images\cattle\guernsey\guernsey_0242.jpg,cattle,guernsey,cattle_guernsey
D:\B.Tech\CE-AI\Sem 7\MP\Datasets\archive (1)\clean_images\cattle\red_sindhi\red_sindhi_0020.jpg,cattle,red_sindhi,cattle_red_sindhi
D:\B.Tech\CE-AI\Sem 7\MP\Datasets\archive (1)\clean_images\cattle\kankrej\kankrej_0097.jpeg,cattle,kankrej,cattle_kankrej
D:\B.Tech\CE-AI\Sem 7\MP\Datasets\archive (1)\clean_images\cattle\red_sindhi\red_sindhi_0008.png,cattle,red_sindhi,cattle_red_sindhi
D:\B.Tech\CE-AI\Sem 7\MP\Datasets\archive (1)\clean_images\cattle\hariana\hariana_0100.jpg,cattle,hariana,cattle_hariana
D:\B.Tech\CE-AI\Sem 7\MP\Datasets\archive (1)\clean_images\cattle\pulikulam\pulikulam_0114.jpg,cattle,pulikulam,cattle_pulikulam
D:\B.Tech\CE-AI\Sem 7\MP\Datasets\archive (1)\clean_images\buffalo\mehsana\mehsana_0076.jpg,buffalo,mehsana,buffalo_mehsana
D:\B.Tech\CE-AI\Sem 7\MP\Datasets\archive (1)\clean_images\cattle\krishna_valley\krishna_valley_0037.jpg,cattle,krishna_valley,cattle_krishna_valley
D:\B.Tech\CE-AI\Sem 7\MP\Datasets\archive (1)\clean_images\cattle\kherigarh\kherigarh_0010.jpg,cattle,kherigarh,cattle_kherigarh
D:\B.Tech\CE-AI\Sem 7\MP\Datasets\archive (1)\clean_images\cattle\amritmahal\amritmahal_0039.jpg,cattle,amritmahal,cattle_amritmahal
D:\B.Tech\CE-AI\Sem 7\MP\Datasets\archive (1)\clean_images\cattle\holstein-friesian\holstein-friesian_0528.jpg,cattle,holstein-friesian,cattle_holstein-friesian
D:\B.Tech\CE-AI\Sem 7\MP\Datasets\archive (1)\clean_images\cattle\brown_swiss\brown_swiss_0100.jpg,cattle,brown_swiss,cattle_brown_swiss
D:\B.Tech\CE-AI\Sem 7\MP\Datasets\archive (1)\clean_images\cattle\kankrej\kankrej_0074.jpg,cattle,kankrej,cattle_kankrej
D:\B.Tech\CE-AI\Sem 7\MP\Datasets\archive (1)\clean_images\buffalo\toda\toda_0104.jpg,buffalo,toda,buffalo_toda
D:\B.Tech\CE-AI\Sem 7\MP\Datasets\archive (1)\clean_images\cattle\red_sindhi\red_sindhi_0081.png,cattle,red_sindhi,cattle_red_sindhi
D:\B.Tech\CE-AI\Sem 7\MP\Datasets\archive (1)\clean_images\cattle\red_sindhi\red_sindhi_0161.jpg,cattle,red_sindhi,cattle_red_sindhi
D:\B.Tech\CE-AI\Sem 7\MP\Datasets\archive (1)\clean_images\cattle\brown_swiss\brown_swiss_0116.jpg,cattle,brown_swiss,cattle_brown_swiss
D:\B.Tech\CE-AI\Sem 7\MP\Datasets\archive (1)\clean_images\cattle\jersey\jersey_0174.jpg,cattle,jersey,cattle_jersey
D:\B.Tech\CE-AI\Sem 7\MP\Datasets\archive (1)\clean_images\cattle\krishna_valley\krishna_valley_0018.jpg,cattle,krishna_valley,cattle_krishna_valley
D:\B.Tech\CE-AI\Sem 7\MP\Datasets\archive (1)\clean_images\cattle\amritmahal\amritmahal_0051.jpg,cattle,amritmahal,cattle_amritmahal
D:\B.Tech\CE-AI\Sem 7\MP\Datasets\archive (1)\clean_images\cattle\khillar\khillar_0064.jpg,cattle,khillar,cattle_khillar
D:\B.Tech\CE-AI\Sem 7\MP\Datasets\archive (1)\clean_images\cattle\amritmahal\amritmahal_0077.jpg,cattle,amritmahal,cattle_amritmahal
D:\B.Tech\CE-AI\Sem 7\MP\Datasets\archive (1)\clean_images\cattle\red_dane\red_dane_0148.jpg,cattle,red_dane,cattle_red_dane
D:\B.Tech\CE-AI\Sem 7\MP\Datasets\archive (1)\clean_images\cattle\gir\gir_0433.jpg,cattle,gir,cattle_gir
D:\B.Tech\CE-AI\Sem 7\MP\Datasets\archive (1)\clean_images\cattle\sahiwal\sahiwal_0239.jpg,cattle,sahiwal,cattle_sahiwal
D:\B.Tech\CE-AI\Sem 7\MP\Datasets\archive (1)\clean_images\cattle\ongole\ongole_0077.jpg,cattle,ongole,cattle_ongole
D:\B.Tech\CE-AI\Sem 7\MP\Datasets\archive (1)\clean_images\cattle\gir\gir_0439.jpg,cattle,gir,cattle_gir
D:\B.Tech\CE-AI\Sem 7\MP\Datasets\archive (1)\clean_images\cattle\kherigarh\kherigarh_0043.png,cattle,kherigarh,cattle_kherigarh
D:\B.Tech\CE-AI\Sem 7\MP\Datasets\archive (1)\clean_images\cattle\vechur\vechur_0140.png,cattle,vechur,cattle_vechur
D:\B.Tech\CE-AI\Sem 7\MP\Datasets\archive (1)\clean_images\cattle\jersey\jersey_0165.jpg,cattle,jersey,cattle_jersey
D:\B.Tech\CE-AI\Sem 7\MP\Datasets\archive (1)\clean_images\cattle\krishna_valley\krishna_valley_0141.jpg,cattle,krishna_valley,cattle_krishna_valley
D:\B.Tech\CE-AI\Sem 7\MP\Datasets\archive (1)\clean_images\cattle\gir\gir_0762.jpg,cattle,gir,cattle_gir
D:\B.Tech\CE-AI\Sem 7\MP\Datasets\archive (1)\clean_images\cattle\krishna_valley\krishna_valley_0043.jpg,cattle,krishna_valley,cattle_krishna_valley
D:\B.Tech\CE-AI\Sem 7\MP\Datasets\archive (1)\clean_images\cattle\guernsey\guernsey_0186.jpg,cattle,guernsey,cattle_guernsey
D:\B.Tech\CE-AI\Sem 7\MP\Datasets\archive (1)\clean_images\buffalo\toda\toda_0046.jpg,buffalo,toda,buffalo_toda
D:\B.Tech\CE-AI\Sem 7\MP\Datasets\archive (1)\clean_images\cattle\nagori\nagori_0095.png,cattle,nagori,cattle_nagori
D:\B.Tech\CE-AI\Sem 7\MP\Datasets\archive (1)\clean_images\cattle\guernsey\guernsey_0225.jpg,cattle,guernsey,cattle_guernsey
D:\B.Tech\CE-AI\Sem 7\MP\Datasets\archive (1)\clean_images\cattle\krishna_valley\krishna_valley_0064.jpg,cattle,krishna_valley,cattle_krishna_valley
D:\B.Tech\CE-AI\Sem 7\MP\Datasets\archive (1)\clean_images\buffalo\bhadawari\bhadawari_0027.jpg,buffalo,bhadawari,buffalo_bhadawari
D:\B.Tech\CE-AI\Sem 7\MP\Datasets\archive (1)\clean_images\cattle\sahiwal\sahiwal_0203.jpg,cattle,sahiwal,cattle_sahiwal
D:\B.Tech\CE-AI\Sem 7\MP\Datasets\archive (1)\clean_images\cattle\red_dane\red_dane_0046.jpg,cattle,red_dane,cattle_red_dane
D:\B.Tech\CE-AI\Sem 7\MP\Datasets\archive (1)\clean_images\cattle\gir\gir_0611.jpg,cattle,gir,cattle_gir
D:\B.Tech\CE-AI\Sem 7\MP\Datasets\archive (1)\clean_images\cattle\sahiwal\sahiwal_0012.jpg,cattle,sahiwal,cattle_sahiwal
D:\B.Tech\CE-AI\Sem 7\MP\Datasets\archive (1)\clean_images\cattle\gir\gir_0459.png,cattle,gir,cattle_gir
D:\B.Tech\CE-AI\Sem 7\MP\Datasets\archive (1)\clean_images\cattle\red_sindhi\red_sindhi_0119.jpg,cattle,red_sindhi,cattle_red_sindhi
D:\B.Tech\CE-AI\Sem 7\MP\Datasets\archive (1)\clean_images\cattle\rathi\rathi_0157.png,cattle,rathi,cattle_rathi
D:\B.Tech\CE-AI\Sem 7\MP\Datasets\archive (1)\clean_images\cattle\gir\gir_0218.jpg,cattle,gir,cattle_gir
D:\B.Tech\CE-AI\Sem 7\MP\Datasets\archive (1)\clean_images\cattle\red_sindhi\red_sindhi_0057.jpg,cattle,red_sindhi,cattle_red_sindhi
D:\B.Tech\CE-AI\Sem 7\MP\Datasets\archive (1)\clean_images\buffalo\alambadi\alambadi_0159.png,buffalo,alambadi,buffalo_alambadi
D:\B.Tech\CE-AI\Sem 7\MP\Datasets\archive (1)\clean_images\cattle\gir\gir_0017.jpg,cattle,gir,cattle_gir
D:\B.Tech\CE-AI\Sem 7\MP\Datasets\archive (1)\clean_images\cattle\gir\gir_0496.jpg,cattle,gir,cattle_gir
D:\B.Tech\CE-AI\Sem 7\MP\Datasets\archive (1)\clean_images\cattle\ongole\ongole_0199.png,cattle,ongole,cattle_ongole
D:\B.Tech\CE-AI\Sem 7\MP\Datasets\archive (1)\clean_images\cattle\ayrshire\ayrshire_0327.jpg,cattle,ayrshire,cattle_ayrshire
D:\B.Tech\CE-AI\Sem 7\MP\Datasets\archive (1)\clean_images\cattle\holstein-friesian\holstein-friesian_0470.jpg,cattle,holstein-friesian,cattle_holstein-friesian
D:\B.Tech\CE-AI\Sem 7\MP\Datasets\archive (1)\clean_images\cattle\tharparkar\tharparkar_0059.jpeg,cattle,tharparkar,cattle_tharparkar
D:\B.Tech\CE-AI\Sem 7\MP\Datasets\archive (1)\clean_images\cattle\ayrshire\ayrshire_0596.jpg,cattle,ayrshire,cattle_ayrshire
D:\B.Tech\CE-AI\Sem 7\MP\Datasets\archive (1)\clean_images\buffalo\alambadi\alambadi_0076.jpg,buffalo,alambadi,buffalo_alambadi
D:\B.Tech\CE-AI\Sem 7\MP\Datasets\archive (1)\clean_images\cattle\krishna_valley\krishna_valley_0118.jpg,cattle,krishna_valley,cattle_krishna_valley
D:\B.Tech\CE-AI\Sem 7\MP\Datasets\archive (1)\clean_images\cattle\ayrshire\ayrshire_0329.jpg,cattle,ayrshire,cattle_ayrshire
D:\B.Tech\CE-AI\Sem 7\MP\Datasets\archive (1)\clean_images\cattle\red_sindhi\red_sindhi_0002.jpg,cattle,red_sindhi,cattle_red_sindhi
D:\B.Tech\CE-AI\Sem 7\MP\Datasets\archive (1)\clean_images\cattle\gir\gir_0015.jpg,cattle,gir,cattle_gir
D:\B.Tech\CE-AI\Sem 7\MP\Datasets\archive (1)\clean_images\cattle\tharparkar\tharparkar_0069.png,cattle,tharparkar,cattle_tharparkar
D:\B.Tech\CE-AI\Sem 7\MP\Datasets\archive (1)\clean_images\cattle\hallikar\hallikar_0083.jpg,cattle,hallikar,cattle_hallikar
D:\B.Tech\CE-AI\Sem 7\MP\Datasets\archive (1)\clean_images\cattle\kankrej\kankrej_0116.jpg,cattle,kankrej,cattle_kankrej
D:\B.Tech\CE-AI\Sem 7\MP\Datasets\archive (1)\clean_images\cattle\ayrshire\ayrshire_0568.jpg,cattle,ayrshire,cattle_ayrshire
D:\B.Tech\CE-AI\Sem 7\MP\Datasets\archive (1)\clean_images\buffalo\bargur\bargur_0059.jpg,buffalo,bargur,buffalo_bargur
D:\B.Tech\CE-AI\Sem 7\MP\Datasets\archive (1)\clean_images\buffalo\banni\banni_0029.jpg,buffalo,banni,buffalo_banni
D:\B.Tech\CE-AI\Sem 7\MP\Datasets\archive (1)\clean_images\buffalo\nagpuri\nagpuri_0161.png,buffalo,nagpuri,buffalo_nagpuri
D:\B.Tech\CE-AI\Sem 7\MP\Datasets\archive (1)\clean_images\cattle\holstein-friesian\holstein-friesian_0378.jpg,cattle,holstein-friesian,cattle_holstein-friesian
D:\B.Tech\CE-AI\Sem 7\MP\Datasets\archive (1)\clean_images\cattle\malnad_gidda\malnad_gidda_0053.jpg,cattle,malnad_gidda,cattle_malnad_gidda
D:\B.Tech\CE-AI\Sem 7\MP\Datasets\archive (1)\clean_images\cattle\brown_swiss\brown_swiss_0215.jpg,cattle,brown_swiss,cattle_brown_swiss
D:\B.Tech\CE-AI\Sem 7\MP\Datasets\archive (1)\clean_images\cattle\gir\gir_0366.jpg,cattle,gir,cattle_gir
D:\B.Tech\CE-AI\Sem 7\MP\Datasets\archive (1)\clean_images\cattle\sahiwal\sahiwal_0067.jpg,cattle,sahiwal,cattle_sahiwal
D:\B.Tech\CE-AI\Sem 7\MP\Datasets\archive (1)\clean_images\cattle\ayrshire\ayrshire_0176.jpg,cattle,ayrshire,cattle_ayrshire
D:\B.Tech\CE-AI\Sem 7\MP\Datasets\archive (1)\clean_images\buffalo\nagpuri\nagpuri_0151.jpg,buffalo,nagpuri,buffalo_nagpuri
D:\B.Tech\CE-AI\Sem 7\MP\Datasets\archive (1)\clean_images\cattle\sahiwal\sahiwal_0421.jpg,cattle,sahiwal,cattle_sahiwal
D:\B.Tech\CE-AI\Sem 7\MP\Datasets\archive (1)\clean_images\cattle\gir\gir_0426.jpg,cattle,gir,cattle_gir
D:\B.Tech\CE-AI\Sem 7\MP\Datasets\archive (1)\clean_images\cattle\gir\gir_0746.png,cattle,gir,cattle_gir
D:\B.Tech\CE-AI\Sem 7\MP\Datasets\archive (1)\clean_images\cattle\holstein-friesian\holstein-friesian_0316.jpg,cattle,holstein-friesian,cattle_holstein-friesian
D:\B.Tech\CE-AI\Sem 7\MP\Datasets\archive (1)\clean_images\cattle\ongole\ongole_0201.jpg,cattle,ongole,cattle_ongole
D:\B.Tech\CE-AI\Sem 7\MP\Datasets\archive (1)\clean_images\cattle\deoni\deoni_0013.jpg,cattle,deoni,cattle_deoni
D:\B.Tech\CE-AI\Sem 7\MP\Datasets\archive (1)\clean_images\cattle\hallikar\hallikar_0297.png,cattle,hallikar,cattle_hallikar
D:\B.Tech\CE-AI\Sem 7\MP\Datasets\archive (1)\clean_images\buffalo\alambadi\alambadi_0115.png,buffalo,alambadi,buffalo_alambadi
D:\B.Tech\CE-AI\Sem 7\MP\Datasets\archive (1)\clean_images\cattle\rathi\rathi_0132.png,cattle,rathi,cattle_rathi
D:\B.Tech\CE-AI\Sem 7\MP\Datasets\archive (1)\clean_images\cattle\malnad_gidda\malnad_gidda_0037.jpg,cattle,malnad_gidda,cattle_malnad_gidda
D:\B.Tech\CE-AI\Sem 7\MP\Datasets\archive (1)\clean_images\cattle\holstein-friesian\holstein-friesian_0140.jpg,cattle,holstein-friesian,cattle_holstein-friesian
D:\B.Tech\CE-AI\Sem 7\MP\Datasets\archive (1)\clean_images\cattle\ayrshire\ayrshire_0556.jpg,cattle,ayrshire,cattle_ayrshire
D:\B.Tech\CE-AI\Sem 7\MP\Datasets\archive (1)\clean_images\cattle\malnad_gidda\malnad_gidda_0020.jpg,cattle,malnad_gidda,cattle_malnad_gidda
D:\B.Tech\CE-AI\Sem 7\MP\Datasets\archive (1)\clean_images\buffalo\bargur\bargur_0091.jpg,buffalo,bargur,buffalo_bargur
D:\B.Tech\CE-AI\Sem 7\MP\Datasets\archive (1)\clean_images\buffalo\bargur\bargur_0003.jpg,buffalo,bargur,buffalo_bargur
D:\B.Tech\CE-AI\Sem 7\MP\Datasets\archive (1)\clean_images\buffalo\murrah\murrah_0180.png,buffalo,murrah,buffalo_murrah
D:\B.Tech\CE-AI\Sem 7\MP\Datasets\archive (1)\clean_images\buffalo\mehsana\mehsana_0089.jpg,buffalo,mehsana,buffalo_mehsana
D:\B.Tech\CE-AI\Sem 7\MP\Datasets\archive (1)\clean_images\cattle\pulikulam\pulikulam_0046.jpg,cattle,pulikulam,cattle_pulikulam
D:\B.Tech\CE-AI\Sem 7\MP\Datasets\archive (1)\clean_images\cattle\holstein-friesian\holstein-friesian_0016.jpg,cattle,holstein-friesian,cattle_holstein-friesian
D:\B.Tech\CE-AI\Sem 7\MP\Datasets\archive (1)\clean_images\cattle\hariana\hariana_0137.jpg,cattle,hariana,cattle_hariana
D:\B.Tech\CE-AI\Sem 7\MP\Datasets\archive (1)\clean_images\cattle\deoni\deoni_0138.png,cattle,deoni,cattle_deoni
D:\B.Tech\CE-AI\Sem 7\MP\Datasets\archive (1)\clean_images\cattle\tharparkar\tharparkar_0107.png,cattle,tharparkar,cattle_tharparkar
D:\B.Tech\CE-AI\Sem 7\MP\Datasets\archive (1)\clean_images\cattle\vechur\vechur_0123.png,cattle,vechur,cattle_vechur
D:\B.Tech\CE-AI\Sem 7\MP\Datasets\archive (1)\clean_images\cattle\kankrej\kankrej_0138.jpeg,cattle,kankrej,cattle_kankrej
D:\B.Tech\CE-AI\Sem 7\MP\Datasets\archive (1)\clean_images\cattle\holstein-friesian\holstein-friesian_0363.jpg,cattle,holstein-friesian,cattle_holstein-friesian
D:\B.Tech\CE-AI\Sem 7\MP\Datasets\archive (1)\clean_images\cattle\holstein-friesian\holstein-friesian_0022.jpg,cattle,holstein-friesian,cattle_holstein-friesian
D:\B.Tech\CE-AI\Sem 7\MP\Datasets\archive (1)\clean_images\cattle\kankrej\kankrej_0127.jpg,cattle,kankrej,cattle_kankrej
D:\B.Tech\CE-AI\Sem 7\MP\Datasets\archive (1)\clean_images\cattle\umblachery\umblachery_0002.jpg,cattle,umblachery,cattle_umblachery
D:\B.Tech\CE-AI\Sem 7\MP\Datasets\archive (1)\clean_images\buffalo\murrah\murrah_0050.jpg,buffalo,murrah,buffalo_murrah
D:\B.Tech\CE-AI\Sem 7\MP\Datasets\archive (1)\clean_images\cattle\holstein-friesian\holstein-friesian_0078.jpg,cattle,holstein-friesian,cattle_holstein-friesian
D:\B.Tech\CE-AI\Sem 7\MP\Datasets\archive (1)\clean_images\cattle\sahiwal\sahiwal_0154.jpg,cattle,sahiwal,cattle_sahiwal
D:\B.Tech\CE-AI\Sem 7\MP\Datasets\archive (1)\clean_images\cattle\hariana\hariana_0043.png,cattle,hariana,cattle_hariana
D:\B.Tech\CE-AI\Sem 7\MP\Datasets\archive (1)\clean_images\buffalo\nili_ravi\nili_ravi_0038.jpg,buffalo,nili_ravi,buffalo_nili_ravi
D:\B.Tech\CE-AI\Sem 7\MP\Datasets\archive (1)\clean_images\buffalo\nili_ravi\nili_ravi_0018.jpg,buffalo,nili_ravi,buffalo_nili_ravi
D:\B.Tech\CE-AI\Sem 7\MP\Datasets\archive (1)\clean_images\cattle\amritmahal\amritmahal_0108.jpg,cattle,amritmahal,cattle_amritmahal
D:\B.Tech\CE-AI\Sem 7\MP\Datasets\archive (1)\clean_images\cattle\gir\gir_0525.jpg,cattle,gir,cattle_gir
D:\B.Tech\CE-AI\Sem 7\MP\Datasets\archive (1)\clean_images\cattle\hallikar\hallikar_0200.jpg,cattle,hallikar,cattle_hallikar
D:\B.Tech\CE-AI\Sem 7\MP\Datasets\archive (1)\clean_images\buffalo\banni\banni_0023.jpg,buffalo,banni,buffalo_banni
D:\B.Tech\CE-AI\Sem 7\MP\Datasets\archive (1)\clean_images\buffalo\mehsana\mehsana_0001.jpg,buffalo,mehsana,buffalo_mehsana
D:\B.Tech\CE-AI\Sem 7\MP\Datasets\archive (1)\clean_images\cattle\red_sindhi\red_sindhi_0062.png,cattle,red_sindhi,cattle_red_sindhi
D:\B.Tech\CE-AI\Sem 7\MP\Datasets\archive (1)\clean_images\cattle\ayrshire\ayrshire_0489.jpg,cattle,ayrshire,cattle_ayrshire
D:\B.Tech\CE-AI\Sem 7\MP\Datasets\archive (1)\clean_images\cattle\nagori\nagori_0027.jpg,cattle,nagori,cattle_nagori
D:\B.Tech\CE-AI\Sem 7\MP\Datasets\archive (1)\clean_images\cattle\ongole\ongole_0142.png,cattle,ongole,cattle_ongole
D:\B.Tech\CE-AI\Sem 7\MP\Datasets\archive (1)\clean_images\cattle\gir\gir_0470.jpg,cattle,gir,cattle_gir
D:\B.Tech\CE-AI\Sem 7\MP\Datasets\archive (1)\clean_images\cattle\gir\gir_0701.jpg,cattle,gir,cattle_gir
D:\B.Tech\CE-AI\Sem 7\MP\Datasets\archive (1)\clean_images\cattle\dangi\dangi_0076.png,cattle,dangi,cattle_dangi
D:\B.Tech\CE-AI\Sem 7\MP\Datasets\archive (1)\clean_images\cattle\ayrshire\ayrshire_0450.jpg,cattle,ayrshire,cattle_ayrshire
D:\B.Tech\CE-AI\Sem 7\MP\Datasets\archive (1)\clean_images\buffalo\toda\toda_0095.jpg,buffalo,toda,buffalo_toda
D:\B.Tech\CE-AI\Sem 7\MP\Datasets\archive (1)\clean_images\cattle\gir\gir_0728.jpg,cattle,gir,cattle_gir
D:\B.Tech\CE-AI\Sem 7\MP\Datasets\archive (1)\clean_images\cattle\gir\gir_0748.jpg,cattle,gir,cattle_gir
D:\B.Tech\CE-AI\Sem 7\MP\Datasets\archive (1)\clean_images\cattle\ayrshire\ayrshire_0645.jpg,cattle,ayrshire,cattle_ayrshire
D:\B.Tech\CE-AI\Sem 7\MP\Datasets\archive (1)\clean_images\cattle\holstein-friesian\holstein-friesian_0504.jpg,cattle,holstein-friesian,cattle_holstein-friesian
D:\B.Tech\CE-AI\Sem 7\MP\Datasets\archive (1)\clean_images\cattle\vechur\vechur_0050.jpg,cattle,vechur,cattle_vechur
D:\B.Tech\CE-AI\Sem 7\MP\Datasets\archive (1)\clean_images\cattle\kangayam\kangayam_0050.jpg,cattle,kangayam,cattle_kangayam
D:\B.Tech\CE-AI\Sem 7\MP\Datasets\archive (1)\clean_images\buffalo\nili_ravi\nili_ravi_0011.jpg,buffalo,nili_ravi,buffalo_nili_ravi
D:\B.Tech\CE-AI\Sem 7\MP\Datasets\archive (1)\clean_images\buffalo\jaffarabadi\jaffarabadi_0089.png,buffalo,jaffarabadi,buffalo_jaffarabadi
D:\B.Tech\CE-AI\Sem 7\MP\Datasets\archive (1)\clean_images\cattle\gir\gir_0441.jpg,cattle,gir,cattle_gir
D:\B.Tech\CE-AI\Sem 7\MP\Datasets\archive (1)\clean_images\cattle\ayrshire\ayrshire_0142.jpg,cattle,ayrshire,cattle_ayrshire
D:\B.Tech\CE-AI\Sem 7\MP\Datasets\archive (1)\clean_images\cattle\holstein-friesian\holstein-friesian_0347.jpg,cattle,holstein-friesian,cattle_holstein-friesian
D:\B.Tech\CE-AI\Sem 7\MP\Datasets\archive (1)\clean_images\cattle\deoni\deoni_0032.jpg,cattle,deoni,cattle_deoni
D:\B.Tech\CE-AI\Sem 7\MP\Datasets\archive (1)\clean_images\buffalo\surti\surti_0011.jpg,buffalo,surti,buffalo_surti
D:\B.Tech\CE-AI\Sem 7\MP\Datasets\archive (1)\clean_images\buffalo\murrah\murrah_0176.png,buffalo,murrah,buffalo_murrah
D:\B.Tech\CE-AI\Sem 7\MP\Datasets\archive (1)\clean_images\cattle\holstein-friesian\holstein-friesian_0107.jpg,cattle,holstein-friesian,cattle_holstein-friesian
D:\B.Tech\CE-AI\Sem 7\MP\Datasets\archive (1)\clean_images\cattle\kangayam\kangayam_0080.jpg,cattle,kangayam,cattle_kangayam
D:\B.Tech\CE-AI\Sem 7\MP\Datasets\archive (1)\clean_images\cattle\amritmahal\amritmahal_0086.jpg,cattle,amritmahal,cattle_amritmahal
D:\B.Tech\CE-AI\Sem 7\MP\Datasets\archive (1)\clean_images\buffalo\mehsana\mehsana_0062.jpg,buffalo,mehsana,buffalo_mehsana
D:\B.Tech\CE-AI\Sem 7\MP\Datasets\archive (1)\clean_images\cattle\kankrej\kankrej_0051.jpg,cattle,kankrej,cattle_kankrej
D:\B.Tech\CE-AI\Sem 7\MP\Datasets\archive (1)\clean_images\cattle\red_dane\red_dane_0018.jpg,cattle,red_dane,cattle_red_dane
D:\B.Tech\CE-AI\Sem 7\MP\Datasets\archive (1)\clean_images\buffalo\bhadawari\bhadawari_0114.jpg,buffalo,bhadawari,buffalo_bhadawari
D:\B.Tech\CE-AI\Sem 7\MP\Datasets\archive (1)\clean_images\cattle\bargur\bargur_0052.jpg,cattle,bargur,cattle_bargur
D:\B.Tech\CE-AI\Sem 7\MP\Datasets\archive (1)\clean_images\buffalo\banni\banni_0084.jpg,buffalo,banni,buffalo_banni
D:\B.Tech\CE-AI\Sem 7\MP\Datasets\archive (1)\clean_images\buffalo\murrah\murrah_0061.jpg,buffalo,murrah,buffalo_murrah
D:\B.Tech\CE-AI\Sem 7\MP\Datasets\archive (1)\clean_images\cattle\vechur\vechur_0035.jpg,cattle,vechur,cattle_vechur
D:\B.Tech\CE-AI\Sem 7\MP\Datasets\archive (1)\clean_images\cattle\tharparkar\tharparkar_0196.jpeg,cattle,tharparkar,cattle_tharparkar
D:\B.Tech\CE-AI\Sem 7\MP\Datasets\archive (1)\clean_images\buffalo\surti\surti_0042.jpg,buffalo,surti,buffalo_surti
D:\B.Tech\CE-AI\Sem 7\MP\Datasets\archive (1)\clean_images\cattle\ongole\ongole_0200.png,cattle,ongole,cattle_ongole
D:\B.Tech\CE-AI\Sem 7\MP\Datasets\archive (1)\clean_images\cattle\sahiwal\sahiwal_0060.jpg,cattle,sahiwal,cattle_sahiwal
D:\B.Tech\CE-AI\Sem 7\MP\Datasets\archive (1)\clean_images\buffalo\nili_ravi\nili_ravi_0085.jpg,buffalo,nili_ravi,buffalo_nili_ravi
D:\B.Tech\CE-AI\Sem 7\MP\Datasets\archive (1)\clean_images\cattle\jersey\jersey_0064.jpg,cattle,jersey,cattle_jersey
D:\B.Tech\CE-AI\Sem 7\MP\Datasets\archive (1)\clean_images\cattle\jersey\jersey_0191.jpg,cattle,jersey,cattle_jersey
D:\B.Tech\CE-AI\Sem 7\MP\Datasets\archive (1)\clean_images\cattle\khillar\khillar_0044.jpg,cattle,khillar,cattle_khillar
D:\B.Tech\CE-AI\Sem 7\MP\Datasets\archive (1)\clean_images\buffalo\nagpuri\nagpuri_0078.png,buffalo,nagpuri,buffalo_nagpuri
D:\B.Tech\CE-AI\Sem 7\MP\Datasets\archive (1)\clean_images\cattle\ayrshire\ayrshire_0182.jpg,cattle,ayrshire,cattle_ayrshire
D:\B.Tech\CE-AI\Sem 7\MP\Datasets\archive (1)\clean_images\cattle\gir\gir_0635.png,cattle,gir,cattle_gir
D:\B.Tech\CE-AI\Sem 7\MP\Datasets\archive (1)\clean_images\cattle\jersey\jersey_0169.jpg,cattle,jersey,cattle_jersey
D:\B.Tech\CE-AI\Sem 7\MP\Datasets\archive (1)\clean_images\buffalo\jaffarabadi\jaffarabadi_0068.jpg,buffalo,jaffarabadi,buffalo_jaffarabadi
D:\B.Tech\CE-AI\Sem 7\MP\Datasets\archive (1)\clean_images\cattle\tharparkar\tharparkar_0030.jpg,cattle,tharparkar,cattle_tharparkar
D:\B.Tech\CE-AI\Sem 7\MP\Datasets\archive (1)\clean_images\cattle\rathi\rathi_0005.jpg,cattle,rathi,cattle_rathi
D:\B.Tech\CE-AI\Sem 7\MP\Datasets\archive (1)\clean_images\cattle\holstein-friesian\holstein-friesian_0539.jpg,cattle,holstein-friesian,cattle_holstein-friesian
D:\B.Tech\CE-AI\Sem 7\MP\Datasets\archive (1)\clean_images\cattle\hariana\hariana_0135.png,cattle,hariana,cattle_hariana
D:\B.Tech\CE-AI\Sem 7\MP\Datasets\archive (1)\clean_images\buffalo\alambadi\alambadi_0011.jpg,buffalo,alambadi,buffalo_alambadi
D:\B.Tech\CE-AI\Sem 7\MP\Datasets\archive (1)\clean_images\cattle\holstein-friesian\holstein-friesian_0129.jpg,cattle,holstein-friesian,cattle_holstein-friesian
D:\B.Tech\CE-AI\Sem 7\MP\Datasets\archive (1)\clean_images\cattle\hallikar\hallikar_0192.jpeg,cattle,hallikar,cattle_hallikar
D:\B.Tech\CE-AI\Sem 7\MP\Datasets\archive (1)\clean_images\cattle\khillar\khillar_0041.jpg,cattle,khillar,cattle_khillar
D:\B.Tech\CE-AI\Sem 7\MP\Datasets\archive (1)\clean_images\cattle\tharparkar\tharparkar_0035.png,cattle,tharparkar,cattle_tharparkar
D:\B.Tech\CE-AI\Sem 7\MP\Datasets\archive (1)\clean_images\cattle\jersey\jersey_0043.jpg,cattle,jersey,cattle_jersey
D:\B.Tech\CE-AI\Sem 7\MP\Datasets\archive (1)\clean_images\cattle\vechur\vechur_0025.jpg,cattle,vechur,cattle_vechur
D:\B.Tech\CE-AI\Sem 7\MP\Datasets\archive (1)\clean_images\cattle\ayrshire\ayrshire_0448.jpg,cattle,ayrshire,cattle_ayrshire
D:\B.Tech\CE-AI\Sem 7\MP\Datasets\archive (1)\clean_images\cattle\nimari\nimari_0078.png,cattle,nimari,cattle_nimari
D:\B.Tech\CE-AI\Sem 7\MP\Datasets\archive (1)\clean_images\cattle\holstein-friesian\holstein-friesian_0409.jpg,cattle,holstein-friesian,cattle_holstein-friesian
D:\B.Tech\CE-AI\Sem 7\MP\Datasets\archive (1)\clean_images\cattle\ayrshire\ayrshire_0670.jpg,cattle,ayrshire,cattle_ayrshire
D:\B.Tech\CE-AI\Sem 7\MP\Datasets\archive (1)\clean_images\cattle\hariana\hariana_0102.jpeg,cattle,hariana,cattle_hariana
D:\B.Tech\CE-AI\Sem 7\MP\Datasets\archive (1)\clean_images\cattle\holstein-friesian\holstein-friesian_0517.jpg,cattle,holstein-friesian,cattle_holstein-friesian
D:\B.Tech\CE-AI\Sem 7\MP\Datasets\archive (1)\clean_images\cattle\ongole\ongole_0003.jpg,cattle,ongole,cattle_ongole
D:\B.Tech\CE-AI\Sem 7\MP\Datasets\archive (1)\clean_images\cattle\hariana\hariana_0003.jpg,cattle,hariana,cattle_hariana
D:\B.Tech\CE-AI\Sem 7\MP\Datasets\archive (1)\clean_images\cattle\holstein-friesian\holstein-friesian_0367.jpg,cattle,holstein-friesian,cattle_holstein-friesian
D:\B.Tech\CE-AI\Sem 7\MP\Datasets\archive (1)\clean_images\cattle\gir\gir_0224.jpg,cattle,gir,cattle_gir
D:\B.Tech\CE-AI\Sem 7\MP\Datasets\archive (1)\clean_images\cattle\ayrshire\ayrshire_0608.jpg,cattle,ayrshire,cattle_ayrshire
D:\B.Tech\CE-AI\Sem 7\MP\Datasets\archive (1)\clean_images\buffalo\surti\surti_0024.jpg,buffalo,surti,buffalo_surti
D:\B.Tech\CE-AI\Sem 7\MP\Datasets\archive (1)\clean_images\cattle\amritmahal\amritmahal_0044.jpg,cattle,amritmahal,cattle_amritmahal
D:\B.Tech\CE-AI\Sem 7\MP\Datasets\archive (1)\clean_images\cattle\sahiwal\sahiwal_0009.jpg,cattle,sahiwal,cattle_sahiwal
D:\B.Tech\CE-AI\Sem 7\MP\Datasets\archive (1)\clean_images\buffalo\toda\toda_0021.jpg,buffalo,toda,buffalo_toda
D:\B.Tech\CE-AI\Sem 7\MP\Datasets\archive (1)\clean_images\cattle\krishna_valley\krishna_valley_0105.jpg,cattle,krishna_valley,cattle_krishna_valley
D:\B.Tech\CE-AI\Sem 7\MP\Datasets\archive (1)\clean_images\cattle\ayrshire\ayrshire_0508.jpg,cattle,ayrshire,cattle_ayrshire
D:\B.Tech\CE-AI\Sem 7\MP\Datasets\archive (1)\clean_images\cattle\rathi\rathi_0139.png,cattle,rathi,cattle_rathi
D:\B.Tech\CE-AI\Sem 7\MP\Datasets\archive (1)\clean_images\buffalo\alambadi\alambadi_0034.jpg,buffalo,alambadi,buffalo_alambadi
D:\B.Tech\CE-AI\Sem 7\MP\Datasets\archive (1)\clean_images\cattle\deoni\deoni_0102.jpg,cattle,deoni,cattle_deoni
D:\B.Tech\CE-AI\Sem 7\MP\Datasets\archive (1)\clean_images\cattle\kangayam\kangayam_0006.jpg,cattle,kangayam,cattle_kangayam
D:\B.Tech\CE-AI\Sem 7\MP\Datasets\archive (1)\clean_images\cattle\gir\gir_0536.jpg,cattle,gir,cattle_gir
D:\B.Tech\CE-AI\Sem 7\MP\Datasets\archive (1)\clean_images\cattle\khillar\khillar_0005.jpg,cattle,khillar,cattle_khillar
D:\B.Tech\CE-AI\Sem 7\MP\Datasets\archive (1)\clean_images\cattle\gir\gir_0507.jpg,cattle,gir,cattle_gir
D:\B.Tech\CE-AI\Sem 7\MP\Datasets\archive (1)\clean_images\buffalo\nili_ravi\nili_ravi_0053.jpg,buffalo,nili_ravi,buffalo_nili_ravi
D:\B.Tech\CE-AI\Sem 7\MP\Datasets\archive (1)\clean_images\cattle\khillar\khillar_0091.jpg,cattle,khillar,cattle_khillar
D:\B.Tech\CE-AI\Sem 7\MP\Datasets\archive (1)\clean_images\cattle\sahiwal\sahiwal_0188.jpg,cattle,sahiwal,cattle_sahiwal
D:\B.Tech\CE-AI\Sem 7\MP\Datasets\archive (1)\clean_images\cattle\hallikar\hallikar_0266.png,cattle,hallikar,cattle_hallikar
D:\B.Tech\CE-AI\Sem 7\MP\Datasets\archive (1)\clean_images\cattle\brown_swiss\brown_swiss_0463.jpg,cattle,brown_swiss,cattle_brown_swiss
D:\B.Tech\CE-AI\Sem 7\MP\Datasets\archive (1)\clean_images\cattle\ayrshire\ayrshire_0630.jpg,cattle,ayrshire,cattle_ayrshire
D:\B.Tech\CE-AI\Sem 7\MP\Datasets\archive (1)\clean_images\cattle\kankrej\kankrej_0099.png,cattle,kankrej,cattle_kankrej
D:\B.Tech\CE-AI\Sem 7\MP\Datasets\archive (1)\clean_images\cattle\ayrshire\ayrshire_0447.jpg,cattle,ayrshire,cattle_ayrshire
D:\B.Tech\CE-AI\Sem 7\MP\Datasets\archive (1)\clean_images\cattle\nimari\nimari_0093.png,cattle,nimari,cattle_nimari
D:\B.Tech\CE-AI\Sem 7\MP\Datasets\archive (1)\clean_images\cattle\tharparkar\tharparkar_0053.jpg,cattle,tharparkar,cattle_tharparkar
D:\B.Tech\CE-AI\Sem 7\MP\Datasets\archive (1)\clean_images\cattle\krishna_valley\krishna_valley_0065.jpg,cattle,krishna_valley,cattle_krishna_valley
D:\B.Tech\CE-AI\Sem 7\MP\Datasets\archive (1)\clean_images\cattle\ayrshire\ayrshire_0705.jpg,cattle,ayrshire,cattle_ayrshire
D:\B.Tech\CE-AI\Sem 7\MP\Datasets\archive (1)\clean_images\buffalo\bhadawari\bhadawari_0162.jpg,buffalo,bhadawari,buffalo_bhadawari
D:\B.Tech\CE-AI\Sem 7\MP\Datasets\archive (1)\clean_images\cattle\ongole\ongole_0027.png,cattle,ongole,cattle_ongole
D:\B.Tech\CE-AI\Sem 7\MP\Datasets\archive (1)\clean_images\cattle\nimari\nimari_0032.jpg,cattle,nimari,cattle_nimari
D:\B.Tech\CE-AI\Sem 7\MP\Datasets\archive (1)\clean_images\cattle\guernsey\guernsey_0018.jpg,cattle,guernsey,cattle_guernsey
D:\B.Tech\CE-AI\Sem 7\MP\Datasets\archive (1)\clean_images\cattle\kangayam\kangayam_0083.jpg,cattle,kangayam,cattle_kangayam
D:\B.Tech\CE-AI\Sem 7\MP\Datasets\archive (1)\clean_images\cattle\vechur\vechur_0116.png,cattle,vechur,cattle_vechur
D:\B.Tech\CE-AI\Sem 7\MP\Datasets\archive (1)\clean_images\cattle\brown_swiss\brown_swiss_0461.jpg,cattle,brown_swiss,cattle_brown_swiss
D:\B.Tech\CE-AI\Sem 7\MP\Datasets\archive (1)\clean_images\cattle\ongole\ongole_0154.png,cattle,ongole,cattle_ongole
D:\B.Tech\CE-AI\Sem 7\MP\Datasets\archive (1)\clean_images\buffalo\mehsana\mehsana_0024.png,buffalo,mehsana,buffalo_mehsana
D:\B.Tech\CE-AI\Sem 7\MP\Datasets\archive (1)\clean_images\cattle\jersey\jersey_0034.jpg,cattle,jersey,cattle_jersey
D:\B.Tech\CE-AI\Sem 7\MP\Datasets\archive (1)\clean_images\cattle\pulikulam\pulikulam_0125.jpg,cattle,pulikulam,cattle_pulikulam
D:\B.Tech\CE-AI\Sem 7\MP\Datasets\archive (1)\clean_images\buffalo\jaffarabadi\jaffarabadi_0006.jpg,buffalo,jaffarabadi,buffalo_jaffarabadi
D:\B.Tech\CE-AI\Sem 7\MP\Datasets\archive (1)\clean_images\cattle\brown_swiss\brown_swiss_0200.jpg,cattle,brown_swiss,cattle_brown_swiss
D:\B.Tech\CE-AI\Sem 7\MP\Datasets\archive (1)\clean_images\buffalo\bargur\bargur_0077.jpg,buffalo,bargur,buffalo_bargur
D:\B.Tech\CE-AI\Sem 7\MP\Datasets\archive (1)\clean_images\cattle\vechur\vechur_0149.png,cattle,vechur,cattle_vechur
D:\B.Tech\CE-AI\Sem 7\MP\Datasets\archive (1)\clean_images\cattle\deoni\deoni_0206.png,cattle,deoni,cattle_deoni
D:\B.Tech\CE-AI\Sem 7\MP\Datasets\archive (1)\clean_images\cattle\brown_swiss\brown_swiss_0425.jpg,cattle,brown_swiss,cattle_brown_swiss
D:\B.Tech\CE-AI\Sem 7\MP\Datasets\archive (1)\clean_images\cattle\hallikar\hallikar_0022.jpg,cattle,hallikar,cattle_hallikar
D:\B.Tech\CE-AI\Sem 7\MP\Datasets\archive (1)\clean_images\cattle\red_sindhi\red_sindhi_0036.png,cattle,red_sindhi,cattle_red_sindhi
D:\B.Tech\CE-AI\Sem 7\MP\Datasets\archive (1)\clean_images\cattle\gir\gir_0650.jpg,cattle,gir,cattle_gir
D:\B.Tech\CE-AI\Sem 7\MP\Datasets\archive (1)\clean_images\cattle\brown_swiss\brown_swiss_0286.jpg,cattle,brown_swiss,cattle_brown_swiss
D:\B.Tech\CE-AI\Sem 7\MP\Datasets\archive (1)\clean_images\cattle\krishna_valley\krishna_valley_0048.jpg,cattle,krishna_valley,cattle_krishna_valley
D:\B.Tech\CE-AI\Sem 7\MP\Datasets\archive (1)\clean_images\cattle\jersey\jersey_0002.jpg,cattle,jersey,cattle_jersey
D:\B.Tech\CE-AI\Sem 7\MP\Datasets\archive (1)\clean_images\cattle\nimari\nimari_0076.png,cattle,nimari,cattle_nimari
D:\B.Tech\CE-AI\Sem 7\MP\Datasets\archive (1)\clean_images\cattle\holstein-friesian\holstein-friesian_0441.jpg,cattle,holstein-friesian,cattle_holstein-friesian
D:\B.Tech\CE-AI\Sem 7\MP\Datasets\archive (1)\clean_images\cattle\tharparkar\tharparkar_0221.jpg,cattle,tharparkar,cattle_tharparkar
D:\B.Tech\CE-AI\Sem 7\MP\Datasets\archive (1)\clean_images\cattle\vechur\vechur_0010.jpg,cattle,vechur,cattle_vechur
D:\B.Tech\CE-AI\Sem 7\MP\Datasets\archive (1)\clean_images\cattle\holstein-friesian\holstein-friesian_0473.jpg,cattle,holstein-friesian,cattle_holstein-friesian
D:\B.Tech\CE-AI\Sem 7\MP\Datasets\archive (1)\clean_images\cattle\jersey\jersey_0093.jpg,cattle,jersey,cattle_jersey
D:\B.Tech\CE-AI\Sem 7\MP\Datasets\archive (1)\clean_images\cattle\gir\gir_0700.png,cattle,gir,cattle_gir
D:\B.Tech\CE-AI\Sem 7\MP\Datasets\archive (1)\clean_images\buffalo\toda\toda_0125.jpg,buffalo,toda,buffalo_toda
D:\B.Tech\CE-AI\Sem 7\MP\Datasets\archive (1)\clean_images\cattle\nimari\nimari_0064.png,cattle,nimari,cattle_nimari
D:\B.Tech\CE-AI\Sem 7\MP\Datasets\archive (1)\clean_images\cattle\sahiwal\sahiwal_0424.jpg,cattle,sahiwal,cattle_sahiwal
D:\B.Tech\CE-AI\Sem 7\MP\Datasets\archive (1)\clean_images\cattle\kankrej\kankrej_0183.jpg,cattle,kankrej,cattle_kankrej
D:\B.Tech\CE-AI\Sem 7\MP\Datasets\archive (1)\clean_images\cattle\amritmahal\amritmahal_0127.png,cattle,amritmahal,cattle_amritmahal
D:\B.Tech\CE-AI\Sem 7\MP\Datasets\archive (1)\clean_images\buffalo\alambadi\alambadi_0023.jpg,buffalo,alambadi,buffalo_alambadi
D:\B.Tech\CE-AI\Sem 7\MP\Datasets\archive (1)\clean_images\cattle\gir\gir_0429.jpg,cattle,gir,cattle_gir
D:\B.Tech\CE-AI\Sem 7\MP\Datasets\archive (1)\clean_images\cattle\khillar\khillar_0111.jpg,cattle,khillar,cattle_khillar
D:\B.Tech\CE-AI\Sem 7\MP\Datasets\archive (1)\clean_images\cattle\gir\gir_0652.png,cattle,gir,cattle_gir
D:\B.Tech\CE-AI\Sem 7\MP\Datasets\archive (1)\clean_images\cattle\tharparkar\tharparkar_0067.jpeg,cattle,tharparkar,cattle_tharparkar
D:\B.Tech\CE-AI\Sem 7\MP\Datasets\archive (1)\clean_images\cattle\gir\gir_0271.jpg,cattle,gir,cattle_gir
D:\B.Tech\CE-AI\Sem 7\MP\Datasets\archive (1)\clean_images\cattle\gir\gir_0605.jpg,cattle,gir,cattle_gir
D:\B.Tech\CE-AI\Sem 7\MP\Datasets\archive (1)\clean_images\cattle\holstein-friesian\holstein-friesian_0062.jpg,cattle,holstein-friesian,cattle_holstein-friesian
D:\B.Tech\CE-AI\Sem 7\MP\Datasets\archive (1)\clean_images\buffalo\alambadi\alambadi_0033.jpg,buffalo,alambadi,buffalo_alambadi
D:\B.Tech\CE-AI\Sem 7\MP\Datasets\archive (1)\clean_images\cattle\tharparkar\tharparkar_0101.jpg,cattle,tharparkar,cattle_tharparkar
D:\B.Tech\CE-AI\Sem 7\MP\Datasets\archive (1)\clean_images\cattle\gir\gir_0149.jpg,cattle,gir,cattle_gir
D:\B.Tech\CE-AI\Sem 7\MP\Datasets\archive (1)\clean_images\cattle\gir\gir_0420.jpg,cattle,gir,cattle_gir
D:\B.Tech\CE-AI\Sem 7\MP\Datasets\archive (1)\clean_images\cattle\ayrshire\ayrshire_0262.jpg,cattle,ayrshire,cattle_ayrshire
D:\B.Tech\CE-AI\Sem 7\MP\Datasets\archive (1)\clean_images\cattle\khillar\khillar_0084.jpg,cattle,khillar,cattle_khillar
D:\B.Tech\CE-AI\Sem 7\MP\Datasets\archive (1)\clean_images\cattle\jersey\jersey_0196.jpg,cattle,jersey,cattle_jersey
D:\B.Tech\CE-AI\Sem 7\MP\Datasets\archive (1)\clean_images\cattle\malnad_gidda\malnad_gidda_0029.jpg,cattle,malnad_gidda,cattle_malnad_gidda
D:\B.Tech\CE-AI\Sem 7\MP\Datasets\archive (1)\clean_images\cattle\deoni\deoni_0145.jpg,cattle,deoni,cattle_deoni
D:\B.Tech\CE-AI\Sem 7\MP\Datasets\archive (1)\clean_images\buffalo\surti\surti_0063.jpg,buffalo,surti,buffalo_surti
D:\B.Tech\CE-AI\Sem 7\MP\Datasets\archive (1)\clean_images\cattle\brown_swiss\brown_swiss_0458.jpg,cattle,brown_swiss,cattle_brown_swiss
D:\B.Tech\CE-AI\Sem 7\MP\Datasets\archive (1)\clean_images\cattle\ongole\ongole_0031.png,cattle,ongole,cattle_ongole
D:\B.Tech\CE-AI\Sem 7\MP\Datasets\archive (1)\clean_images\cattle\holstein-friesian\holstein-friesian_0428.jpg,cattle,holstein-friesian,cattle_holstein-friesian
D:\B.Tech\CE-AI\Sem 7\MP\Datasets\archive (1)\clean_images\buffalo\alambadi\alambadi_0119.png,buffalo,alambadi,buffalo_alambadi
D:\B.Tech\CE-AI\Sem 7\MP\Datasets\archive (1)\clean_images\cattle\kankrej\kankrej_0112.jpg,cattle,kankrej,cattle_kankrej
D:\B.Tech\CE-AI\Sem 7\MP\Datasets\archive (1)\clean_images\cattle\vechur\vechur_0038.jpg,cattle,vechur,cattle_vechur
D:\B.Tech\CE-AI\Sem 7\MP\Datasets\archive (1)\clean_images\cattle\ayrshire\ayrshire_0388.jpg,cattle,ayrshire,cattle_ayrshire
D:\B.Tech\CE-AI\Sem 7\MP\Datasets\archive (1)\clean_images\buffalo\banni\banni_0042.gif,buffalo,banni,buffalo_banni
D:\B.Tech\CE-AI\Sem 7\MP\Datasets\archive (1)\clean_images\cattle\hariana\hariana_0068.png,cattle,hariana,cattle_hariana
D:\B.Tech\CE-AI\Sem 7\MP\Datasets\archive (1)\clean_images\buffalo\alambadi\alambadi_0133.png,buffalo,alambadi,buffalo_alambadi
D:\B.Tech\CE-AI\Sem 7\MP\Datasets\archive (1)\clean_images\buffalo\bhadawari\bhadawari_0018.jpg,buffalo,bhadawari,buffalo_bhadawari
D:\B.Tech\CE-AI\Sem 7\MP\Datasets\archive (1)\clean_images\cattle\gir\gir_0134.jpg,cattle,gir,cattle_gir
D:\B.Tech\CE-AI\Sem 7\MP\Datasets\archive (1)\clean_images\cattle\brown_swiss\brown_swiss_0289.jpg,cattle,brown_swiss,cattle_brown_swiss
D:\B.Tech\CE-AI\Sem 7\MP\Datasets\archive (1)\clean_images\cattle\ayrshire\ayrshire_0232.jpg,cattle,ayrshire,cattle_ayrshire
D:\B.Tech\CE-AI\Sem 7\MP\Datasets\archive (1)\clean_images\cattle\ayrshire\ayrshire_0585.jpg,cattle,ayrshire,cattle_ayrshire
D:\B.Tech\CE-AI\Sem 7\MP\Datasets\archive (1)\clean_images\buffalo\jaffarabadi\jaffarabadi_0053.jpg,buffalo,jaffarabadi,buffalo_jaffarabadi
D:\B.Tech\CE-AI\Sem 7\MP\Datasets\archive (1)\clean_images\cattle\holstein-friesian\holstein-friesian_0117.jpg,cattle,holstein-friesian,cattle_holstein-friesian
D:\B.Tech\CE-AI\Sem 7\MP\Datasets\archive (1)\clean_images\cattle\kangayam\kangayam_0068.jpg,cattle,kangayam,cattle_kangayam
D:\B.Tech\CE-AI\Sem 7\MP\Datasets\archive (1)\clean_images\cattle\pulikulam\pulikulam_0059.jpg,cattle,pulikulam,cattle_pulikulam
D:\B.Tech\CE-AI\Sem 7\MP\Datasets\archive (1)\clean_images\cattle\umblachery\umblachery_0058.jpg,cattle,umblachery,cattle_umblachery
D:\B.Tech\CE-AI\Sem 7\MP\Datasets\archive (1)\clean_images\cattle\gir\gir_0084.jpg,cattle,gir,cattle_gir
D:\B.Tech\CE-AI\Sem 7\MP\Datasets\archive (1)\clean_images\buffalo\murrah\murrah_0005.jpg,buffalo,murrah,buffalo_murrah
D:\B.Tech\CE-AI\Sem 7\MP\Datasets\archive (1)\clean_images\cattle\krishna_valley\krishna_valley_0113.jpg,cattle,krishna_valley,cattle_krishna_valley
D:\B.Tech\CE-AI\Sem 7\MP\Datasets\archive (1)\clean_images\cattle\gir\gir_0352.jpg,cattle,gir,cattle_gir
D:\B.Tech\CE-AI\Sem 7\MP\Datasets\archive (1)\clean_images\buffalo\bhadawari\bhadawari_0092.jpg,buffalo,bhadawari,buffalo_bhadawari
D:\B.Tech\CE-AI\Sem 7\MP\Datasets\archive (1)\clean_images\cattle\sahiwal\sahiwal_0099.jpg,cattle,sahiwal,cattle_sahiwal
D:\B.Tech\CE-AI\Sem 7\MP\Datasets\archive (1)\clean_images\cattle\ayrshire\ayrshire_0296.jpg,cattle,ayrshire,cattle_ayrshire
D:\B.Tech\CE-AI\Sem 7\MP\Datasets\archive (1)\clean_images\cattle\jersey\jersey_0202.jpg,cattle,jersey,cattle_jersey
D:\B.Tech\CE-AI\Sem 7\MP\Datasets\archive (1)\clean_images\cattle\nagori\nagori_0074.png,cattle,nagori,cattle_nagori
D:\B.Tech\CE-AI\Sem 7\MP\Datasets\archive (1)\clean_images\cattle\guernsey\guernsey_0153.jpg,cattle,guernsey,cattle_guernsey
D:\B.Tech\CE-AI\Sem 7\MP\Datasets\archive (1)\clean_images\cattle\tharparkar\tharparkar_0019.png,cattle,tharparkar,cattle_tharparkar
D:\B.Tech\CE-AI\Sem 7\MP\Datasets\archive (1)\clean_images\cattle\ayrshire\ayrshire_0202.jpg,cattle,ayrshire,cattle_ayrshire
D:\B.Tech\CE-AI\Sem 7\MP\Datasets\archive (1)\clean_images\cattle\khillar\khillar_0103.png,cattle,khillar,cattle_khillar
D:\B.Tech\CE-AI\Sem 7\MP\Datasets\archive (1)\clean_images\cattle\sahiwal\sahiwal_0287.jpg,cattle,sahiwal,cattle_sahiwal
D:\B.Tech\CE-AI\Sem 7\MP\Datasets\archive (1)\clean_images\cattle\holstein-friesian\holstein-friesian_0525.jpg,cattle,holstein-friesian,cattle_holstein-friesian
D:\B.Tech\CE-AI\Sem 7\MP\Datasets\archive (1)\clean_images\cattle\amritmahal\amritmahal_0091.jpg,cattle,amritmahal,cattle_amritmahal
D:\B.Tech\CE-AI\Sem 7\MP\Datasets\archive (1)\clean_images\cattle\holstein-friesian\holstein-friesian_0061.jpg,cattle,holstein-friesian,cattle_holstein-friesian
D:\B.Tech\CE-AI\Sem 7\MP\Datasets\archive (1)\clean_images\buffalo\bhadawari\bhadawari_0073.jpg,buffalo,bhadawari,buffalo_bhadawari
D:\B.Tech\CE-AI\Sem 7\MP\Datasets\archive (1)\clean_images\cattle\bargur\bargur_0091.jpeg,cattle,bargur,cattle_bargur
D:\B.Tech\CE-AI\Sem 7\MP\Datasets\archive (1)\clean_images\buffalo\nagpuri\nagpuri_0002.jpg,buffalo,nagpuri,buffalo_nagpuri
D:\B.Tech\CE-AI\Sem 7\MP\Datasets\archive (1)\clean_images\cattle\brown_swiss\brown_swiss_0175.jpg,cattle,brown_swiss,cattle_brown_swiss
D:\B.Tech\CE-AI\Sem 7\MP\Datasets\archive (1)\clean_images\cattle\khillar\khillar_0080.jpg,cattle,khillar,cattle_khillar
D:\B.Tech\CE-AI\Sem 7\MP\Datasets\archive (1)\clean_images\buffalo\murrah\murrah_0041.jpg,buffalo,murrah,buffalo_murrah
D:\B.Tech\CE-AI\Sem 7\MP\Datasets\archive (1)\clean_images\cattle\ayrshire\ayrshire_0037.jpg,cattle,ayrshire,cattle_ayrshire
D:\B.Tech\CE-AI\Sem 7\MP\Datasets\archive (1)\clean_images\buffalo\murrah\murrah_0031.jpg,buffalo,murrah,buffalo_murrah
D:\B.Tech\CE-AI\Sem 7\MP\Datasets\archive (1)\clean_images\cattle\jersey\jersey_0082.jpg,cattle,jersey,cattle_jersey
D:\B.Tech\CE-AI\Sem 7\MP\Datasets\archive (1)\clean_images\cattle\red_sindhi\red_sindhi_0096.gif,cattle,red_sindhi,cattle_red_sindhi
D:\B.Tech\CE-AI\Sem 7\MP\Datasets\archive (1)\clean_images\cattle\brown_swiss\brown_swiss_0322.jpg,cattle,brown_swiss,cattle_brown_swiss
D:\B.Tech\CE-AI\Sem 7\MP\Datasets\archive (1)\clean_images\cattle\kangayam\kangayam_0084.png,cattle,kangayam,cattle_kangayam
D:\B.Tech\CE-AI\Sem 7\MP\Datasets\archive (1)\clean_images\cattle\vechur\vechur_0077.jpg,cattle,vechur,cattle_vechur
D:\B.Tech\CE-AI\Sem 7\MP\Datasets\archive (1)\clean_images\cattle\sahiwal\sahiwal_0357.png,cattle,sahiwal,cattle_sahiwal
D:\B.Tech\CE-AI\Sem 7\MP\Datasets\archive (1)\clean_images\cattle\sahiwal\sahiwal_0288.jpeg,cattle,sahiwal,cattle_sahiwal
D:\B.Tech\CE-AI\Sem 7\MP\Datasets\archive (1)\clean_images\cattle\kankrej\kankrej_0155.png,cattle,kankrej,cattle_kankrej
D:\B.Tech\CE-AI\Sem 7\MP\Datasets\archive (1)\clean_images\cattle\red_dane\red_dane_0099.jpg,cattle,red_dane,cattle_red_dane
D:\B.Tech\CE-AI\Sem 7\MP\Datasets\archive (1)\clean_images\cattle\gir\gir_0577.jpg,cattle,gir,cattle_gir
D:\B.Tech\CE-AI\Sem 7\MP\Datasets\archive (1)\clean_images\cattle\gir\gir_0495.jpg,cattle,gir,cattle_gir
D:\B.Tech\CE-AI\Sem 7\MP\Datasets\archive (1)\clean_images\buffalo\mehsana\mehsana_0006.jpg,buffalo,mehsana,buffalo_mehsana
D:\B.Tech\CE-AI\Sem 7\MP\Datasets\archive (1)\clean_images\cattle\kankrej\kankrej_0156.png,cattle,kankrej,cattle_kankrej
D:\B.Tech\CE-AI\Sem 7\MP\Datasets\archive (1)\clean_images\cattle\krishna_valley\krishna_valley_0055.jpg,cattle,krishna_valley,cattle_krishna_valley
D:\B.Tech\CE-AI\Sem 7\MP\Datasets\archive (1)\clean_images\cattle\jersey\jersey_0158.jpg,cattle,jersey,cattle_jersey
D:\B.Tech\CE-AI\Sem 7\MP\Datasets\archive (1)\clean_images\cattle\sahiwal\sahiwal_0242.jpg,cattle,sahiwal,cattle_sahiwal
D:\B.Tech\CE-AI\Sem 7\MP\Datasets\archive (1)\clean_images\buffalo\bargur\bargur_0065.jpg,buffalo,bargur,buffalo_bargur
D:\B.Tech\CE-AI\Sem 7\MP\Datasets\archive (1)\clean_images\cattle\brown_swiss\brown_swiss_0352.jpg,cattle,brown_swiss,cattle_brown_swiss
D:\B.Tech\CE-AI\Sem 7\MP\Datasets\archive (1)\clean_images\cattle\pulikulam\pulikulam_0014.jpg,cattle,pulikulam,cattle_pulikulam
D:\B.Tech\CE-AI\Sem 7\MP\Datasets\archive (1)\clean_images\cattle\holstein-friesian\holstein-friesian_0505.jpg,cattle,holstein-friesian,cattle_holstein-friesian
D:\B.Tech\CE-AI\Sem 7\MP\Datasets\archive (1)\clean_images\buffalo\toda\toda_0067.jpg,buffalo,toda,buffalo_toda
D:\B.Tech\CE-AI\Sem 7\MP\Datasets\archive (1)\clean_images\cattle\tharparkar\tharparkar_0136.jpg,cattle,tharparkar,cattle_tharparkar
D:\B.Tech\CE-AI\Sem 7\MP\Datasets\archive (1)\clean_images\cattle\hallikar\hallikar_0267.jpg,cattle,hallikar,cattle_hallikar
D:\B.Tech\CE-AI\Sem 7\MP\Datasets\archive (1)\clean_images\buffalo\bhadawari\bhadawari_0186.jpg,buffalo,bhadawari,buffalo_bhadawari
D:\B.Tech\CE-AI\Sem 7\MP\Datasets\archive (1)\clean_images\cattle\hallikar\hallikar_0270.jpg,cattle,hallikar,cattle_hallikar
D:\B.Tech\CE-AI\Sem 7\MP\Datasets\archive (1)\clean_images\cattle\deoni\deoni_0115.jpg,cattle,deoni,cattle_deoni
D:\B.Tech\CE-AI\Sem 7\MP\Datasets\archive (1)\clean_images\cattle\gir\gir_0239.jpg,cattle,gir,cattle_gir
D:\B.Tech\CE-AI\Sem 7\MP\Datasets\archive (1)\clean_images\cattle\brown_swiss\brown_swiss_0201.jpg,cattle,brown_swiss,cattle_brown_swiss
D:\B.Tech\CE-AI\Sem 7\MP\Datasets\archive (1)\clean_images\cattle\hallikar\hallikar_0194.png,cattle,hallikar,cattle_hallikar
D:\B.Tech\CE-AI\Sem 7\MP\Datasets\archive (1)\clean_images\cattle\red_sindhi\red_sindhi_0114.jpg,cattle,red_sindhi,cattle_red_sindhi
D:\B.Tech\CE-AI\Sem 7\MP\Datasets\archive (1)\clean_images\cattle\gir\gir_0249.jpg,cattle,gir,cattle_gir
D:\B.Tech\CE-AI\Sem 7\MP\Datasets\archive (1)\clean_images\cattle\brown_swiss\brown_swiss_0085.jpg,cattle,brown_swiss,cattle_brown_swiss
D:\B.Tech\CE-AI\Sem 7\MP\Datasets\archive (1)\clean_images\cattle\gir\gir_0268.jpg,cattle,gir,cattle_gir
D:\B.Tech\CE-AI\Sem 7\MP\Datasets\archive (1)\clean_images\cattle\kankrej\kankrej_0161.jpeg,cattle,kankrej,cattle_kankrej
D:\B.Tech\CE-AI\Sem 7\MP\Datasets\archive (1)\clean_images\cattle\holstein-friesian\holstein-friesian_0329.jpg,cattle,holstein-friesian,cattle_holstein-friesian
D:\B.Tech\CE-AI\Sem 7\MP\Datasets\archive (1)\clean_images\cattle\red_sindhi\red_sindhi_0171.jpg,cattle,red_sindhi,cattle_red_sindhi
D:\B.Tech\CE-AI\Sem 7\MP\Datasets\archive (1)\clean_images\cattle\hallikar\hallikar_0276.png,cattle,hallikar,cattle_hallikar
D:\B.Tech\CE-AI\Sem 7\MP\Datasets\archive (1)\clean_images\buffalo\alambadi\alambadi_0096.jpg,buffalo,alambadi,buffalo_alambadi
D:\B.Tech\CE-AI\Sem 7\MP\Datasets\archive (1)\clean_images\cattle\ayrshire\ayrshire_0700.jpg,cattle,ayrshire,cattle_ayrshire
D:\B.Tech\CE-AI\Sem 7\MP\Datasets\archive (1)\clean_images\cattle\sahiwal\sahiwal_0364.jpg,cattle,sahiwal,cattle_sahiwal
D:\B.Tech\CE-AI\Sem 7\MP\Datasets\archive (1)\clean_images\buffalo\bhadawari\bhadawari_0172.jpg,buffalo,bhadawari,buffalo_bhadawari
D:\B.Tech\CE-AI\Sem 7\MP\Datasets\archive (1)\clean_images\cattle\kankrej\kankrej_0158.png,cattle,kankrej,cattle_kankrej
D:\B.Tech\CE-AI\Sem 7\MP\Datasets\archive (1)\clean_images\cattle\amritmahal\amritmahal_0070.jpg,cattle,amritmahal,cattle_amritmahal
D:\B.Tech\CE-AI\Sem 7\MP\Datasets\archive (1)\clean_images\cattle\ayrshire\ayrshire_0058.jpg,cattle,ayrshire,cattle_ayrshire
D:\B.Tech\CE-AI\Sem 7\MP\Datasets\archive (1)\clean_images\cattle\red_dane\red_dane_0047.jpg,cattle,red_dane,cattle_red_dane
D:\B.Tech\CE-AI\Sem 7\MP\Datasets\archive (1)\clean_images\cattle\krishna_valley\krishna_valley_0002.jpg,cattle,krishna_valley,cattle_krishna_valley
D:\B.Tech\CE-AI\Sem 7\MP\Datasets\archive (1)\clean_images\cattle\red_sindhi\red_sindhi_0128.png,cattle,red_sindhi,cattle_red_sindhi
D:\B.Tech\CE-AI\Sem 7\MP\Datasets\archive (1)\clean_images\cattle\malnad_gidda\malnad_gidda_0067.png,cattle,malnad_gidda,cattle_malnad_gidda
D:\B.Tech\CE-AI\Sem 7\MP\Datasets\archive (1)\clean_images\cattle\deoni\deoni_0043.jpg,cattle,deoni,cattle_deoni
D:\B.Tech\CE-AI\Sem 7\MP\Datasets\archive (1)\clean_images\cattle\brown_swiss\brown_swiss_0280.jpg,cattle,brown_swiss,cattle_brown_swiss
D:\B.Tech\CE-AI\Sem 7\MP\Datasets\archive (1)\clean_images\cattle\umblachery\umblachery_0050.png,cattle,umblachery,cattle_umblachery
D:\B.Tech\CE-AI\Sem 7\MP\Datasets\archive (1)\clean_images\cattle\tharparkar\tharparkar_0176.png,cattle,tharparkar,cattle_tharparkar
D:\B.Tech\CE-AI\Sem 7\MP\Datasets\archive (1)\clean_images\cattle\ayrshire\ayrshire_0451.jpg,cattle,ayrshire,cattle_ayrshire
D:\B.Tech\CE-AI\Sem 7\MP\Datasets\archive (1)\clean_images\cattle\ayrshire\ayrshire_0099.jpg,cattle,ayrshire,cattle_ayrshire
D:\B.Tech\CE-AI\Sem 7\MP\Datasets\archive (1)\clean_images\cattle\holstein-friesian\holstein-friesian_0020.jpg,cattle,holstein-friesian,cattle_holstein-friesian
D:\B.Tech\CE-AI\Sem 7\MP\Datasets\archive (1)\clean_images\cattle\rathi\rathi_0059.jpg,cattle,rathi,cattle_rathi
D:\B.Tech\CE-AI\Sem 7\MP\Datasets\archive (1)\clean_images\cattle\hariana\hariana_0037.jpg,cattle,hariana,cattle_hariana
D:\B.Tech\CE-AI\Sem 7\MP\Datasets\archive (1)\clean_images\cattle\amritmahal\amritmahal_0048.jpg,cattle,amritmahal,cattle_amritmahal
D:\B.Tech\CE-AI\Sem 7\MP\Datasets\archive (1)\clean_images\cattle\red_dane\red_dane_0152.jpg,cattle,red_dane,cattle_red_dane
D:\B.Tech\CE-AI\Sem 7\MP\Datasets\archive (1)\clean_images\buffalo\bhadawari\bhadawari_0175.jpg,buffalo,bhadawari,buffalo_bhadawari
D:\B.Tech\CE-AI\Sem 7\MP\Datasets\archive (1)\clean_images\buffalo\mehsana\mehsana_0026.png,buffalo,mehsana,buffalo_mehsana
D:\B.Tech\CE-AI\Sem 7\MP\Datasets\archive (1)\clean_images\cattle\brown_swiss\brown_swiss_0168.jpg,cattle,brown_swiss,cattle_brown_swiss
D:\B.Tech\CE-AI\Sem 7\MP\Datasets\archive (1)\clean_images\buffalo\murrah\murrah_0030.jpg,buffalo,murrah,buffalo_murrah
D:\B.Tech\CE-AI\Sem 7\MP\Datasets\archive (1)\clean_images\buffalo\toda\toda_0090.jpg,buffalo,toda,buffalo_toda
D:\B.Tech\CE-AI\Sem 7\MP\Datasets\archive (1)\clean_images\cattle\jersey\jersey_0057.jpg,cattle,jersey,cattle_jersey
D:\B.Tech\CE-AI\Sem 7\MP\Datasets\archive (1)\clean_images\cattle\pulikulam\pulikulam_0051.jpg,cattle,pulikulam,cattle_pulikulam
D:\B.Tech\CE-AI\Sem 7\MP\Datasets\archive (1)\clean_images\cattle\ayrshire\ayrshire_0476.jpg,cattle,ayrshire,cattle_ayrshire
D:\B.Tech\CE-AI\Sem 7\MP\Datasets\archive (1)\clean_images\cattle\brown_swiss\brown_swiss_0170.jpg,cattle,brown_swiss,cattle_brown_swiss
D:\B.Tech\CE-AI\Sem 7\MP\Datasets\archive (1)\clean_images\cattle\rathi\rathi_0023.jpg,cattle,rathi,cattle_rathi
D:\B.Tech\CE-AI\Sem 7\MP\Datasets\archive (1)\clean_images\cattle\red_sindhi\red_sindhi_0135.png,cattle,red_sindhi,cattle_red_sindhi
D:\B.Tech\CE-AI\Sem 7\MP\Datasets\archive (1)\clean_images\cattle\brown_swiss\brown_swiss_0430.jpg,cattle,brown_swiss,cattle_brown_swiss
D:\B.Tech\CE-AI\Sem 7\MP\Datasets\archive (1)\clean_images\cattle\guernsey\guernsey_0030.jpg,cattle,guernsey,cattle_guernsey
D:\B.Tech\CE-AI\Sem 7\MP\Datasets\archive (1)\clean_images\cattle\gir\gir_0447.jpg,cattle,gir,cattle_gir
D:\B.Tech\CE-AI\Sem 7\MP\Datasets\archive (1)\clean_images\cattle\red_dane\red_dane_0034.jpg,cattle,red_dane,cattle_red_dane
D:\B.Tech\CE-AI\Sem 7\MP\Datasets\archive (1)\clean_images\cattle\hariana\hariana_0020.jpg,cattle,hariana,cattle_hariana
D:\B.Tech\CE-AI\Sem 7\MP\Datasets\archive (1)\clean_images\buffalo\alambadi\alambadi_0123.png,buffalo,alambadi,buffalo_alambadi
D:\B.Tech\CE-AI\Sem 7\MP\Datasets\archive (1)\clean_images\buffalo\mehsana\mehsana_0025.png,buffalo,mehsana,buffalo_mehsana
D:\B.Tech\CE-AI\Sem 7\MP\Datasets\archive (1)\clean_images\cattle\red_sindhi\red_sindhi_0013.jpg,cattle,red_sindhi,cattle_red_sindhi
D:\B.Tech\CE-AI\Sem 7\MP\Datasets\archive (1)\clean_images\cattle\deoni\deoni_0060.jpg,cattle,deoni,cattle_deoni
D:\B.Tech\CE-AI\Sem 7\MP\Datasets\archive (1)\clean_images\cattle\kherigarh\kherigarh_0008.jpg,cattle,kherigarh,cattle_kherigarh
D:\B.Tech\CE-AI\Sem 7\MP\Datasets\archive (1)\clean_images\cattle\malnad_gidda\malnad_gidda_0072.png,cattle,malnad_gidda,cattle_malnad_gidda
D:\B.Tech\CE-AI\Sem 7\MP\Datasets\archive (1)\clean_images\cattle\amritmahal\amritmahal_0034.jpg,cattle,amritmahal,cattle_amritmahal
D:\B.Tech\CE-AI\Sem 7\MP\Datasets\archive (1)\clean_images\cattle\ayrshire\ayrshire_0259.jpg,cattle,ayrshire,cattle_ayrshire
D:\B.Tech\CE-AI\Sem 7\MP\Datasets\archive (1)\clean_images\cattle\gir\gir_0717.jpg,cattle,gir,cattle_gir
D:\B.Tech\CE-AI\Sem 7\MP\Datasets\archive (1)\clean_images\cattle\ayrshire\ayrshire_0203.jpg,cattle,ayrshire,cattle_ayrshire
D:\B.Tech\CE-AI\Sem 7\MP\Datasets\archive (1)\clean_images\buffalo\alambadi\alambadi_0036.jpg,buffalo,alambadi,buffalo_alambadi
D:\B.Tech\CE-AI\Sem 7\MP\Datasets\archive (1)\clean_images\cattle\gir\gir_0501.png,cattle,gir,cattle_gir
D:\B.Tech\CE-AI\Sem 7\MP\Datasets\archive (1)\clean_images\cattle\gir\gir_0493.jpg,cattle,gir,cattle_gir
D:\B.Tech\CE-AI\Sem 7\MP\Datasets\archive (1)\clean_images\cattle\gir\gir_0237.jpg,cattle,gir,cattle_gir
D:\B.Tech\CE-AI\Sem 7\MP\Datasets\archive (1)\clean_images\cattle\hallikar\hallikar_0141.jpg,cattle,hallikar,cattle_hallikar
D:\B.Tech\CE-AI\Sem 7\MP\Datasets\archive (1)\clean_images\cattle\ongole\ongole_0125.png,cattle,ongole,cattle_ongole
D:\B.Tech\CE-AI\Sem 7\MP\Datasets\archive (1)\clean_images\cattle\ayrshire\ayrshire_0343.jpg,cattle,ayrshire,cattle_ayrshire
D:\B.Tech\CE-AI\Sem 7\MP\Datasets\archive (1)\clean_images\cattle\gir\gir_0502.png,cattle,gir,cattle_gir
D:\B.Tech\CE-AI\Sem 7\MP\Datasets\archive (1)\clean_images\cattle\khillar\khillar_0009.jpg,cattle,khillar,cattle_khillar
D:\B.Tech\CE-AI\Sem 7\MP\Datasets\archive (1)\clean_images\cattle\bargur\bargur_0040.png,cattle,bargur,cattle_bargur
D:\B.Tech\CE-AI\Sem 7\MP\Datasets\archive (1)\clean_images\cattle\kherigarh\kherigarh_0015.jpg,cattle,kherigarh,cattle_kherigarh
D:\B.Tech\CE-AI\Sem 7\MP\Datasets\archive (1)\clean_images\cattle\khillar\khillar_0115.png,cattle,khillar,cattle_khillar
D:\B.Tech\CE-AI\Sem 7\MP\Datasets\archive (1)\clean_images\buffalo\bargur\bargur_0098.jpg,buffalo,bargur,buffalo_bargur
D:\B.Tech\CE-AI\Sem 7\MP\Datasets\archive (1)\clean_images\cattle\hariana\hariana_0067.png,cattle,hariana,cattle_hariana
D:\B.Tech\CE-AI\Sem 7\MP\Datasets\archive (1)\clean_images\cattle\tharparkar\tharparkar_0025.jpg,cattle,tharparkar,cattle_tharparkar
D:\B.Tech\CE-AI\Sem 7\MP\Datasets\archive (1)\clean_images\cattle\kenkatha\kenkatha_0054.jpg,cattle,kenkatha,cattle_kenkatha
D:\B.Tech\CE-AI\Sem 7\MP\Datasets\archive (1)\clean_images\cattle\holstein-friesian\holstein-friesian_0465.jpg,cattle,holstein-friesian,cattle_holstein-friesian
D:\B.Tech\CE-AI\Sem 7\MP\Datasets\archive (1)\clean_images\cattle\hariana\hariana_0133.png,cattle,hariana,cattle_hariana
D:\B.Tech\CE-AI\Sem 7\MP\Datasets\archive (1)\clean_images\cattle\brown_swiss\brown_swiss_0462.jpg,cattle,brown_swiss,cattle_brown_swiss
D:\B.Tech\CE-AI\Sem 7\MP\Datasets\archive (1)\clean_images\buffalo\murrah\murrah_0023.jpg,buffalo,murrah,buffalo_murrah
D:\B.Tech\CE-AI\Sem 7\MP\Datasets\archive (1)\clean_images\cattle\holstein-friesian\holstein-friesian_0120.jpg,cattle,holstein-friesian,cattle_holstein-friesian
D:\B.Tech\CE-AI\Sem 7\MP\Datasets\archive (1)\clean_images\cattle\kenkatha\kenkatha_0065.jpg,cattle,kenkatha,cattle_kenkatha
D:\B.Tech\CE-AI\Sem 7\MP\Datasets\archive (1)\clean_images\cattle\gir\gir_0373.jpg,cattle,gir,cattle_gir
D:\B.Tech\CE-AI\Sem 7\MP\Datasets\archive (1)\clean_images\cattle\hallikar\hallikar_0012.jpg,cattle,hallikar,cattle_hallikar
D:\B.Tech\CE-AI\Sem 7\MP\Datasets\archive (1)\clean_images\cattle\kankrej\kankrej_0006.jpg,cattle,kankrej,cattle_kankrej
D:\B.Tech\CE-AI\Sem 7\MP\Datasets\archive (1)\clean_images\cattle\holstein-friesian\holstein-friesian_0274.jpg,cattle,holstein-friesian,cattle_holstein-friesian
D:\B.Tech\CE-AI\Sem 7\MP\Datasets\archive (1)\clean_images\cattle\hariana\hariana_0052.jpg,cattle,hariana,cattle_hariana
D:\B.Tech\CE-AI\Sem 7\MP\Datasets\archive (1)\clean_images\cattle\hallikar\hallikar_0009.jpg,cattle,hallikar,cattle_hallikar
D:\B.Tech\CE-AI\Sem 7\MP\Datasets\archive (1)\clean_images\cattle\holstein-friesian\holstein-friesian_0124.jpg,cattle,holstein-friesian,cattle_holstein-friesian
D:\B.Tech\CE-AI\Sem 7\MP\Datasets\archive (1)\clean_images\cattle\red_sindhi\red_sindhi_0094.jpg,cattle,red_sindhi,cattle_red_sindhi
D:\B.Tech\CE-AI\Sem 7\MP\Datasets\archive (1)\clean_images\cattle\holstein-friesian\holstein-friesian_0244.jpg,cattle,holstein-friesian,cattle_holstein-friesian
D:\B.Tech\CE-AI\Sem 7\MP\Datasets\archive (1)\clean_images\cattle\nagori\nagori_0017.jpg,cattle,nagori,cattle_nagori
D:\B.Tech\CE-AI\Sem 7\MP\Datasets\archive (1)\clean_images\buffalo\mehsana\mehsana_0070.jpg,buffalo,mehsana,buffalo_mehsana
D:\B.Tech\CE-AI\Sem 7\MP\Datasets\archive (1)\clean_images\cattle\red_dane\red_dane_0052.jpg,cattle,red_dane,cattle_red_dane
D:\B.Tech\CE-AI\Sem 7\MP\Datasets\archive (1)\clean_images\cattle\brown_swiss\brown_swiss_0073.jpg,cattle,brown_swiss,cattle_brown_swiss
D:\B.Tech\CE-AI\Sem 7\MP\Datasets\archive (1)\clean_images\cattle\ayrshire\ayrshire_0244.jpg,cattle,ayrshire,cattle_ayrshire
D:\B.Tech\CE-AI\Sem 7\MP\Datasets\archive (1)\clean_images\cattle\holstein-friesian\holstein-friesian_0237.jpg,cattle,holstein-friesian,cattle_holstein-friesian
D:\B.Tech\CE-AI\Sem 7\MP\Datasets\archive (1)\clean_images\cattle\holstein-friesian\holstein-friesian_0355.jpg,cattle,holstein-friesian,cattle_holstein-friesian
D:\B.Tech\CE-AI\Sem 7\MP\Datasets\archive (1)\clean_images\cattle\brown_swiss\brown_swiss_0176.jpg,cattle,brown_swiss,cattle_brown_swiss
D:\B.Tech\CE-AI\Sem 7\MP\Datasets\archive (1)\clean_images\cattle\kangayam\kangayam_0097.jpg,cattle,kangayam,cattle_kangayam
D:\B.Tech\CE-AI\Sem 7\MP\Datasets\archive (1)\clean_images\cattle\ayrshire\ayrshire_0471.jpg,cattle,ayrshire,cattle_ayrshire
D:\B.Tech\CE-AI\Sem 7\MP\Datasets\archive (1)\clean_images\cattle\sahiwal\sahiwal_0091.jpg,cattle,sahiwal,cattle_sahiwal
D:\B.Tech\CE-AI\Sem 7\MP\Datasets\archive (1)\clean_images\cattle\holstein-friesian\holstein-friesian_0248.jpg,cattle,holstein-friesian,cattle_holstein-friesian
D:\B.Tech\CE-AI\Sem 7\MP\Datasets\archive (1)\clean_images\cattle\gir\gir_0514.jpg,cattle,gir,cattle_gir
D:\B.Tech\CE-AI\Sem 7\MP\Datasets\archive (1)\clean_images\cattle\holstein-friesian\holstein-friesian_0337.jpg,cattle,holstein-friesian,cattle_holstein-friesian
D:\B.Tech\CE-AI\Sem 7\MP\Datasets\archive (1)\clean_images\cattle\kankrej\kankrej_0126.png,cattle,kankrej,cattle_kankrej
D:\B.Tech\CE-AI\Sem 7\MP\Datasets\archive (1)\clean_images\cattle\ayrshire\ayrshire_0023.jpg,cattle,ayrshire,cattle_ayrshire
D:\B.Tech\CE-AI\Sem 7\MP\Datasets\archive (1)\clean_images\buffalo\alambadi\alambadi_0151.png,buffalo,alambadi,buffalo_alambadi
D:\B.Tech\CE-AI\Sem 7\MP\Datasets\archive (1)\clean_images\cattle\hariana\hariana_0031.jpg,cattle,hariana,cattle_hariana
D:\B.Tech\CE-AI\Sem 7\MP\Datasets\archive (1)\clean_images\cattle\holstein-friesian\holstein-friesian_0005.jpg,cattle,holstein-friesian,cattle_holstein-friesian
D:\B.Tech\CE-AI\Sem 7\MP\Datasets\archive (1)\clean_images\buffalo\bargur\bargur_0041.jpg,buffalo,bargur,buffalo_bargur
D:\B.Tech\CE-AI\Sem 7\MP\Datasets\archive (1)\clean_images\buffalo\bargur\bargur_0002.jpg,buffalo,bargur,buffalo_bargur
D:\B.Tech\CE-AI\Sem 7\MP\Datasets\archive (1)\clean_images\cattle\holstein-friesian\holstein-friesian_0336.jpg,cattle,holstein-friesian,cattle_holstein-friesian
D:\B.Tech\CE-AI\Sem 7\MP\Datasets\archive (1)\clean_images\cattle\deoni\deoni_0164.jpg,cattle,deoni,cattle_deoni
D:\B.Tech\CE-AI\Sem 7\MP\Datasets\archive (1)\clean_images\cattle\malnad_gidda\malnad_gidda_0052.jpg,cattle,malnad_gidda,cattle_malnad_gidda
D:\B.Tech\CE-AI\Sem 7\MP\Datasets\archive (1)\clean_images\cattle\ayrshire\ayrshire_0719.jpg,cattle,ayrshire,cattle_ayrshire
D:\B.Tech\CE-AI\Sem 7\MP\Datasets\archive (1)\clean_images\cattle\kangayam\kangayam_0026.jpg,cattle,kangayam,cattle_kangayam
D:\B.Tech\CE-AI\Sem 7\MP\Datasets\archive (1)\clean_images\buffalo\banni\banni_0081.jpg,buffalo,banni,buffalo_banni
D:\B.Tech\CE-AI\Sem 7\MP\Datasets\archive (1)\clean_images\buffalo\alambadi\alambadi_0078.jpg,buffalo,alambadi,buffalo_alambadi
D:\B.Tech\CE-AI\Sem 7\MP\Datasets\archive (1)\clean_images\buffalo\bhadawari\bhadawari_0193.jpg,buffalo,bhadawari,buffalo_bhadawari
D:\B.Tech\CE-AI\Sem 7\MP\Datasets\archive (1)\clean_images\cattle\holstein-friesian\holstein-friesian_0154.jpg,cattle,holstein-friesian,cattle_holstein-friesian
D:\B.Tech\CE-AI\Sem 7\MP\Datasets\archive (1)\clean_images\cattle\ayrshire\ayrshire_0606.jpg,cattle,ayrshire,cattle_ayrshire
D:\B.Tech\CE-AI\Sem 7\MP\Datasets\archive (1)\clean_images\cattle\jersey\jersey_0053.jpg,cattle,jersey,cattle_jersey
D:\B.Tech\CE-AI\Sem 7\MP\Datasets\archive (1)\clean_images\cattle\dangi\dangi_0086.png,cattle,dangi,cattle_dangi
D:\B.Tech\CE-AI\Sem 7\MP\Datasets\archive (1)\clean_images\cattle\holstein-friesian\holstein-friesian_0455.jpg,cattle,holstein-friesian,cattle_holstein-friesian
D:\B.Tech\CE-AI\Sem 7\MP\Datasets\archive (1)\clean_images\cattle\holstein-friesian\holstein-friesian_0379.jpg,cattle,holstein-friesian,cattle_holstein-friesian
D:\B.Tech\CE-AI\Sem 7\MP\Datasets\archive (1)\clean_images\cattle\guernsey\guernsey_0237.jpg,cattle,guernsey,cattle_guernsey
D:\B.Tech\CE-AI\Sem 7\MP\Datasets\archive (1)\clean_images\cattle\gir\gir_0760.jpg,cattle,gir,cattle_gir
D:\B.Tech\CE-AI\Sem 7\MP\Datasets\archive (1)\clean_images\cattle\red_dane\red_dane_0133.jpg,cattle,red_dane,cattle_red_dane
D:\B.Tech\CE-AI\Sem 7\MP\Datasets\archive (1)\clean_images\cattle\hallikar\hallikar_0301.jpg,cattle,hallikar,cattle_hallikar
D:\B.Tech\CE-AI\Sem 7\MP\Datasets\archive (1)\clean_images\cattle\sahiwal\sahiwal_0027.jpg,cattle,sahiwal,cattle_sahiwal
D:\B.Tech\CE-AI\Sem 7\MP\Datasets\archive (1)\clean_images\buffalo\toda\toda_0099.jpg,buffalo,toda,buffalo_toda
D:\B.Tech\CE-AI\Sem 7\MP\Datasets\archive (1)\clean_images\cattle\jersey\jersey_0025.jpg,cattle,jersey,cattle_jersey
D:\B.Tech\CE-AI\Sem 7\MP\Datasets\archive (1)\clean_images\cattle\deoni\deoni_0018.jpg,cattle,deoni,cattle_deoni
D:\B.Tech\CE-AI\Sem 7\MP\Datasets\archive (1)\clean_images\cattle\holstein-friesian\holstein-friesian_0162.jpg,cattle,holstein-friesian,cattle_holstein-friesian
D:\B.Tech\CE-AI\Sem 7\MP\Datasets\archive (1)\clean_images\cattle\gir\gir_0389.jpg,cattle,gir,cattle_gir
D:\B.Tech\CE-AI\Sem 7\MP\Datasets\archive (1)\clean_images\cattle\holstein-friesian\holstein-friesian_0349.jpg,cattle,holstein-friesian,cattle_holstein-friesian
D:\B.Tech\CE-AI\Sem 7\MP\Datasets\archive (1)\clean_images\cattle\tharparkar\tharparkar_0022.jpg,cattle,tharparkar,cattle_tharparkar
D:\B.Tech\CE-AI\Sem 7\MP\Datasets\archive (1)\clean_images\buffalo\banni\banni_0088.jpg,buffalo,banni,buffalo_banni
D:\B.Tech\CE-AI\Sem 7\MP\Datasets\archive (1)\clean_images\cattle\ayrshire\ayrshire_0258.jpg,cattle,ayrshire,cattle_ayrshire
D:\B.Tech\CE-AI\Sem 7\MP\Datasets\archive (1)\clean_images\cattle\bargur\bargur_0015.png,cattle,bargur,cattle_bargur
D:\B.Tech\CE-AI\Sem 7\MP\Datasets\archive (1)\clean_images\cattle\ayrshire\ayrshire_0227.jpg,cattle,ayrshire,cattle_ayrshire
D:\B.Tech\CE-AI\Sem 7\MP\Datasets\archive (1)\clean_images\cattle\holstein-friesian\holstein-friesian_0480.jpg,cattle,holstein-friesian,cattle_holstein-friesian
D:\B.Tech\CE-AI\Sem 7\MP\Datasets\archive (1)\clean_images\cattle\tharparkar\tharparkar_0130.jpeg,cattle,tharparkar,cattle_tharparkar
D:\B.Tech\CE-AI\Sem 7\MP\Datasets\archive (1)\clean_images\cattle\brown_swiss\brown_swiss_0404.jpg,cattle,brown_swiss,cattle_brown_swiss
D:\B.Tech\CE-AI\Sem 7\MP\Datasets\archive (1)\clean_images\cattle\brown_swiss\brown_swiss_0049.jpg,cattle,brown_swiss,cattle_brown_swiss
D:\B.Tech\CE-AI\Sem 7\MP\Datasets\archive (1)\clean_images\cattle\brown_swiss\brown_swiss_0255.jpg,cattle,brown_swiss,cattle_brown_swiss
D:\B.Tech\CE-AI\Sem 7\MP\Datasets\archive (1)\clean_images\buffalo\surti\surti_0031.gif,buffalo,surti,buffalo_surti
D:\B.Tech\CE-AI\Sem 7\MP\Datasets\archive (1)\clean_images\cattle\brown_swiss\brown_swiss_0428.jpg,cattle,brown_swiss,cattle_brown_swiss
D:\B.Tech\CE-AI\Sem 7\MP\Datasets\archive (1)\clean_images\cattle\holstein-friesian\holstein-friesian_0346.jpg,cattle,holstein-friesian,cattle_holstein-friesian
D:\B.Tech\CE-AI\Sem 7\MP\Datasets\archive (1)\clean_images\cattle\umblachery\umblachery_0085.jpg,cattle,umblachery,cattle_umblachery
D:\B.Tech\CE-AI\Sem 7\MP\Datasets\archive (1)\clean_images\cattle\sahiwal\sahiwal_0232.jpg,cattle,sahiwal,cattle_sahiwal
D:\B.Tech\CE-AI\Sem 7\MP\Datasets\archive (1)\clean_images\cattle\sahiwal\sahiwal_0207.jpg,cattle,sahiwal,cattle_sahiwal
D:\B.Tech\CE-AI\Sem 7\MP\Datasets\archive (1)\clean_images\cattle\jersey\jersey_0124.jpg,cattle,jersey,cattle_jersey
D:\B.Tech\CE-AI\Sem 7\MP\Datasets\archive (1)\clean_images\cattle\brown_swiss\brown_swiss_0442.jpg,cattle,brown_swiss,cattle_brown_swiss
D:\B.Tech\CE-AI\Sem 7\MP\Datasets\archive (1)\clean_images\cattle\sahiwal\sahiwal_0332.jpg,cattle,sahiwal,cattle_sahiwal
D:\B.Tech\CE-AI\Sem 7\MP\Datasets\archive (1)\clean_images\cattle\kangayam\kangayam_0101.png,cattle,kangayam,cattle_kangayam
D:\B.Tech\CE-AI\Sem 7\MP\Datasets\archive (1)\clean_images\buffalo\jaffarabadi\jaffarabadi_0109.jpg,buffalo,jaffarabadi,buffalo_jaffarabadi
D:\B.Tech\CE-AI\Sem 7\MP\Datasets\archive (1)\clean_images\cattle\rathi\rathi_0111.jpg,cattle,rathi,cattle_rathi
D:\B.Tech\CE-AI\Sem 7\MP\Datasets\archive (1)\clean_images\cattle\gir\gir_0477.jpg,cattle,gir,cattle_gir
D:\B.Tech\CE-AI\Sem 7\MP\Datasets\archive (1)\clean_images\cattle\gir\gir_0402.jpg,cattle,gir,cattle_gir
D:\B.Tech\CE-AI\Sem 7\MP\Datasets\archive (1)\clean_images\cattle\brown_swiss\brown_swiss_0299.jpg,cattle,brown_swiss,cattle_brown_swiss
D:\B.Tech\CE-AI\Sem 7\MP\Datasets\archive (1)\clean_images\buffalo\murrah\murrah_0106.jpg,buffalo,murrah,buffalo_murrah
D:\B.Tech\CE-AI\Sem 7\MP\Datasets\archive (1)\clean_images\cattle\tharparkar\tharparkar_0034.jpg,cattle,tharparkar,cattle_tharparkar
D:\B.Tech\CE-AI\Sem 7\MP\Datasets\archive (1)\clean_images\cattle\tharparkar\tharparkar_0110.jpg,cattle,tharparkar,cattle_tharparkar
D:\B.Tech\CE-AI\Sem 7\MP\Datasets\archive (1)\clean_images\cattle\rathi\rathi_0145.png,cattle,rathi,cattle_rathi
D:\B.Tech\CE-AI\Sem 7\MP\Datasets\archive (1)\clean_images\buffalo\nili_ravi\nili_ravi_0058.jpg,buffalo,nili_ravi,buffalo_nili_ravi
D:\B.Tech\CE-AI\Sem 7\MP\Datasets\archive (1)\clean_images\cattle\holstein-friesian\holstein-friesian_0311.jpg,cattle,holstein-friesian,cattle_holstein-friesian
D:\B.Tech\CE-AI\Sem 7\MP\Datasets\archive (1)\clean_images\cattle\hariana\hariana_0139.jpg,cattle,hariana,cattle_hariana
D:\B.Tech\CE-AI\Sem 7\MP\Datasets\archive (1)\clean_images\cattle\tharparkar\tharparkar_0202.jpg,cattle,tharparkar,cattle_tharparkar
D:\B.Tech\CE-AI\Sem 7\MP\Datasets\archive (1)\clean_images\cattle\malnad_gidda\malnad_gidda_0036.jpg,cattle,malnad_gidda,cattle_malnad_gidda
D:\B.Tech\CE-AI\Sem 7\MP\Datasets\archive (1)\clean_images\buffalo\murrah\murrah_0009.jpg,buffalo,murrah,buffalo_murrah
D:\B.Tech\CE-AI\Sem 7\MP\Datasets\archive (1)\clean_images\buffalo\nagpuri\nagpuri_0075.jpg,buffalo,nagpuri,buffalo_nagpuri
D:\B.Tech\CE-AI\Sem 7\MP\Datasets\archive (1)\clean_images\cattle\sahiwal\sahiwal_0020.jpg,cattle,sahiwal,cattle_sahiwal
D:\B.Tech\CE-AI\Sem 7\MP\Datasets\archive (1)\clean_images\cattle\vechur\vechur_0088.jpg,cattle,vechur,cattle_vechur
D:\B.Tech\CE-AI\Sem 7\MP\Datasets\archive (1)\clean_images\cattle\nagori\nagori_0024.jpg,cattle,nagori,cattle_nagori
D:\B.Tech\CE-AI\Sem 7\MP\Datasets\archive (1)\clean_images\cattle\red_dane\red_dane_0021.jpg,cattle,red_dane,cattle_red_dane
D:\B.Tech\CE-AI\Sem 7\MP\Datasets\archive (1)\clean_images\buffalo\mehsana\mehsana_0036.png,buffalo,mehsana,buffalo_mehsana
D:\B.Tech\CE-AI\Sem 7\MP\Datasets\archive (1)\clean_images\cattle\khillar\khillar_0127.jpg,cattle,khillar,cattle_khillar
D:\B.Tech\CE-AI\Sem 7\MP\Datasets\archive (1)\clean_images\cattle\ayrshire\ayrshire_0315.jpg,cattle,ayrshire,cattle_ayrshire
D:\B.Tech\CE-AI\Sem 7\MP\Datasets\archive (1)\clean_images\buffalo\jaffarabadi\jaffarabadi_0021.png,buffalo,jaffarabadi,buffalo_jaffarabadi
D:\B.Tech\CE-AI\Sem 7\MP\Datasets\archive (1)\clean_images\buffalo\murrah\murrah_0120.jpg,buffalo,murrah,buffalo_murrah
D:\B.Tech\CE-AI\Sem 7\MP\Datasets\archive (1)\clean_images\cattle\brown_swiss\brown_swiss_0036.jpg,cattle,brown_swiss,cattle_brown_swiss
D:\B.Tech\CE-AI\Sem 7\MP\Datasets\archive (1)\clean_images\cattle\hallikar\hallikar_0236.png,cattle,hallikar,cattle_hallikar
D:\B.Tech\CE-AI\Sem 7\MP\Datasets\archive (1)\clean_images\cattle\kankrej\kankrej_0121.png,cattle,kankrej,cattle_kankrej
D:\B.Tech\CE-AI\Sem 7\MP\Datasets\archive (1)\clean_images\cattle\rathi\rathi_0060.jpg,cattle,rathi,cattle_rathi
D:\B.Tech\CE-AI\Sem 7\MP\Datasets\archive (1)\clean_images\cattle\vechur\vechur_0139.png,cattle,vechur,cattle_vechur
D:\B.Tech\CE-AI\Sem 7\MP\Datasets\archive (1)\clean_images\cattle\holstein-friesian\holstein-friesian_0205.jpg,cattle,holstein-friesian,cattle_holstein-friesian
D:\B.Tech\CE-AI\Sem 7\MP\Datasets\archive (1)\clean_images\buffalo\bargur\bargur_0048.jpg,buffalo,bargur,buffalo_bargur
D:\B.Tech\CE-AI\Sem 7\MP\Datasets\archive (1)\clean_images\cattle\guernsey\guernsey_0024.jpg,cattle,guernsey,cattle_guernsey
D:\B.Tech\CE-AI\Sem 7\MP\Datasets\archive (1)\clean_images\cattle\ayrshire\ayrshire_0308.jpg,cattle,ayrshire,cattle_ayrshire
D:\B.Tech\CE-AI\Sem 7\MP\Datasets\archive (1)\clean_images\cattle\nagori\nagori_0051.jpg,cattle,nagori,cattle_nagori
D:\B.Tech\CE-AI\Sem 7\MP\Datasets\archive (1)\clean_images\cattle\pulikulam\pulikulam_0102.jpg,cattle,pulikulam,cattle_pulikulam
D:\B.Tech\CE-AI\Sem 7\MP\Datasets\archive (1)\clean_images\cattle\sahiwal\sahiwal_0257.jpg,cattle,sahiwal,cattle_sahiwal
D:\B.Tech\CE-AI\Sem 7\MP\Datasets\archive (1)\clean_images\cattle\holstein-friesian\holstein-friesian_0229.jpg,cattle,holstein-friesian,cattle_holstein-friesian
D:\B.Tech\CE-AI\Sem 7\MP\Datasets\archive (1)\clean_images\buffalo\bargur\bargur_0034.jpg,buffalo,bargur,buffalo_bargur
D:\B.Tech\CE-AI\Sem 7\MP\Datasets\archive (1)\clean_images\cattle\deoni\deoni_0030.jpg,cattle,deoni,cattle_deoni
D:\B.Tech\CE-AI\Sem 7\MP\Datasets\archive (1)\clean_images\cattle\rathi\rathi_0051.jpg,cattle,rathi,cattle_rathi
D:\B.Tech\CE-AI\Sem 7\MP\Datasets\archive (1)\clean_images\cattle\sahiwal\sahiwal_0024.jpg,cattle,sahiwal,cattle_sahiwal
D:\B.Tech\CE-AI\Sem 7\MP\Datasets\archive (1)\clean_images\cattle\ongole\ongole_0067.jpg,cattle,ongole,cattle_ongole
D:\B.Tech\CE-AI\Sem 7\MP\Datasets\archive (1)\clean_images\cattle\holstein-friesian\holstein-friesian_0446.jpg,cattle,holstein-friesian,cattle_holstein-friesian
D:\B.Tech\CE-AI\Sem 7\MP\Datasets\archive (1)\clean_images\cattle\tharparkar\tharparkar_0010.jpg,cattle,tharparkar,cattle_tharparkar
D:\B.Tech\CE-AI\Sem 7\MP\Datasets\archive (1)\clean_images\cattle\red_dane\red_dane_0060.jpg,cattle,red_dane,cattle_red_dane
D:\B.Tech\CE-AI\Sem 7\MP\Datasets\archive (1)\clean_images\cattle\deoni\deoni_0134.jpg,cattle,deoni,cattle_deoni
D:\B.Tech\CE-AI\Sem 7\MP\Datasets\archive (1)\clean_images\cattle\gir\gir_0689.jpg,cattle,gir,cattle_gir
D:\B.Tech\CE-AI\Sem 7\MP\Datasets\archive (1)\clean_images\cattle\gir\gir_0591.jpg,cattle,gir,cattle_gir
D:\B.Tech\CE-AI\Sem 7\MP\Datasets\archive (1)\clean_images\cattle\guernsey\guernsey_0154.jpg,cattle,guernsey,cattle_guernsey
D:\B.Tech\CE-AI\Sem 7\MP\Datasets\archive (1)\clean_images\cattle\guernsey\guernsey_0047.jpg,cattle,guernsey,cattle_guernsey
D:\B.Tech\CE-AI\Sem 7\MP\Datasets\archive (1)\clean_images\cattle\umblachery\umblachery_0010.jpg,cattle,umblachery,cattle_umblachery
D:\B.Tech\CE-AI\Sem 7\MP\Datasets\archive (1)\clean_images\cattle\holstein-friesian\holstein-friesian_0208.jpg,cattle,holstein-friesian,cattle_holstein-friesian
D:\B.Tech\CE-AI\Sem 7\MP\Datasets\archive (1)\clean_images\buffalo\toda\toda_0043.jpg,buffalo,toda,buffalo_toda
D:\B.Tech\CE-AI\Sem 7\MP\Datasets\archive (1)\clean_images\cattle\gir\gir_0309.jpg,cattle,gir,cattle_gir
D:\B.Tech\CE-AI\Sem 7\MP\Datasets\archive (1)\clean_images\cattle\gir\gir_0332.jpg,cattle,gir,cattle_gir
D:\B.Tech\CE-AI\Sem 7\MP\Datasets\archive (1)\clean_images\cattle\deoni\deoni_0166.jpg,cattle,deoni,cattle_deoni
D:\B.Tech\CE-AI\Sem 7\MP\Datasets\archive (1)\clean_images\buffalo\murrah\murrah_0093.jpg,buffalo,murrah,buffalo_murrah
D:\B.Tech\CE-AI\Sem 7\MP\Datasets\archive (1)\clean_images\buffalo\mehsana\mehsana_0091.png,buffalo,mehsana,buffalo_mehsana
D:\B.Tech\CE-AI\Sem 7\MP\Datasets\archive (1)\clean_images\cattle\hallikar\hallikar_0103.jpg,cattle,hallikar,cattle_hallikar
D:\B.Tech\CE-AI\Sem 7\MP\Datasets\archive (1)\clean_images\cattle\ayrshire\ayrshire_0656.jpg,cattle,ayrshire,cattle_ayrshire
D:\B.Tech\CE-AI\Sem 7\MP\Datasets\archive (1)\clean_images\cattle\red_sindhi\red_sindhi_0004.jpg,cattle,red_sindhi,cattle_red_sindhi
D:\B.Tech\CE-AI\Sem 7\MP\Datasets\archive (1)\clean_images\cattle\guernsey\guernsey_0161.jpg,cattle,guernsey,cattle_guernsey
D:\B.Tech\CE-AI\Sem 7\MP\Datasets\archive (1)\clean_images\cattle\ayrshire\ayrshire_0571.jpg,cattle,ayrshire,cattle_ayrshire
D:\B.Tech\CE-AI\Sem 7\MP\Datasets\archive (1)\clean_images\cattle\krishna_valley\krishna_valley_0129.jpg,cattle,krishna_valley,cattle_krishna_valley
D:\B.Tech\CE-AI\Sem 7\MP\Datasets\archive (1)\clean_images\buffalo\bhadawari\bhadawari_0192.jpg,buffalo,bhadawari,buffalo_bhadawari
D:\B.Tech\CE-AI\Sem 7\MP\Datasets\archive (1)\clean_images\cattle\ongole\ongole_0059.jpg,cattle,ongole,cattle_ongole
D:\B.Tech\CE-AI\Sem 7\MP\Datasets\archive (1)\clean_images\buffalo\nili_ravi\nili_ravi_0060.jpg,buffalo,nili_ravi,buffalo_nili_ravi
D:\B.Tech\CE-AI\Sem 7\MP\Datasets\archive (1)\clean_images\cattle\holstein-friesian\holstein-friesian_0134.jpg,cattle,holstein-friesian,cattle_holstein-friesian
D:\B.Tech\CE-AI\Sem 7\MP\Datasets\archive (1)\clean_images\cattle\sahiwal\sahiwal_0121.png,cattle,sahiwal,cattle_sahiwal
D:\B.Tech\CE-AI\Sem 7\MP\Datasets\archive (1)\clean_images\cattle\tharparkar\tharparkar_0076.png,cattle,tharparkar,cattle_tharparkar
D:\B.Tech\CE-AI\Sem 7\MP\Datasets\archive (1)\clean_images\buffalo\bhadawari\bhadawari_0163.jpg,buffalo,bhadawari,buffalo_bhadawari
D:\B.Tech\CE-AI\Sem 7\MP\Datasets\archive (1)\clean_images\cattle\pulikulam\pulikulam_0016.jpg,cattle,pulikulam,cattle_pulikulam
D:\B.Tech\CE-AI\Sem 7\MP\Datasets\archive (1)\clean_images\cattle\hallikar\hallikar_0057.jpg,cattle,hallikar,cattle_hallikar
D:\B.Tech\CE-AI\Sem 7\MP\Datasets\archive (1)\clean_images\cattle\krishna_valley\krishna_valley_0145.jpg,cattle,krishna_valley,cattle_krishna_valley
D:\B.Tech\CE-AI\Sem 7\MP\Datasets\archive (1)\clean_images\cattle\ayrshire\ayrshire_0692.jpg,cattle,ayrshire,cattle_ayrshire
D:\B.Tech\CE-AI\Sem 7\MP\Datasets\archive (1)\clean_images\buffalo\toda\toda_0111.jpg,buffalo,toda,buffalo_toda
D:\B.Tech\CE-AI\Sem 7\MP\Datasets\archive (1)\clean_images\cattle\ayrshire\ayrshire_0181.jpg,cattle,ayrshire,cattle_ayrshire
D:\B.Tech\CE-AI\Sem 7\MP\Datasets\archive (1)\clean_images\cattle\bargur\bargur_0073.jpg,cattle,bargur,cattle_bargur
D:\B.Tech\CE-AI\Sem 7\MP\Datasets\archive (1)\clean_images\buffalo\nagpuri\nagpuri_0113.jpg,buffalo,nagpuri,buffalo_nagpuri
D:\B.Tech\CE-AI\Sem 7\MP\Datasets\archive (1)\clean_images\buffalo\mehsana\mehsana_0045.png,buffalo,mehsana,buffalo_mehsana
D:\B.Tech\CE-AI\Sem 7\MP\Datasets\archive (1)\clean_images\cattle\hariana\hariana_0087.jpg,cattle,hariana,cattle_hariana
D:\B.Tech\CE-AI\Sem 7\MP\Datasets\archive (1)\clean_images\buffalo\banni\banni_0053.jpg,buffalo,banni,buffalo_banni
D:\B.Tech\CE-AI\Sem 7\MP\Datasets\archive (1)\clean_images\cattle\gir\gir_0227.jpg,cattle,gir,cattle_gir
D:\B.Tech\CE-AI\Sem 7\MP\Datasets\archive (1)\clean_images\cattle\guernsey\guernsey_0068.jpg,cattle,guernsey,cattle_guernsey
D:\B.Tech\CE-AI\Sem 7\MP\Datasets\archive (1)\clean_images\cattle\kankrej\kankrej_0141.png,cattle,kankrej,cattle_kankrej
D:\B.Tech\CE-AI\Sem 7\MP\Datasets\archive (1)\clean_images\cattle\red_dane\red_dane_0164.jpg,cattle,red_dane,cattle_red_dane
D:\B.Tech\CE-AI\Sem 7\MP\Datasets\archive (1)\clean_images\buffalo\bargur\bargur_0122.jpg,buffalo,bargur,buffalo_bargur
D:\B.Tech\CE-AI\Sem 7\MP\Datasets\archive (1)\clean_images\buffalo\murrah\murrah_0037.jpg,buffalo,murrah,buffalo_murrah
D:\B.Tech\CE-AI\Sem 7\MP\Datasets\archive (1)\clean_images\cattle\gir\gir_0578.jpg,cattle,gir,cattle_gir
D:\B.Tech\CE-AI\Sem 7\MP\Datasets\archive (1)\clean_images\buffalo\nagpuri\nagpuri_0105.png,buffalo,nagpuri,buffalo_nagpuri
D:\B.Tech\CE-AI\Sem 7\MP\Datasets\archive (1)\clean_images\cattle\ayrshire\ayrshire_0676.jpg,cattle,ayrshire,cattle_ayrshire
D:\B.Tech\CE-AI\Sem 7\MP\Datasets\archive (1)\clean_images\buffalo\bhadawari\bhadawari_0116.jpg,buffalo,bhadawari,buffalo_bhadawari
D:\B.Tech\CE-AI\Sem 7\MP\Datasets\archive (1)\clean_images\cattle\krishna_valley\krishna_valley_0066.jpg,cattle,krishna_valley,cattle_krishna_valley
D:\B.Tech\CE-AI\Sem 7\MP\Datasets\archive (1)\clean_images\buffalo\alambadi\alambadi_0200.png,buffalo,alambadi,buffalo_alambadi
D:\B.Tech\CE-AI\Sem 7\MP\Datasets\archive (1)\clean_images\buffalo\bhadawari\bhadawari_0038.jpg,buffalo,bhadawari,buffalo_bhadawari
D:\B.Tech\CE-AI\Sem 7\MP\Datasets\archive (1)\clean_images\cattle\holstein-friesian\holstein-friesian_0554.jpg,cattle,holstein-friesian,cattle_holstein-friesian
D:\B.Tech\CE-AI\Sem 7\MP\Datasets\archive (1)\clean_images\cattle\sahiwal\sahiwal_0103.jpg,cattle,sahiwal,cattle_sahiwal
D:\B.Tech\CE-AI\Sem 7\MP\Datasets\archive (1)\clean_images\cattle\gir\gir_0042.jpg,cattle,gir,cattle_gir
D:\B.Tech\CE-AI\Sem 7\MP\Datasets\archive (1)\clean_images\buffalo\murrah\murrah_0095.jpg,buffalo,murrah,buffalo_murrah
D:\B.Tech\CE-AI\Sem 7\MP\Datasets\archive (1)\clean_images\cattle\kenkatha\kenkatha_0016.jpg,cattle,kenkatha,cattle_kenkatha
D:\B.Tech\CE-AI\Sem 7\MP\Datasets\archive (1)\clean_images\cattle\hariana\hariana_0014.jpg,cattle,hariana,cattle_hariana
D:\B.Tech\CE-AI\Sem 7\MP\Datasets\archive (1)\clean_images\cattle\guernsey\guernsey_0008.jpg,cattle,guernsey,cattle_guernsey
D:\B.Tech\CE-AI\Sem 7\MP\Datasets\archive (1)\clean_images\cattle\sahiwal\sahiwal_0105.jpg,cattle,sahiwal,cattle_sahiwal
D:\B.Tech\CE-AI\Sem 7\MP\Datasets\archive (1)\clean_images\cattle\tharparkar\tharparkar_0070.jpg,cattle,tharparkar,cattle_tharparkar
D:\B.Tech\CE-AI\Sem 7\MP\Datasets\archive (1)\clean_images\cattle\gir\gir_0131.jpg,cattle,gir,cattle_gir
D:\B.Tech\CE-AI\Sem 7\MP\Datasets\archive (1)\clean_images\cattle\jersey\jersey_0035.jpg,cattle,jersey,cattle_jersey
D:\B.Tech\CE-AI\Sem 7\MP\Datasets\archive (1)\clean_images\cattle\nagori\nagori_0044.jpg,cattle,nagori,cattle_nagori
D:\B.Tech\CE-AI\Sem 7\MP\Datasets\archive (1)\clean_images\buffalo\surti\surti_0039.jpg,buffalo,surti,buffalo_surti
D:\B.Tech\CE-AI\Sem 7\MP\Datasets\archive (1)\clean_images\cattle\ongole\ongole_0075.jpg,cattle,ongole,cattle_ongole
D:\B.Tech\CE-AI\Sem 7\MP\Datasets\archive (1)\clean_images\cattle\rathi\rathi_0075.jpg,cattle,rathi,cattle_rathi
D:\B.Tech\CE-AI\Sem 7\MP\Datasets\archive (1)\clean_images\buffalo\jaffarabadi\jaffarabadi_0005.jpg,buffalo,jaffarabadi,buffalo_jaffarabadi
D:\B.Tech\CE-AI\Sem 7\MP\Datasets\archive (1)\clean_images\buffalo\murrah\murrah_0148.jpg,buffalo,murrah,buffalo_murrah
D:\B.Tech\CE-AI\Sem 7\MP\Datasets\archive (1)\clean_images\cattle\holstein-friesian\holstein-friesian_0485.jpg,cattle,holstein-friesian,cattle_holstein-friesian
D:\B.Tech\CE-AI\Sem 7\MP\Datasets\archive (1)\clean_images\cattle\brown_swiss\brown_swiss_0130.jpg,cattle,brown_swiss,cattle_brown_swiss
D:\B.Tech\CE-AI\Sem 7\MP\Datasets\archive (1)\clean_images\cattle\hallikar\hallikar_0257.png,cattle,hallikar,cattle_hallikar
D:\B.Tech\CE-AI\Sem 7\MP\Datasets\archive (1)\clean_images\cattle\ayrshire\ayrshire_0597.jpg,cattle,ayrshire,cattle_ayrshire
D:\B.Tech\CE-AI\Sem 7\MP\Datasets\archive (1)\clean_images\cattle\jersey\jersey_0108.jpg,cattle,jersey,cattle_jersey
D:\B.Tech\CE-AI\Sem 7\MP\Datasets\archive (1)\clean_images\cattle\nimari\nimari_0020.jpg,cattle,nimari,cattle_nimari
D:\B.Tech\CE-AI\Sem 7\MP\Datasets\archive (1)\clean_images\buffalo\alambadi\alambadi_0114.jpg,buffalo,alambadi,buffalo_alambadi
D:\B.Tech\CE-AI\Sem 7\MP\Datasets\archive (1)\clean_images\cattle\brown_swiss\brown_swiss_0048.jpg,cattle,brown_swiss,cattle_brown_swiss
D:\B.Tech\CE-AI\Sem 7\MP\Datasets\archive (1)\clean_images\cattle\gir\gir_0095.jpg,cattle,gir,cattle_gir
D:\B.Tech\CE-AI\Sem 7\MP\Datasets\archive (1)\clean_images\cattle\krishna_valley\krishna_valley_0088.jpg,cattle,krishna_valley,cattle_krishna_valley
D:\B.Tech\CE-AI\Sem 7\MP\Datasets\archive (1)\clean_images\cattle\holstein-friesian\holstein-friesian_0291.jpg,cattle,holstein-friesian,cattle_holstein-friesian
D:\B.Tech\CE-AI\Sem 7\MP\Datasets\archive (1)\clean_images\cattle\holstein-friesian\holstein-friesian_0047.jpg,cattle,holstein-friesian,cattle_holstein-friesian
D:\B.Tech\CE-AI\Sem 7\MP\Datasets\archive (1)\clean_images\cattle\gir\gir_0586.jpg,cattle,gir,cattle_gir
D:\B.Tech\CE-AI\Sem 7\MP\Datasets\archive (1)\clean_images\cattle\amritmahal\amritmahal_0103.jpg,cattle,amritmahal,cattle_amritmahal
D:\B.Tech\CE-AI\Sem 7\MP\Datasets\archive (1)\clean_images\cattle\kankrej\kankrej_0119.png,cattle,kankrej,cattle_kankrej
D:\B.Tech\CE-AI\Sem 7\MP\Datasets\archive (1)\clean_images\cattle\ayrshire\ayrshire_0056.jpg,cattle,ayrshire,cattle_ayrshire
D:\B.Tech\CE-AI\Sem 7\MP\Datasets\archive (1)\clean_images\cattle\kankrej\kankrej_0178.jpg,cattle,kankrej,cattle_kankrej
D:\B.Tech\CE-AI\Sem 7\MP\Datasets\archive (1)\clean_images\cattle\ayrshire\ayrshire_0226.jpg,cattle,ayrshire,cattle_ayrshire
D:\B.Tech\CE-AI\Sem 7\MP\Datasets\archive (1)\clean_images\buffalo\bhadawari\bhadawari_0003.jpg,buffalo,bhadawari,buffalo_bhadawari
D:\B.Tech\CE-AI\Sem 7\MP\Datasets\archive (1)\clean_images\buffalo\mehsana\mehsana_0049.png,buffalo,mehsana,buffalo_mehsana
D:\B.Tech\CE-AI\Sem 7\MP\Datasets\archive (1)\clean_images\cattle\ayrshire\ayrshire_0694.jpg,cattle,ayrshire,cattle_ayrshire
D:\B.Tech\CE-AI\Sem 7\MP\Datasets\archive (1)\clean_images\buffalo\jaffarabadi\jaffarabadi_0067.jpg,buffalo,jaffarabadi,buffalo_jaffarabadi
D:\B.Tech\CE-AI\Sem 7\MP\Datasets\archive (1)\clean_images\cattle\kangayam\kangayam_0094.jpg,cattle,kangayam,cattle_kangayam
D:\B.Tech\CE-AI\Sem 7\MP\Datasets\archive (1)\clean_images\cattle\gir\gir_0615.jpg,cattle,gir,cattle_gir
D:\B.Tech\CE-AI\Sem 7\MP\Datasets\archive (1)\clean_images\cattle\hallikar\hallikar_0066.jpg,cattle,hallikar,cattle_hallikar
D:\B.Tech\CE-AI\Sem 7\MP\Datasets\archive (1)\clean_images\cattle\jersey\jersey_0201.jpg,cattle,jersey,cattle_jersey
D:\B.Tech\CE-AI\Sem 7\MP\Datasets\archive (1)\clean_images\cattle\sahiwal\sahiwal_0345.png,cattle,sahiwal,cattle_sahiwal
D:\B.Tech\CE-AI\Sem 7\MP\Datasets\archive (1)\clean_images\buffalo\bhadawari\bhadawari_0011.jpg,buffalo,bhadawari,buffalo_bhadawari
D:\B.Tech\CE-AI\Sem 7\MP\Datasets\archive (1)\clean_images\cattle\pulikulam\pulikulam_0020.jpg,cattle,pulikulam,cattle_pulikulam
D:\B.Tech\CE-AI\Sem 7\MP\Datasets\archive (1)\clean_images\buffalo\bhadawari\bhadawari_0111.jpg,buffalo,bhadawari,buffalo_bhadawari
D:\B.Tech\CE-AI\Sem 7\MP\Datasets\archive (1)\clean_images\cattle\holstein-friesian\holstein-friesian_0297.jpg,cattle,holstein-friesian,cattle_holstein-friesian
D:\B.Tech\CE-AI\Sem 7\MP\Datasets\archive (1)\clean_images\cattle\red_dane\red_dane_0096.jpg,cattle,red_dane,cattle_red_dane
D:\B.Tech\CE-AI\Sem 7\MP\Datasets\archive (1)\clean_images\cattle\nimari\nimari_0094.png,cattle,nimari,cattle_nimari
D:\B.Tech\CE-AI\Sem 7\MP\Datasets\archive (1)\clean_images\cattle\malnad_gidda\malnad_gidda_0085.png,cattle,malnad_gidda,cattle_malnad_gidda
D:\B.Tech\CE-AI\Sem 7\MP\Datasets\archive (1)\clean_images\buffalo\surti\surti_0068.jpg,buffalo,surti,buffalo_surti
D:\B.Tech\CE-AI\Sem 7\MP\Datasets\archive (1)\clean_images\cattle\ayrshire\ayrshire_0051.jpg,cattle,ayrshire,cattle_ayrshire
D:\B.Tech\CE-AI\Sem 7\MP\Datasets\archive (1)\clean_images\cattle\holstein-friesian\holstein-friesian_0469.jpg,cattle,holstein-friesian,cattle_holstein-friesian
D:\B.Tech\CE-AI\Sem 7\MP\Datasets\archive (1)\clean_images\cattle\guernsey\guernsey_0002.jpg,cattle,guernsey,cattle_guernsey
D:\B.Tech\CE-AI\Sem 7\MP\Datasets\archive (1)\clean_images\cattle\deoni\deoni_0135.png,cattle,deoni,cattle_deoni
D:\B.Tech\CE-AI\Sem 7\MP\Datasets\archive (1)\clean_images\cattle\tharparkar\tharparkar_0061.png,cattle,tharparkar,cattle_tharparkar
D:\B.Tech\CE-AI\Sem 7\MP\Datasets\archive (1)\clean_images\cattle\gir\gir_0029.jpg,cattle,gir,cattle_gir
D:\B.Tech\CE-AI\Sem 7\MP\Datasets\archive (1)\clean_images\cattle\brown_swiss\brown_swiss_0037.jpg,cattle,brown_swiss,cattle_brown_swiss
D:\B.Tech\CE-AI\Sem 7\MP\Datasets\archive (1)\clean_images\cattle\amritmahal\amritmahal_0042.jpg,cattle,amritmahal,cattle_amritmahal
D:\B.Tech\CE-AI\Sem 7\MP\Datasets\archive (1)\clean_images\cattle\dangi\dangi_0008.jpg,cattle,dangi,cattle_dangi
D:\B.Tech\CE-AI\Sem 7\MP\Datasets\archive (1)\clean_images\cattle\bargur\bargur_0071.jpeg,cattle,bargur,cattle_bargur
D:\B.Tech\CE-AI\Sem 7\MP\Datasets\archive (1)\clean_images\buffalo\alambadi\alambadi_0139.png,buffalo,alambadi,buffalo_alambadi
D:\B.Tech\CE-AI\Sem 7\MP\Datasets\archive (1)\clean_images\cattle\sahiwal\sahiwal_0167.jpg,cattle,sahiwal,cattle_sahiwal
D:\B.Tech\CE-AI\Sem 7\MP\Datasets\archive (1)\clean_images\cattle\krishna_valley\krishna_valley_0074.jpg,cattle,krishna_valley,cattle_krishna_valley
D:\B.Tech\CE-AI\Sem 7\MP\Datasets\archive (1)\clean_images\buffalo\murrah\murrah_0010.jpg,buffalo,murrah,buffalo_murrah
D:\B.Tech\CE-AI\Sem 7\MP\Datasets\archive (1)\clean_images\cattle\ayrshire\ayrshire_0422.jpg,cattle,ayrshire,cattle_ayrshire
D:\B.Tech\CE-AI\Sem 7\MP\Datasets\archive (1)\clean_images\cattle\deoni\deoni_0146.jpg,cattle,deoni,cattle_deoni
D:\B.Tech\CE-AI\Sem 7\MP\Datasets\archive (1)\clean_images\cattle\ongole\ongole_0189.jpg,cattle,ongole,cattle_ongole
D:\B.Tech\CE-AI\Sem 7\MP\Datasets\archive (1)\clean_images\cattle\holstein-friesian\holstein-friesian_0218.jpg,cattle,holstein-friesian,cattle_holstein-friesian
D:\B.Tech\CE-AI\Sem 7\MP\Datasets\archive (1)\clean_images\cattle\kherigarh\kherigarh_0031.jpg,cattle,kherigarh,cattle_kherigarh
D:\B.Tech\CE-AI\Sem 7\MP\Datasets\archive (1)\clean_images\cattle\khillar\khillar_0110.jpg,cattle,khillar,cattle_khillar
D:\B.Tech\CE-AI\Sem 7\MP\Datasets\archive (1)\clean_images\cattle\ayrshire\ayrshire_0669.jpg,cattle,ayrshire,cattle_ayrshire
D:\B.Tech\CE-AI\Sem 7\MP\Datasets\archive (1)\clean_images\cattle\ayrshire\ayrshire_0408.jpg,cattle,ayrshire,cattle_ayrshire
D:\B.Tech\CE-AI\Sem 7\MP\Datasets\archive (1)\clean_images\cattle\umblachery\umblachery_0051.jpg,cattle,umblachery,cattle_umblachery
D:\B.Tech\CE-AI\Sem 7\MP\Datasets\archive (1)\clean_images\cattle\gir\gir_0238.jpg,cattle,gir,cattle_gir
D:\B.Tech\CE-AI\Sem 7\MP\Datasets\archive (1)\clean_images\buffalo\nagpuri\nagpuri_0058.png,buffalo,nagpuri,buffalo_nagpuri
D:\B.Tech\CE-AI\Sem 7\MP\Datasets\archive (1)\clean_images\cattle\holstein-friesian\holstein-friesian_0253.jpg,cattle,holstein-friesian,cattle_holstein-friesian
D:\B.Tech\CE-AI\Sem 7\MP\Datasets\archive (1)\clean_images\cattle\holstein-friesian\holstein-friesian_0270.jpg,cattle,holstein-friesian,cattle_holstein-friesian
D:\B.Tech\CE-AI\Sem 7\MP\Datasets\archive (1)\clean_images\cattle\bargur\bargur_0083.jpg,cattle,bargur,cattle_bargur
D:\B.Tech\CE-AI\Sem 7\MP\Datasets\archive (1)\clean_images\cattle\holstein-friesian\holstein-friesian_0361.jpg,cattle,holstein-friesian,cattle_holstein-friesian
D:\B.Tech\CE-AI\Sem 7\MP\Datasets\archive (1)\clean_images\cattle\sahiwal\sahiwal_0102.png,cattle,sahiwal,cattle_sahiwal
D:\B.Tech\CE-AI\Sem 7\MP\Datasets\archive (1)\clean_images\cattle\kherigarh\kherigarh_0038.png,cattle,kherigarh,cattle_kherigarh
D:\B.Tech\CE-AI\Sem 7\MP\Datasets\archive (1)\clean_images\buffalo\toda\toda_0120.jpg,buffalo,toda,buffalo_toda
D:\B.Tech\CE-AI\Sem 7\MP\Datasets\archive (1)\clean_images\cattle\umblachery\umblachery_0028.jpg,cattle,umblachery,cattle_umblachery
D:\B.Tech\CE-AI\Sem 7\MP\Datasets\archive (1)\clean_images\cattle\amritmahal\amritmahal_0201.jpg,cattle,amritmahal,cattle_amritmahal
D:\B.Tech\CE-AI\Sem 7\MP\Datasets\archive (1)\clean_images\cattle\ayrshire\ayrshire_0546.jpg,cattle,ayrshire,cattle_ayrshire
D:\B.Tech\CE-AI\Sem 7\MP\Datasets\archive (1)\clean_images\cattle\gir\gir_0357.jpg,cattle,gir,cattle_gir
D:\B.Tech\CE-AI\Sem 7\MP\Datasets\archive (1)\clean_images\cattle\red_sindhi\red_sindhi_0100.jpg,cattle,red_sindhi,cattle_red_sindhi
D:\B.Tech\CE-AI\Sem 7\MP\Datasets\archive (1)\clean_images\buffalo\mehsana\mehsana_0011.png,buffalo,mehsana,buffalo_mehsana
D:\B.Tech\CE-AI\Sem 7\MP\Datasets\archive (1)\clean_images\cattle\gir\gir_0312.jpg,cattle,gir,cattle_gir
D:\B.Tech\CE-AI\Sem 7\MP\Datasets\archive (1)\clean_images\buffalo\banni\banni_0115.jpg,buffalo,banni,buffalo_banni
D:\B.Tech\CE-AI\Sem 7\MP\Datasets\archive (1)\clean_images\cattle\brown_swiss\brown_swiss_0059.jpg,cattle,brown_swiss,cattle_brown_swiss
D:\B.Tech\CE-AI\Sem 7\MP\Datasets\archive (1)\clean_images\cattle\kangayam\kangayam_0048.jpg,cattle,kangayam,cattle_kangayam
D:\B.Tech\CE-AI\Sem 7\MP\Datasets\archive (1)\clean_images\buffalo\murrah\murrah_0073.jpg,buffalo,murrah,buffalo_murrah
D:\B.Tech\CE-AI\Sem 7\MP\Datasets\archive (1)\clean_images\cattle\deoni\deoni_0218.png,cattle,deoni,cattle_deoni
D:\B.Tech\CE-AI\Sem 7\MP\Datasets\archive (1)\clean_images\cattle\gir\gir_0005.jpg,cattle,gir,cattle_gir
D:\B.Tech\CE-AI\Sem 7\MP\Datasets\archive (1)\clean_images\cattle\ayrshire\ayrshire_0038.jpg,cattle,ayrshire,cattle_ayrshire
D:\B.Tech\CE-AI\Sem 7\MP\Datasets\archive (1)\clean_images\cattle\amritmahal\amritmahal_0094.jpg,cattle,amritmahal,cattle_amritmahal
D:\B.Tech\CE-AI\Sem 7\MP\Datasets\archive (1)\clean_images\cattle\tharparkar\tharparkar_0216.jpg,cattle,tharparkar,cattle_tharparkar
D:\B.Tech\CE-AI\Sem 7\MP\Datasets\archive (1)\clean_images\cattle\kenkatha\kenkatha_0034.jpg,cattle,kenkatha,cattle_kenkatha
D:\B.Tech\CE-AI\Sem 7\MP\Datasets\archive (1)\clean_images\cattle\ayrshire\ayrshire_0302.jpg,cattle,ayrshire,cattle_ayrshire
D:\B.Tech\CE-AI\Sem 7\MP\Datasets\archive (1)\clean_images\cattle\deoni\deoni_0037.jpg,cattle,deoni,cattle_deoni
D:\B.Tech\CE-AI\Sem 7\MP\Datasets\archive (1)\clean_images\cattle\brown_swiss\brown_swiss_0421.jpg,cattle,brown_swiss,cattle_brown_swiss
D:\B.Tech\CE-AI\Sem 7\MP\Datasets\archive (1)\clean_images\cattle\ongole\ongole_0012.jpg,cattle,ongole,cattle_ongole
D:\B.Tech\CE-AI\Sem 7\MP\Datasets\archive (1)\clean_images\cattle\red_sindhi\red_sindhi_0169.jpg,cattle,red_sindhi,cattle_red_sindhi
D:\B.Tech\CE-AI\Sem 7\MP\Datasets\archive (1)\clean_images\cattle\brown_swiss\brown_swiss_0335.jpg,cattle,brown_swiss,cattle_brown_swiss
D:\B.Tech\CE-AI\Sem 7\MP\Datasets\archive (1)\clean_images\cattle\bargur\bargur_0076.jpg,cattle,bargur,cattle_bargur
D:\B.Tech\CE-AI\Sem 7\MP\Datasets\archive (1)\clean_images\cattle\sahiwal\sahiwal_0272.jpg,cattle,sahiwal,cattle_sahiwal
D:\B.Tech\CE-AI\Sem 7\MP\Datasets\archive (1)\clean_images\cattle\ayrshire\ayrshire_0642.jpg,cattle,ayrshire,cattle_ayrshire
D:\B.Tech\CE-AI\Sem 7\MP\Datasets\archive (1)\clean_images\buffalo\nagpuri\nagpuri_0071.png,buffalo,nagpuri,buffalo_nagpuri
D:\B.Tech\CE-AI\Sem 7\MP\Datasets\archive (1)\clean_images\buffalo\jaffarabadi\jaffarabadi_0061.jpg,buffalo,jaffarabadi,buffalo_jaffarabadi
D:\B.Tech\CE-AI\Sem 7\MP\Datasets\archive (1)\clean_images\cattle\red_dane\red_dane_0108.jpg,cattle,red_dane,cattle_red_dane
D:\B.Tech\CE-AI\Sem 7\MP\Datasets\archive (1)\clean_images\buffalo\nili_ravi\nili_ravi_0082.jpg,buffalo,nili_ravi,buffalo_nili_ravi
D:\B.Tech\CE-AI\Sem 7\MP\Datasets\archive (1)\clean_images\cattle\ayrshire\ayrshire_0179.jpg,cattle,ayrshire,cattle_ayrshire
D:\B.Tech\CE-AI\Sem 7\MP\Datasets\archive (1)\clean_images\cattle\gir\gir_0301.jpg,cattle,gir,cattle_gir
D:\B.Tech\CE-AI\Sem 7\MP\Datasets\archive (1)\clean_images\cattle\jersey\jersey_0095.jpg,cattle,jersey,cattle_jersey
D:\B.Tech\CE-AI\Sem 7\MP\Datasets\archive (1)\clean_images\cattle\red_sindhi\red_sindhi_0118.jpg,cattle,red_sindhi,cattle_red_sindhi
D:\B.Tech\CE-AI\Sem 7\MP\Datasets\archive (1)\clean_images\cattle\kankrej\kankrej_0033.jpg,cattle,kankrej,cattle_kankrej
D:\B.Tech\CE-AI\Sem 7\MP\Datasets\archive (1)\clean_images\cattle\brown_swiss\brown_swiss_0386.jpg,cattle,brown_swiss,cattle_brown_swiss
D:\B.Tech\CE-AI\Sem 7\MP\Datasets\archive (1)\clean_images\cattle\gir\gir_0074.jpg,cattle,gir,cattle_gir
D:\B.Tech\CE-AI\Sem 7\MP\Datasets\archive (1)\clean_images\cattle\gir\gir_0143.jpg,cattle,gir,cattle_gir
D:\B.Tech\CE-AI\Sem 7\MP\Datasets\archive (1)\clean_images\cattle\ayrshire\ayrshire_0698.jpg,cattle,ayrshire,cattle_ayrshire
D:\B.Tech\CE-AI\Sem 7\MP\Datasets\archive (1)\clean_images\cattle\nagori\nagori_0063.png,cattle,nagori,cattle_nagori
D:\B.Tech\CE-AI\Sem 7\MP\Datasets\archive (1)\clean_images\cattle\gir\gir_0540.jpg,cattle,gir,cattle_gir
D:\B.Tech\CE-AI\Sem 7\MP\Datasets\archive (1)\clean_images\cattle\nagori\nagori_0085.png,cattle,nagori,cattle_nagori
D:\B.Tech\CE-AI\Sem 7\MP\Datasets\archive (1)\clean_images\buffalo\toda\toda_0097.jpg,buffalo,toda,buffalo_toda
D:\B.Tech\CE-AI\Sem 7\MP\Datasets\archive (1)\clean_images\cattle\brown_swiss\brown_swiss_0301.jpg,cattle,brown_swiss,cattle_brown_swiss
D:\B.Tech\CE-AI\Sem 7\MP\Datasets\archive (1)\clean_images\cattle\rathi\rathi_0065.jpg,cattle,rathi,cattle_rathi
D:\B.Tech\CE-AI\Sem 7\MP\Datasets\archive (1)\clean_images\cattle\kankrej\kankrej_0002.jpg,cattle,kankrej,cattle_kankrej
D:\B.Tech\CE-AI\Sem 7\MP\Datasets\archive (1)\clean_images\cattle\deoni\deoni_0077.jpg,cattle,deoni,cattle_deoni
D:\B.Tech\CE-AI\Sem 7\MP\Datasets\archive (1)\clean_images\cattle\red_dane\red_dane_0150.jpg,cattle,red_dane,cattle_red_dane
D:\B.Tech\CE-AI\Sem 7\MP\Datasets\archive (1)\clean_images\cattle\vechur\vechur_0097.jpg,cattle,vechur,cattle_vechur
D:\B.Tech\CE-AI\Sem 7\MP\Datasets\archive (1)\clean_images\buffalo\mehsana\mehsana_0098.png,buffalo,mehsana,buffalo_mehsana
D:\B.Tech\CE-AI\Sem 7\MP\Datasets\archive (1)\clean_images\cattle\pulikulam\pulikulam_0108.png,cattle,pulikulam,cattle_pulikulam
D:\B.Tech\CE-AI\Sem 7\MP\Datasets\archive (1)\clean_images\buffalo\murrah\murrah_0127.jpg,buffalo,murrah,buffalo_murrah
D:\B.Tech\CE-AI\Sem 7\MP\Datasets\archive (1)\clean_images\cattle\gir\gir_0112.jpg,cattle,gir,cattle_gir
D:\B.Tech\CE-AI\Sem 7\MP\Datasets\archive (1)\clean_images\buffalo\bhadawari\bhadawari_0136.jpg,buffalo,bhadawari,buffalo_bhadawari
D:\B.Tech\CE-AI\Sem 7\MP\Datasets\archive (1)\clean_images\buffalo\nagpuri\nagpuri_0014.jpg,buffalo,nagpuri,buffalo_nagpuri
D:\B.Tech\CE-AI\Sem 7\MP\Datasets\archive (1)\clean_images\cattle\tharparkar\tharparkar_0140.jpg,cattle,tharparkar,cattle_tharparkar
D:\B.Tech\CE-AI\Sem 7\MP\Datasets\archive (1)\clean_images\cattle\brown_swiss\brown_swiss_0464.jpg,cattle,brown_swiss,cattle_brown_swiss
D:\B.Tech\CE-AI\Sem 7\MP\Datasets\archive (1)\clean_images\cattle\ayrshire\ayrshire_0480.jpg,cattle,ayrshire,cattle_ayrshire
D:\B.Tech\CE-AI\Sem 7\MP\Datasets\archive (1)\clean_images\cattle\tharparkar\tharparkar_0104.png,cattle,tharparkar,cattle_tharparkar
D:\B.Tech\CE-AI\Sem 7\MP\Datasets\archive (1)\clean_images\cattle\vechur\vechur_0005.jpg,cattle,vechur,cattle_vechur
D:\B.Tech\CE-AI\Sem 7\MP\Datasets\archive (1)\clean_images\cattle\gir\gir_0382.jpg,cattle,gir,cattle_gir
D:\B.Tech\CE-AI\Sem 7\MP\Datasets\archive (1)\clean_images\buffalo\nagpuri\nagpuri_0125.jpg,buffalo,nagpuri,buffalo_nagpuri
D:\B.Tech\CE-AI\Sem 7\MP\Datasets\archive (1)\clean_images\cattle\nimari\nimari_0069.png,cattle,nimari,cattle_nimari
D:\B.Tech\CE-AI\Sem 7\MP\Datasets\archive (1)\clean_images\cattle\hallikar\hallikar_0021.jpg,cattle,hallikar,cattle_hallikar
D:\B.Tech\CE-AI\Sem 7\MP\Datasets\archive (1)\clean_images\cattle\khillar\khillar_0056.jpg,cattle,khillar,cattle_khillar
D:\B.Tech\CE-AI\Sem 7\MP\Datasets\archive (1)\clean_images\buffalo\mehsana\mehsana_0078.png,buffalo,mehsana,buffalo_mehsana
D:\B.Tech\CE-AI\Sem 7\MP\Datasets\archive (1)\clean_images\cattle\red_dane\red_dane_0092.jpg,cattle,red_dane,cattle_red_dane
D:\B.Tech\CE-AI\Sem 7\MP\Datasets\archive (1)\clean_images\cattle\nimari\nimari_0022.jpg,cattle,nimari,cattle_nimari
D:\B.Tech\CE-AI\Sem 7\MP\Datasets\archive (1)\clean_images\buffalo\mehsana\mehsana_0027.jpg,buffalo,mehsana,buffalo_mehsana
D:\B.Tech\CE-AI\Sem 7\MP\Datasets\archive (1)\clean_images\cattle\holstein-friesian\holstein-friesian_0559.jpg,cattle,holstein-friesian,cattle_holstein-friesian
D:\B.Tech\CE-AI\Sem 7\MP\Datasets\archive (1)\clean_images\cattle\holstein-friesian\holstein-friesian_0289.jpg,cattle,holstein-friesian,cattle_holstein-friesian
D:\B.Tech\CE-AI\Sem 7\MP\Datasets\archive (1)\clean_images\cattle\red_sindhi\red_sindhi_0087.jpg,cattle,red_sindhi,cattle_red_sindhi
D:\B.Tech\CE-AI\Sem 7\MP\Datasets\archive (1)\clean_images\buffalo\nagpuri\nagpuri_0008.jpg,buffalo,nagpuri,buffalo_nagpuri
D:\B.Tech\CE-AI\Sem 7\MP\Datasets\archive (1)\clean_images\cattle\amritmahal\amritmahal_0085.jpg,cattle,amritmahal,cattle_amritmahal
D:\B.Tech\CE-AI\Sem 7\MP\Datasets\archive (1)\clean_images\cattle\deoni\deoni_0192.jpg,cattle,deoni,cattle_deoni
D:\B.Tech\CE-AI\Sem 7\MP\Datasets\archive (1)\clean_images\cattle\gir\gir_0636.png,cattle,gir,cattle_gir
D:\B.Tech\CE-AI\Sem 7\MP\Datasets\archive (1)\clean_images\cattle\brown_swiss\brown_swiss_0067.jpg,cattle,brown_swiss,cattle_brown_swiss
D:\B.Tech\CE-AI\Sem 7\MP\Datasets\archive (1)\clean_images\cattle\rathi\rathi_0098.jpg,cattle,rathi,cattle_rathi
D:\B.Tech\CE-AI\Sem 7\MP\Datasets\archive (1)\clean_images\cattle\ayrshire\ayrshire_0398.jpg,cattle,ayrshire,cattle_ayrshire
D:\B.Tech\CE-AI\Sem 7\MP\Datasets\archive (1)\clean_images\cattle\hallikar\hallikar_0279.png,cattle,hallikar,cattle_hallikar
D:\B.Tech\CE-AI\Sem 7\MP\Datasets\archive (1)\clean_images\cattle\ayrshire\ayrshire_0234.jpg,cattle,ayrshire,cattle_ayrshire
D:\B.Tech\CE-AI\Sem 7\MP\Datasets\archive (1)\clean_images\buffalo\murrah\murrah_0170.jpg,buffalo,murrah,buffalo_murrah
D:\B.Tech\CE-AI\Sem 7\MP\Datasets\archive (1)\clean_images\cattle\hallikar\hallikar_0060.jpg,cattle,hallikar,cattle_hallikar
D:\B.Tech\CE-AI\Sem 7\MP\Datasets\archive (1)\clean_images\cattle\red_dane\red_dane_0029.jpg,cattle,red_dane,cattle_red_dane
D:\B.Tech\CE-AI\Sem 7\MP\Datasets\archive (1)\clean_images\cattle\gir\gir_0028.jpg,cattle,gir,cattle_gir
D:\B.Tech\CE-AI\Sem 7\MP\Datasets\archive (1)\clean_images\cattle\deoni\deoni_0010.jpg,cattle,deoni,cattle_deoni
D:\B.Tech\CE-AI\Sem 7\MP\Datasets\archive (1)\clean_images\cattle\gir\gir_0437.jpg,cattle,gir,cattle_gir
D:\B.Tech\CE-AI\Sem 7\MP\Datasets\archive (1)\clean_images\cattle\holstein-friesian\holstein-friesian_0543.jpg,cattle,holstein-friesian,cattle_holstein-friesian
D:\B.Tech\CE-AI\Sem 7\MP\Datasets\archive (1)\clean_images\cattle\holstein-friesian\holstein-friesian_0338.jpg,cattle,holstein-friesian,cattle_holstein-friesian
D:\B.Tech\CE-AI\Sem 7\MP\Datasets\archive (1)\clean_images\cattle\brown_swiss\brown_swiss_0276.jpg,cattle,brown_swiss,cattle_brown_swiss
D:\B.Tech\CE-AI\Sem 7\MP\Datasets\archive (1)\clean_images\cattle\rathi\rathi_0120.jpg,cattle,rathi,cattle_rathi
D:\B.Tech\CE-AI\Sem 7\MP\Datasets\archive (1)\clean_images\cattle\ayrshire\ayrshire_0080.jpg,cattle,ayrshire,cattle_ayrshire
D:\B.Tech\CE-AI\Sem 7\MP\Datasets\archive (1)\clean_images\buffalo\nagpuri\nagpuri_0138.jpg,buffalo,nagpuri,buffalo_nagpuri
D:\B.Tech\CE-AI\Sem 7\MP\Datasets\archive (1)\clean_images\cattle\hallikar\hallikar_0289.png,cattle,hallikar,cattle_hallikar
D:\B.Tech\CE-AI\Sem 7\MP\Datasets\archive (1)\clean_images\cattle\hallikar\hallikar_0222.png,cattle,hallikar,cattle_hallikar
D:\B.Tech\CE-AI\Sem 7\MP\Datasets\archive (1)\clean_images\cattle\amritmahal\amritmahal_0119.png,cattle,amritmahal,cattle_amritmahal
D:\B.Tech\CE-AI\Sem 7\MP\Datasets\archive (1)\clean_images\cattle\brown_swiss\brown_swiss_0346.jpg,cattle,brown_swiss,cattle_brown_swiss
D:\B.Tech\CE-AI\Sem 7\MP\Datasets\archive (1)\clean_images\cattle\sahiwal\sahiwal_0130.jpg,cattle,sahiwal,cattle_sahiwal
D:\B.Tech\CE-AI\Sem 7\MP\Datasets\archive (1)\clean_images\cattle\ayrshire\ayrshire_0525.jpg,cattle,ayrshire,cattle_ayrshire
D:\B.Tech\CE-AI\Sem 7\MP\Datasets\archive (1)\clean_images\buffalo\nili_ravi\nili_ravi_0041.jpg,buffalo,nili_ravi,buffalo_nili_ravi
D:\B.Tech\CE-AI\Sem 7\MP\Datasets\archive (1)\clean_images\cattle\hallikar\hallikar_0020.jpg,cattle,hallikar,cattle_hallikar
D:\B.Tech\CE-AI\Sem 7\MP\Datasets\archive (1)\clean_images\cattle\gir\gir_0039.jpg,cattle,gir,cattle_gir
D:\B.Tech\CE-AI\Sem 7\MP\Datasets\archive (1)\clean_images\cattle\brown_swiss\brown_swiss_0363.jpg,cattle,brown_swiss,cattle_brown_swiss
D:\B.Tech\CE-AI\Sem 7\MP\Datasets\archive (1)\clean_images\cattle\brown_swiss\brown_swiss_0099.jpg,cattle,brown_swiss,cattle_brown_swiss
D:\B.Tech\CE-AI\Sem 7\MP\Datasets\archive (1)\clean_images\cattle\nimari\nimari_0044.jpg,cattle,nimari,cattle_nimari
D:\B.Tech\CE-AI\Sem 7\MP\Datasets\archive (1)\clean_images\cattle\bargur\bargur_0081.jpg,cattle,bargur,cattle_bargur
D:\B.Tech\CE-AI\Sem 7\MP\Datasets\archive (1)\clean_images\cattle\brown_swiss\brown_swiss_0081.jpg,cattle,brown_swiss,cattle_brown_swiss
D:\B.Tech\CE-AI\Sem 7\MP\Datasets\archive (1)\clean_images\cattle\nimari\nimari_0067.png,cattle,nimari,cattle_nimari
D:\B.Tech\CE-AI\Sem 7\MP\Datasets\archive (1)\clean_images\cattle\holstein-friesian\holstein-friesian_0524.jpg,cattle,holstein-friesian,cattle_holstein-friesian
D:\B.Tech\CE-AI\Sem 7\MP\Datasets\archive (1)\clean_images\cattle\ayrshire\ayrshire_0155.jpg,cattle,ayrshire,cattle_ayrshire
D:\B.Tech\CE-AI\Sem 7\MP\Datasets\archive (1)\clean_images\cattle\malnad_gidda\malnad_gidda_0076.png,cattle,malnad_gidda,cattle_malnad_gidda
D:\B.Tech\CE-AI\Sem 7\MP\Datasets\archive (1)\clean_images\cattle\brown_swiss\brown_swiss_0422.jpg,cattle,brown_swiss,cattle_brown_swiss
D:\B.Tech\CE-AI\Sem 7\MP\Datasets\archive (1)\clean_images\cattle\red_sindhi\red_sindhi_0134.jpg,cattle,red_sindhi,cattle_red_sindhi
D:\B.Tech\CE-AI\Sem 7\MP\Datasets\archive (1)\clean_images\cattle\rathi\rathi_0044.png,cattle,rathi,cattle_rathi
D:\B.Tech\CE-AI\Sem 7\MP\Datasets\archive (1)\clean_images\cattle\hariana\hariana_0050.png,cattle,hariana,cattle_hariana
D:\B.Tech\CE-AI\Sem 7\MP\Datasets\archive (1)\clean_images\buffalo\murrah\murrah_0090.jpeg,buffalo,murrah,buffalo_murrah
D:\B.Tech\CE-AI\Sem 7\MP\Datasets\archive (1)\clean_images\cattle\tharparkar\tharparkar_0045.jpg,cattle,tharparkar,cattle_tharparkar
D:\B.Tech\CE-AI\Sem 7\MP\Datasets\archive (1)\clean_images\cattle\sahiwal\sahiwal_0180.jpg,cattle,sahiwal,cattle_sahiwal
D:\B.Tech\CE-AI\Sem 7\MP\Datasets\archive (1)\clean_images\cattle\guernsey\guernsey_0105.jpg,cattle,guernsey,cattle_guernsey
D:\B.Tech\CE-AI\Sem 7\MP\Datasets\archive (1)\clean_images\cattle\brown_swiss\brown_swiss_0315.jpg,cattle,brown_swiss,cattle_brown_swiss
D:\B.Tech\CE-AI\Sem 7\MP\Datasets\archive (1)\clean_images\cattle\red_sindhi\red_sindhi_0052.jpg,cattle,red_sindhi,cattle_red_sindhi
D:\B.Tech\CE-AI\Sem 7\MP\Datasets\archive (1)\clean_images\cattle\amritmahal\amritmahal_0129.png,cattle,amritmahal,cattle_amritmahal
D:\B.Tech\CE-AI\Sem 7\MP\Datasets\archive (1)\clean_images\cattle\jersey\jersey_0114.jpg,cattle,jersey,cattle_jersey
D:\B.Tech\CE-AI\Sem 7\MP\Datasets\archive (1)\clean_images\cattle\malnad_gidda\malnad_gidda_0049.jpg,cattle,malnad_gidda,cattle_malnad_gidda
D:\B.Tech\CE-AI\Sem 7\MP\Datasets\archive (1)\clean_images\cattle\ayrshire\ayrshire_0649.jpg,cattle,ayrshire,cattle_ayrshire
D:\B.Tech\CE-AI\Sem 7\MP\Datasets\archive (1)\clean_images\cattle\krishna_valley\krishna_valley_0116.jpg,cattle,krishna_valley,cattle_krishna_valley
D:\B.Tech\CE-AI\Sem 7\MP\Datasets\archive (1)\clean_images\cattle\umblachery\umblachery_0060.png,cattle,umblachery,cattle_umblachery
D:\B.Tech\CE-AI\Sem 7\MP\Datasets\archive (1)\clean_images\cattle\hallikar\hallikar_0198.jpeg,cattle,hallikar,cattle_hallikar
D:\B.Tech\CE-AI\Sem 7\MP\Datasets\archive (1)\clean_images\buffalo\mehsana\mehsana_0028.jpg,buffalo,mehsana,buffalo_mehsana
D:\B.Tech\CE-AI\Sem 7\MP\Datasets\archive (1)\clean_images\cattle\holstein-friesian\holstein-friesian_0331.jpg,cattle,holstein-friesian,cattle_holstein-friesian
D:\B.Tech\CE-AI\Sem 7\MP\Datasets\archive (1)\clean_images\cattle\holstein-friesian\holstein-friesian_0507.jpg,cattle,holstein-friesian,cattle_holstein-friesian
D:\B.Tech\CE-AI\Sem 7\MP\Datasets\archive (1)\clean_images\buffalo\murrah\murrah_0022.jpg,buffalo,murrah,buffalo_murrah
D:\B.Tech\CE-AI\Sem 7\MP\Datasets\archive (1)\clean_images\cattle\ayrshire\ayrshire_0289.jpg,cattle,ayrshire,cattle_ayrshire
D:\B.Tech\CE-AI\Sem 7\MP\Datasets\archive (1)\clean_images\buffalo\nagpuri\nagpuri_0150.png,buffalo,nagpuri,buffalo_nagpuri
D:\B.Tech\CE-AI\Sem 7\MP\Datasets\archive (1)\clean_images\cattle\gir\gir_0180.jpg,cattle,gir,cattle_gir
D:\B.Tech\CE-AI\Sem 7\MP\Datasets\archive (1)\clean_images\buffalo\bargur\bargur_0015.jpg,buffalo,bargur,buffalo_bargur
D:\B.Tech\CE-AI\Sem 7\MP\Datasets\archive (1)\clean_images\buffalo\mehsana\mehsana_0058.png,buffalo,mehsana,buffalo_mehsana
D:\B.Tech\CE-AI\Sem 7\MP\Datasets\archive (1)\clean_images\cattle\holstein-friesian\holstein-friesian_0255.jpg,cattle,holstein-friesian,cattle_holstein-friesian
D:\B.Tech\CE-AI\Sem 7\MP\Datasets\archive (1)\clean_images\cattle\hallikar\hallikar_0190.jpeg,cattle,hallikar,cattle_hallikar
D:\B.Tech\CE-AI\Sem 7\MP\Datasets\archive (1)\clean_images\cattle\holstein-friesian\holstein-friesian_0227.jpg,cattle,holstein-friesian,cattle_holstein-friesian
D:\B.Tech\CE-AI\Sem 7\MP\Datasets\archive (1)\clean_images\cattle\pulikulam\pulikulam_0133.jpg,cattle,pulikulam,cattle_pulikulam
D:\B.Tech\CE-AI\Sem 7\MP\Datasets\archive (1)\clean_images\buffalo\alambadi\alambadi_0020.jpg,buffalo,alambadi,buffalo_alambadi
D:\B.Tech\CE-AI\Sem 7\MP\Datasets\archive (1)\clean_images\cattle\ayrshire\ayrshire_0397.jpg,cattle,ayrshire,cattle_ayrshire
D:\B.Tech\CE-AI\Sem 7\MP\Datasets\archive (1)\clean_images\cattle\rathi\rathi_0037.jpg,cattle,rathi,cattle_rathi
D:\B.Tech\CE-AI\Sem 7\MP\Datasets\archive (1)\clean_images\cattle\deoni\deoni_0057.jpg,cattle,deoni,cattle_deoni
D:\B.Tech\CE-AI\Sem 7\MP\Datasets\archive (1)\clean_images\cattle\sahiwal\sahiwal_0443.jpg,cattle,sahiwal,cattle_sahiwal
D:\B.Tech\CE-AI\Sem 7\MP\Datasets\archive (1)\clean_images\cattle\ongole\ongole_0095.jpg,cattle,ongole,cattle_ongole
D:\B.Tech\CE-AI\Sem 7\MP\Datasets\archive (1)\clean_images\cattle\jersey\jersey_0126.jpg,cattle,jersey,cattle_jersey
D:\B.Tech\CE-AI\Sem 7\MP\Datasets\archive (1)\clean_images\buffalo\banni\banni_0072.jpg,buffalo,banni,buffalo_banni
D:\B.Tech\CE-AI\Sem 7\MP\Datasets\archive (1)\clean_images\cattle\holstein-friesian\holstein-friesian_0002.jpg,cattle,holstein-friesian,cattle_holstein-friesian
D:\B.Tech\CE-AI\Sem 7\MP\Datasets\archive (1)\clean_images\cattle\kenkatha\kenkatha_0044.jpg,cattle,kenkatha,cattle_kenkatha
D:\B.Tech\CE-AI\Sem 7\MP\Datasets\archive (1)\clean_images\cattle\deoni\deoni_0139.jpg,cattle,deoni,cattle_deoni
D:\B.Tech\CE-AI\Sem 7\MP\Datasets\archive (1)\clean_images\cattle\red_sindhi\red_sindhi_0082.png,cattle,red_sindhi,cattle_red_sindhi
D:\B.Tech\CE-AI\Sem 7\MP\Datasets\archive (1)\clean_images\cattle\brown_swiss\brown_swiss_0125.jpg,cattle,brown_swiss,cattle_brown_swiss
D:\B.Tech\CE-AI\Sem 7\MP\Datasets\archive (1)\clean_images\buffalo\toda\toda_0066.jpg,buffalo,toda,buffalo_toda
D:\B.Tech\CE-AI\Sem 7\MP\Datasets\archive (1)\clean_images\cattle\ongole\ongole_0068.jpg,cattle,ongole,cattle_ongole
D:\B.Tech\CE-AI\Sem 7\MP\Datasets\archive (1)\clean_images\cattle\red_dane\red_dane_0025.jpg,cattle,red_dane,cattle_red_dane
D:\B.Tech\CE-AI\Sem 7\MP\Datasets\archive (1)\clean_images\cattle\sahiwal\sahiwal_0309.jpg,cattle,sahiwal,cattle_sahiwal
D:\B.Tech\CE-AI\Sem 7\MP\Datasets\archive (1)\clean_images\cattle\ayrshire\ayrshire_0032.jpg,cattle,ayrshire,cattle_ayrshire
D:\B.Tech\CE-AI\Sem 7\MP\Datasets\archive (1)\clean_images\buffalo\murrah\murrah_0136.jpg,buffalo,murrah,buffalo_murrah
D:\B.Tech\CE-AI\Sem 7\MP\Datasets\archive (1)\clean_images\cattle\red_dane\red_dane_0056.jpg,cattle,red_dane,cattle_red_dane
D:\B.Tech\CE-AI\Sem 7\MP\Datasets\archive (1)\clean_images\cattle\dangi\dangi_0092.png,cattle,dangi,cattle_dangi
D:\B.Tech\CE-AI\Sem 7\MP\Datasets\archive (1)\clean_images\cattle\umblachery\umblachery_0059.png,cattle,umblachery,cattle_umblachery
D:\B.Tech\CE-AI\Sem 7\MP\Datasets\archive (1)\clean_images\cattle\deoni\deoni_0023.jpg,cattle,deoni,cattle_deoni
D:\B.Tech\CE-AI\Sem 7\MP\Datasets\archive (1)\clean_images\cattle\krishna_valley\krishna_valley_0089.jpg,cattle,krishna_valley,cattle_krishna_valley
D:\B.Tech\CE-AI\Sem 7\MP\Datasets\archive (1)\clean_images\cattle\ayrshire\ayrshire_0105.jpg,cattle,ayrshire,cattle_ayrshire
D:\B.Tech\CE-AI\Sem 7\MP\Datasets\archive (1)\clean_images\buffalo\nagpuri\nagpuri_0055.jpg,buffalo,nagpuri,buffalo_nagpuri
D:\B.Tech\CE-AI\Sem 7\MP\Datasets\archive (1)\clean_images\cattle\amritmahal\amritmahal_0059.jpg,cattle,amritmahal,cattle_amritmahal
D:\B.Tech\CE-AI\Sem 7\MP\Datasets\archive (1)\clean_images\cattle\hallikar\hallikar_0204.jpg,cattle,hallikar,cattle_hallikar
D:\B.Tech\CE-AI\Sem 7\MP\Datasets\archive (1)\clean_images\cattle\holstein-friesian\holstein-friesian_0303.jpg,cattle,holstein-friesian,cattle_holstein-friesian
D:\B.Tech\CE-AI\Sem 7\MP\Datasets\archive (1)\clean_images\cattle\deoni\deoni_0185.png,cattle,deoni,cattle_deoni
D:\B.Tech\CE-AI\Sem 7\MP\Datasets\archive (1)\clean_images\cattle\umblachery\umblachery_0053.png,cattle,umblachery,cattle_umblachery
D:\B.Tech\CE-AI\Sem 7\MP\Datasets\archive (1)\clean_images\cattle\ayrshire\ayrshire_0391.jpg,cattle,ayrshire,cattle_ayrshire
D:\B.Tech\CE-AI\Sem 7\MP\Datasets\archive (1)\clean_images\cattle\jersey\jersey_0021.jpg,cattle,jersey,cattle_jersey
D:\B.Tech\CE-AI\Sem 7\MP\Datasets\archive (1)\clean_images\cattle\gir\gir_0073.jpg,cattle,gir,cattle_gir
D:\B.Tech\CE-AI\Sem 7\MP\Datasets\archive (1)\clean_images\cattle\pulikulam\pulikulam_0103.jpg,cattle,pulikulam,cattle_pulikulam
D:\B.Tech\CE-AI\Sem 7\MP\Datasets\archive (1)\clean_images\cattle\kankrej\kankrej_0046.jpg,cattle,kankrej,cattle_kankrej
D:\B.Tech\CE-AI\Sem 7\MP\Datasets\archive (1)\clean_images\cattle\hallikar\hallikar_0027.jpg,cattle,hallikar,cattle_hallikar
D:\B.Tech\CE-AI\Sem 7\MP\Datasets\archive (1)\clean_images\cattle\red_dane\red_dane_0113.jpg,cattle,red_dane,cattle_red_dane
D:\B.Tech\CE-AI\Sem 7\MP\Datasets\archive (1)\clean_images\cattle\jersey\jersey_0133.jpg,cattle,jersey,cattle_jersey
D:\B.Tech\CE-AI\Sem 7\MP\Datasets\archive (1)\clean_images\cattle\kangayam\kangayam_0059.png,cattle,kangayam,cattle_kangayam
D:\B.Tech\CE-AI\Sem 7\MP\Datasets\archive (1)\clean_images\cattle\pulikulam\pulikulam_0088.jpg,cattle,pulikulam,cattle_pulikulam
D:\B.Tech\CE-AI\Sem 7\MP\Datasets\archive (1)\clean_images\cattle\nimari\nimari_0092.png,cattle,nimari,cattle_nimari
D:\B.Tech\CE-AI\Sem 7\MP\Datasets\archive (1)\clean_images\cattle\ayrshire\ayrshire_0583.jpg,cattle,ayrshire,cattle_ayrshire
D:\B.Tech\CE-AI\Sem 7\MP\Datasets\archive (1)\clean_images\cattle\ayrshire\ayrshire_0311.jpg,cattle,ayrshire,cattle_ayrshire
D:\B.Tech\CE-AI\Sem 7\MP\Datasets\archive (1)\clean_images\buffalo\alambadi\alambadi_0086.jpg,buffalo,alambadi,buffalo_alambadi
D:\B.Tech\CE-AI\Sem 7\MP\Datasets\archive (1)\clean_images\buffalo\bargur\bargur_0121.jpg,buffalo,bargur,buffalo_bargur
D:\B.Tech\CE-AI\Sem 7\MP\Datasets\archive (1)\clean_images\cattle\deoni\deoni_0155.jpg,cattle,deoni,cattle_deoni
D:\B.Tech\CE-AI\Sem 7\MP\Datasets\archive (1)\clean_images\cattle\holstein-friesian\holstein-friesian_0283.jpg,cattle,holstein-friesian,cattle_holstein-friesian
D:\B.Tech\CE-AI\Sem 7\MP\Datasets\archive (1)\clean_images\cattle\gir\gir_0254.jpg,cattle,gir,cattle_gir
D:\B.Tech\CE-AI\Sem 7\MP\Datasets\archive (1)\clean_images\cattle\kankrej\kankrej_0056.png,cattle,kankrej,cattle_kankrej
D:\B.Tech\CE-AI\Sem 7\MP\Datasets\archive (1)\clean_images\buffalo\bhadawari\bhadawari_0153.jpg,buffalo,bhadawari,buffalo_bhadawari
D:\B.Tech\CE-AI\Sem 7\MP\Datasets\archive (1)\clean_images\cattle\tharparkar\tharparkar_0074.jpg,cattle,tharparkar,cattle_tharparkar
D:\B.Tech\CE-AI\Sem 7\MP\Datasets\archive (1)\clean_images\cattle\guernsey\guernsey_0232.jpg,cattle,guernsey,cattle_guernsey
D:\B.Tech\CE-AI\Sem 7\MP\Datasets\archive (1)\clean_images\buffalo\bhadawari\bhadawari_0120.jpg,buffalo,bhadawari,buffalo_bhadawari
D:\B.Tech\CE-AI\Sem 7\MP\Datasets\archive (1)\clean_images\cattle\ayrshire\ayrshire_0673.jpg,cattle,ayrshire,cattle_ayrshire
D:\B.Tech\CE-AI\Sem 7\MP\Datasets\archive (1)\clean_images\cattle\holstein-friesian\holstein-friesian_0247.jpg,cattle,holstein-friesian,cattle_holstein-friesian
D:\B.Tech\CE-AI\Sem 7\MP\Datasets\archive (1)\clean_images\cattle\red_sindhi\red_sindhi_0146.jpg,cattle,red_sindhi,cattle_red_sindhi
D:\B.Tech\CE-AI\Sem 7\MP\Datasets\archive (1)\clean_images\cattle\deoni\deoni_0078.jpg,cattle,deoni,cattle_deoni
D:\B.Tech\CE-AI\Sem 7\MP\Datasets\archive (1)\clean_images\cattle\vechur\vechur_0061.jpg,cattle,vechur,cattle_vechur
D:\B.Tech\CE-AI\Sem 7\MP\Datasets\archive (1)\clean_images\cattle\guernsey\guernsey_0145.jpg,cattle,guernsey,cattle_guernsey
D:\B.Tech\CE-AI\Sem 7\MP\Datasets\archive (1)\clean_images\cattle\holstein-friesian\holstein-friesian_0477.jpg,cattle,holstein-friesian,cattle_holstein-friesian
D:\B.Tech\CE-AI\Sem 7\MP\Datasets\archive (1)\clean_images\cattle\amritmahal\amritmahal_0130.jpg,cattle,amritmahal,cattle_amritmahal
D:\B.Tech\CE-AI\Sem 7\MP\Datasets\archive (1)\clean_images\cattle\gir\gir_0298.jpg,cattle,gir,cattle_gir
D:\B.Tech\CE-AI\Sem 7\MP\Datasets\archive (1)\clean_images\cattle\red_sindhi\red_sindhi_0136.jpg,cattle,red_sindhi,cattle_red_sindhi
D:\B.Tech\CE-AI\Sem 7\MP\Datasets\archive (1)\clean_images\buffalo\bhadawari\bhadawari_0013.jpg,buffalo,bhadawari,buffalo_bhadawari
D:\B.Tech\CE-AI\Sem 7\MP\Datasets\archive (1)\clean_images\cattle\nimari\nimari_0057.jpg,cattle,nimari,cattle_nimari
D:\B.Tech\CE-AI\Sem 7\MP\Datasets\archive (1)\clean_images\cattle\tharparkar\tharparkar_0018.jpg,cattle,tharparkar,cattle_tharparkar
D:\B.Tech\CE-AI\Sem 7\MP\Datasets\archive (1)\clean_images\cattle\krishna_valley\krishna_valley_0068.jpg,cattle,krishna_valley,cattle_krishna_valley
D:\B.Tech\CE-AI\Sem 7\MP\Datasets\archive (1)\clean_images\cattle\nimari\nimari_0050.jpg,cattle,nimari,cattle_nimari
D:\B.Tech\CE-AI\Sem 7\MP\Datasets\archive (1)\clean_images\cattle\jersey\jersey_0197.jpg,cattle,jersey,cattle_jersey
D:\B.Tech\CE-AI\Sem 7\MP\Datasets\archive (1)\clean_images\cattle\gir\gir_0553.jpg,cattle,gir,cattle_gir
D:\B.Tech\CE-AI\Sem 7\MP\Datasets\archive (1)\clean_images\buffalo\mehsana\mehsana_0096.jpg,buffalo,mehsana,buffalo_mehsana
D:\B.Tech\CE-AI\Sem 7\MP\Datasets\archive (1)\clean_images\cattle\dangi\dangi_0048.jpg,cattle,dangi,cattle_dangi
D:\B.Tech\CE-AI\Sem 7\MP\Datasets\archive (1)\clean_images\buffalo\bhadawari\bhadawari_0009.jpg,buffalo,bhadawari,buffalo_bhadawari
D:\B.Tech\CE-AI\Sem 7\MP\Datasets\archive (1)\clean_images\buffalo\bhadawari\bhadawari_0169.jpg,buffalo,bhadawari,buffalo_bhadawari
D:\B.Tech\CE-AI\Sem 7\MP\Datasets\archive (1)\clean_images\cattle\ayrshire\ayrshire_0438.jpg,cattle,ayrshire,cattle_ayrshire
D:\B.Tech\CE-AI\Sem 7\MP\Datasets\archive (1)\clean_images\cattle\holstein-friesian\holstein-friesian_0344.jpg,cattle,holstein-friesian,cattle_holstein-friesian
D:\B.Tech\CE-AI\Sem 7\MP\Datasets\archive (1)\clean_images\buffalo\alambadi\alambadi_0178.png,buffalo,alambadi,buffalo_alambadi
D:\B.Tech\CE-AI\Sem 7\MP\Datasets\archive (1)\clean_images\cattle\holstein-friesian\holstein-friesian_0153.jpg,cattle,holstein-friesian,cattle_holstein-friesian
D:\B.Tech\CE-AI\Sem 7\MP\Datasets\archive (1)\clean_images\cattle\tharparkar\tharparkar_0135.jpg,cattle,tharparkar,cattle_tharparkar
D:\B.Tech\CE-AI\Sem 7\MP\Datasets\archive (1)\clean_images\cattle\malnad_gidda\malnad_gidda_0089.png,cattle,malnad_gidda,cattle_malnad_gidda
D:\B.Tech\CE-AI\Sem 7\MP\Datasets\archive (1)\clean_images\buffalo\jaffarabadi\jaffarabadi_0062.jpg,buffalo,jaffarabadi,buffalo_jaffarabadi
D:\B.Tech\CE-AI\Sem 7\MP\Datasets\archive (1)\clean_images\cattle\gir\gir_0619.jpg,cattle,gir,cattle_gir
D:\B.Tech\CE-AI\Sem 7\MP\Datasets\archive (1)\clean_images\cattle\holstein-friesian\holstein-friesian_0487.jpg,cattle,holstein-friesian,cattle_holstein-friesian
D:\B.Tech\CE-AI\Sem 7\MP\Datasets\archive (1)\clean_images\buffalo\surti\surti_0006.jpg,buffalo,surti,buffalo_surti
D:\B.Tech\CE-AI\Sem 7\MP\Datasets\archive (1)\clean_images\cattle\tharparkar\tharparkar_0016.jpg,cattle,tharparkar,cattle_tharparkar
D:\B.Tech\CE-AI\Sem 7\MP\Datasets\archive (1)\clean_images\cattle\gir\gir_0241.jpg,cattle,gir,cattle_gir
D:\B.Tech\CE-AI\Sem 7\MP\Datasets\archive (1)\clean_images\cattle\ayrshire\ayrshire_0162.jpg,cattle,ayrshire,cattle_ayrshire
D:\B.Tech\CE-AI\Sem 7\MP\Datasets\archive (1)\clean_images\buffalo\nagpuri\nagpuri_0106.jpg,buffalo,nagpuri,buffalo_nagpuri
D:\B.Tech\CE-AI\Sem 7\MP\Datasets\archive (1)\clean_images\cattle\hariana\hariana_0033.jpg,cattle,hariana,cattle_hariana
D:\B.Tech\CE-AI\Sem 7\MP\Datasets\archive (1)\clean_images\buffalo\toda\toda_0129.jpg,buffalo,toda,buffalo_toda
D:\B.Tech\CE-AI\Sem 7\MP\Datasets\archive (1)\clean_images\buffalo\bargur\bargur_0047.jpg,buffalo,bargur,buffalo_bargur
D:\B.Tech\CE-AI\Sem 7\MP\Datasets\archive (1)\clean_images\cattle\sahiwal\sahiwal_0002.jpg,cattle,sahiwal,cattle_sahiwal
D:\B.Tech\CE-AI\Sem 7\MP\Datasets\archive (1)\clean_images\cattle\brown_swiss\brown_swiss_0040.jpg,cattle,brown_swiss,cattle_brown_swiss
D:\B.Tech\CE-AI\Sem 7\MP\Datasets\archive (1)\clean_images\buffalo\jaffarabadi\jaffarabadi_0103.jpg,buffalo,jaffarabadi,buffalo_jaffarabadi
D:\B.Tech\CE-AI\Sem 7\MP\Datasets\archive (1)\clean_images\cattle\ayrshire\ayrshire_0358.jpg,cattle,ayrshire,cattle_ayrshire
D:\B.Tech\CE-AI\Sem 7\MP\Datasets\archive (1)\clean_images\cattle\guernsey\guernsey_0223.jpg,cattle,guernsey,cattle_guernsey
D:\B.Tech\CE-AI\Sem 7\MP\Datasets\archive (1)\clean_images\cattle\holstein-friesian\holstein-friesian_0252.jpg,cattle,holstein-friesian,cattle_holstein-friesian
D:\B.Tech\CE-AI\Sem 7\MP\Datasets\archive (1)\clean_images\cattle\ayrshire\ayrshire_0704.jpg,cattle,ayrshire,cattle_ayrshire
D:\B.Tech\CE-AI\Sem 7\MP\Datasets\archive (1)\clean_images\cattle\umblachery\umblachery_0055.jpg,cattle,umblachery,cattle_umblachery
D:\B.Tech\CE-AI\Sem 7\MP\Datasets\archive (1)\clean_images\cattle\malnad_gidda\malnad_gidda_0068.png,cattle,malnad_gidda,cattle_malnad_gidda
D:\B.Tech\CE-AI\Sem 7\MP\Datasets\archive (1)\clean_images\buffalo\nagpuri\nagpuri_0154.jpg,buffalo,nagpuri,buffalo_nagpuri
D:\B.Tech\CE-AI\Sem 7\MP\Datasets\archive (1)\clean_images\cattle\holstein-friesian\holstein-friesian_0147.jpg,cattle,holstein-friesian,cattle_holstein-friesian
D:\B.Tech\CE-AI\Sem 7\MP\Datasets\archive (1)\clean_images\cattle\gir\gir_0233.jpg,cattle,gir,cattle_gir
D:\B.Tech\CE-AI\Sem 7\MP\Datasets\archive (1)\clean_images\cattle\gir\gir_0412.jpg,cattle,gir,cattle_gir
D:\B.Tech\CE-AI\Sem 7\MP\Datasets\archive (1)\clean_images\cattle\brown_swiss\brown_swiss_0180.jpg,cattle,brown_swiss,cattle_brown_swiss
D:\B.Tech\CE-AI\Sem 7\MP\Datasets\archive (1)\clean_images\buffalo\nagpuri\nagpuri_0045.jpg,buffalo,nagpuri,buffalo_nagpuri
D:\B.Tech\CE-AI\Sem 7\MP\Datasets\archive (1)\clean_images\cattle\holstein-friesian\holstein-friesian_0555.jpg,cattle,holstein-friesian,cattle_holstein-friesian
D:\B.Tech\CE-AI\Sem 7\MP\Datasets\archive (1)\clean_images\cattle\gir\gir_0336.jpg,cattle,gir,cattle_gir
D:\B.Tech\CE-AI\Sem 7\MP\Datasets\archive (1)\clean_images\buffalo\bhadawari\bhadawari_0076.jpg,buffalo,bhadawari,buffalo_bhadawari
D:\B.Tech\CE-AI\Sem 7\MP\Datasets\archive (1)\clean_images\cattle\ayrshire\ayrshire_0171.jpg,cattle,ayrshire,cattle_ayrshire
D:\B.Tech\CE-AI\Sem 7\MP\Datasets\archive (1)\clean_images\cattle\krishna_valley\krishna_valley_0013.jpg,cattle,krishna_valley,cattle_krishna_valley
D:\B.Tech\CE-AI\Sem 7\MP\Datasets\archive (1)\clean_images\cattle\hallikar\hallikar_0171.jpg,cattle,hallikar,cattle_hallikar
D:\B.Tech\CE-AI\Sem 7\MP\Datasets\archive (1)\clean_images\cattle\vechur\vechur_0032.jpg,cattle,vechur,cattle_vechur
D:\B.Tech\CE-AI\Sem 7\MP\Datasets\archive (1)\clean_images\cattle\sahiwal\sahiwal_0119.jpg,cattle,sahiwal,cattle_sahiwal
D:\B.Tech\CE-AI\Sem 7\MP\Datasets\archive (1)\clean_images\cattle\amritmahal\amritmahal_0019.jpg,cattle,amritmahal,cattle_amritmahal
D:\B.Tech\CE-AI\Sem 7\MP\Datasets\archive (1)\clean_images\cattle\kankrej\kankrej_0151.png,cattle,kankrej,cattle_kankrej
D:\B.Tech\CE-AI\Sem 7\MP\Datasets\archive (1)\clean_images\buffalo\alambadi\alambadi_0143.png,buffalo,alambadi,buffalo_alambadi
D:\B.Tech\CE-AI\Sem 7\MP\Datasets\archive (1)\clean_images\cattle\guernsey\guernsey_0039.jpg,cattle,guernsey,cattle_guernsey
D:\B.Tech\CE-AI\Sem 7\MP\Datasets\archive (1)\clean_images\cattle\sahiwal\sahiwal_0199.jpg,cattle,sahiwal,cattle_sahiwal
D:\B.Tech\CE-AI\Sem 7\MP\Datasets\archive (1)\clean_images\cattle\brown_swiss\brown_swiss_0277.jpg,cattle,brown_swiss,cattle_brown_swiss
D:\B.Tech\CE-AI\Sem 7\MP\Datasets\archive (1)\clean_images\cattle\ayrshire\ayrshire_0458.jpg,cattle,ayrshire,cattle_ayrshire
D:\B.Tech\CE-AI\Sem 7\MP\Datasets\archive (1)\clean_images\cattle\ongole\ongole_0172.jpg,cattle,ongole,cattle_ongole
D:\B.Tech\CE-AI\Sem 7\MP\Datasets\archive (1)\clean_images\buffalo\bargur\bargur_0045.jpg,buffalo,bargur,buffalo_bargur
D:\B.Tech\CE-AI\Sem 7\MP\Datasets\archive (1)\clean_images\cattle\tharparkar\tharparkar_0146.jpg,cattle,tharparkar,cattle_tharparkar
D:\B.Tech\CE-AI\Sem 7\MP\Datasets\archive (1)\clean_images\cattle\holstein-friesian\holstein-friesian_0553.jpg,cattle,holstein-friesian,cattle_holstein-friesian
D:\B.Tech\CE-AI\Sem 7\MP\Datasets\archive (1)\clean_images\cattle\bargur\bargur_0066.jpg,cattle,bargur,cattle_bargur
D:\B.Tech\CE-AI\Sem 7\MP\Datasets\archive (1)\clean_images\cattle\sahiwal\sahiwal_0395.jpg,cattle,sahiwal,cattle_sahiwal
D:\B.Tech\CE-AI\Sem 7\MP\Datasets\archive (1)\clean_images\cattle\brown_swiss\brown_swiss_0259.jpg,cattle,brown_swiss,cattle_brown_swiss
D:\B.Tech\CE-AI\Sem 7\MP\Datasets\archive (1)\clean_images\cattle\ongole\ongole_0168.jpg,cattle,ongole,cattle_ongole
D:\B.Tech\CE-AI\Sem 7\MP\Datasets\archive (1)\clean_images\cattle\bargur\bargur_0082.jpg,cattle,bargur,cattle_bargur
D:\B.Tech\CE-AI\Sem 7\MP\Datasets\archive (1)\clean_images\buffalo\nagpuri\nagpuri_0041.jpg,buffalo,nagpuri,buffalo_nagpuri
D:\B.Tech\CE-AI\Sem 7\MP\Datasets\archive (1)\clean_images\buffalo\murrah\murrah_0045.jpg,buffalo,murrah,buffalo_murrah
D:\B.Tech\CE-AI\Sem 7\MP\Datasets\archive (1)\clean_images\cattle\jersey\jersey_0083.jpg,cattle,jersey,cattle_jersey
D:\B.Tech\CE-AI\Sem 7\MP\Datasets\archive (1)\clean_images\cattle\jersey\jersey_0037.jpg,cattle,jersey,cattle_jersey
D:\B.Tech\CE-AI\Sem 7\MP\Datasets\archive (1)\clean_images\buffalo\bhadawari\bhadawari_0187.jpg,buffalo,bhadawari,buffalo_bhadawari
D:\B.Tech\CE-AI\Sem 7\MP\Datasets\archive (1)\clean_images\cattle\krishna_valley\krishna_valley_0114.jpg,cattle,krishna_valley,cattle_krishna_valley
D:\B.Tech\CE-AI\Sem 7\MP\Datasets\archive (1)\clean_images\cattle\tharparkar\tharparkar_0175.jpg,cattle,tharparkar,cattle_tharparkar
D:\B.Tech\CE-AI\Sem 7\MP\Datasets\archive (1)\clean_images\buffalo\nagpuri\nagpuri_0028.jpg,buffalo,nagpuri,buffalo_nagpuri
D:\B.Tech\CE-AI\Sem 7\MP\Datasets\archive (1)\clean_images\cattle\jersey\jersey_0042.jpg,cattle,jersey,cattle_jersey
D:\B.Tech\CE-AI\Sem 7\MP\Datasets\archive (1)\clean_images\cattle\brown_swiss\brown_swiss_0064.jpg,cattle,brown_swiss,cattle_brown_swiss
D:\B.Tech\CE-AI\Sem 7\MP\Datasets\archive (1)\clean_images\cattle\ongole\ongole_0005.jpg,cattle,ongole,cattle_ongole
D:\B.Tech\CE-AI\Sem 7\MP\Datasets\archive (1)\clean_images\cattle\kenkatha\kenkatha_0003.jpg,cattle,kenkatha,cattle_kenkatha
D:\B.Tech\CE-AI\Sem 7\MP\Datasets\archive (1)\clean_images\buffalo\alambadi\alambadi_0054.jpg,buffalo,alambadi,buffalo_alambadi
D:\B.Tech\CE-AI\Sem 7\MP\Datasets\archive (1)\clean_images\cattle\gir\gir_0629.jpeg,cattle,gir,cattle_gir
D:\B.Tech\CE-AI\Sem 7\MP\Datasets\archive (1)\clean_images\cattle\kenkatha\kenkatha_0007.jpg,cattle,kenkatha,cattle_kenkatha
D:\B.Tech\CE-AI\Sem 7\MP\Datasets\archive (1)\clean_images\cattle\bargur\bargur_0092.jpg,cattle,bargur,cattle_bargur
D:\B.Tech\CE-AI\Sem 7\MP\Datasets\archive (1)\clean_images\cattle\holstein-friesian\holstein-friesian_0157.jpg,cattle,holstein-friesian,cattle_holstein-friesian
D:\B.Tech\CE-AI\Sem 7\MP\Datasets\archive (1)\clean_images\cattle\kenkatha\kenkatha_0057.jpg,cattle,kenkatha,cattle_kenkatha
D:\B.Tech\CE-AI\Sem 7\MP\Datasets\archive (1)\clean_images\cattle\tharparkar\tharparkar_0081.jpg,cattle,tharparkar,cattle_tharparkar
D:\B.Tech\CE-AI\Sem 7\MP\Datasets\archive (1)\clean_images\buffalo\banni\banni_0051.jpg,buffalo,banni,buffalo_banni
D:\B.Tech\CE-AI\Sem 7\MP\Datasets\archive (1)\clean_images\cattle\gir\gir_0548.png,cattle,gir,cattle_gir
D:\B.Tech\CE-AI\Sem 7\MP\Datasets\archive (1)\clean_images\cattle\amritmahal\amritmahal_0174.png,cattle,amritmahal,cattle_amritmahal
D:\B.Tech\CE-AI\Sem 7\MP\Datasets\archive (1)\clean_images\cattle\brown_swiss\brown_swiss_0237.jpg,cattle,brown_swiss,cattle_brown_swiss
D:\B.Tech\CE-AI\Sem 7\MP\Datasets\archive (1)\clean_images\cattle\ayrshire\ayrshire_0254.jpg,cattle,ayrshire,cattle_ayrshire
D:\B.Tech\CE-AI\Sem 7\MP\Datasets\archive (1)\clean_images\buffalo\alambadi\alambadi_0199.png,buffalo,alambadi,buffalo_alambadi
D:\B.Tech\CE-AI\Sem 7\MP\Datasets\archive (1)\clean_images\cattle\guernsey\guernsey_0115.jpg,cattle,guernsey,cattle_guernsey
D:\B.Tech\CE-AI\Sem 7\MP\Datasets\archive (1)\clean_images\cattle\amritmahal\amritmahal_0144.jpg,cattle,amritmahal,cattle_amritmahal
D:\B.Tech\CE-AI\Sem 7\MP\Datasets\archive (1)\clean_images\cattle\holstein-friesian\holstein-friesian_0354.jpg,cattle,holstein-friesian,cattle_holstein-friesian
D:\B.Tech\CE-AI\Sem 7\MP\Datasets\archive (1)\clean_images\cattle\nimari\nimari_0091.png,cattle,nimari,cattle_nimari
D:\B.Tech\CE-AI\Sem 7\MP\Datasets\archive (1)\clean_images\cattle\tharparkar\tharparkar_0041.jpg,cattle,tharparkar,cattle_tharparkar
D:\B.Tech\CE-AI\Sem 7\MP\Datasets\archive (1)\clean_images\cattle\hallikar\hallikar_0090.jpg,cattle,hallikar,cattle_hallikar
D:\B.Tech\CE-AI\Sem 7\MP\Datasets\archive (1)\clean_images\cattle\holstein-friesian\holstein-friesian_0171.jpg,cattle,holstein-friesian,cattle_holstein-friesian
D:\B.Tech\CE-AI\Sem 7\MP\Datasets\archive (1)\clean_images\buffalo\toda\toda_0124.jpg,buffalo,toda,buffalo_toda
D:\B.Tech\CE-AI\Sem 7\MP\Datasets\archive (1)\clean_images\cattle\hariana\hariana_0130.jpg,cattle,hariana,cattle_hariana
D:\B.Tech\CE-AI\Sem 7\MP\Datasets\archive (1)\clean_images\buffalo\mehsana\mehsana_0034.png,buffalo,mehsana,buffalo_mehsana
D:\B.Tech\CE-AI\Sem 7\MP\Datasets\archive (1)\clean_images\cattle\khillar\khillar_0014.jpg,cattle,khillar,cattle_khillar
D:\B.Tech\CE-AI\Sem 7\MP\Datasets\archive (1)\clean_images\cattle\guernsey\guernsey_0071.jpg,cattle,guernsey,cattle_guernsey
D:\B.Tech\CE-AI\Sem 7\MP\Datasets\archive (1)\clean_images\cattle\sahiwal\sahiwal_0174.jpg,cattle,sahiwal,cattle_sahiwal
D:\B.Tech\CE-AI\Sem 7\MP\Datasets\archive (1)\clean_images\cattle\kankrej\kankrej_0104.png,cattle,kankrej,cattle_kankrej
D:\B.Tech\CE-AI\Sem 7\MP\Datasets\archive (1)\clean_images\buffalo\toda\toda_0042.jpg,buffalo,toda,buffalo_toda
D:\B.Tech\CE-AI\Sem 7\MP\Datasets\archive (1)\clean_images\buffalo\murrah\murrah_0052.jpeg,buffalo,murrah,buffalo_murrah
D:\B.Tech\CE-AI\Sem 7\MP\Datasets\archive (1)\clean_images\cattle\brown_swiss\brown_swiss_0359.jpg,cattle,brown_swiss,cattle_brown_swiss
D:\B.Tech\CE-AI\Sem 7\MP\Datasets\archive (1)\clean_images\cattle\sahiwal\sahiwal_0331.png,cattle,sahiwal,cattle_sahiwal
D:\B.Tech\CE-AI\Sem 7\MP\Datasets\archive (1)\clean_images\buffalo\alambadi\alambadi_0128.png,buffalo,alambadi,buffalo_alambadi
D:\B.Tech\CE-AI\Sem 7\MP\Datasets\archive (1)\clean_images\cattle\ongole\ongole_0106.jpg,cattle,ongole,cattle_ongole
D:\B.Tech\CE-AI\Sem 7\MP\Datasets\archive (1)\clean_images\cattle\tharparkar\tharparkar_0227.jpg,cattle,tharparkar,cattle_tharparkar
D:\B.Tech\CE-AI\Sem 7\MP\Datasets\archive (1)\clean_images\cattle\red_sindhi\red_sindhi_0049.png,cattle,red_sindhi,cattle_red_sindhi
D:\B.Tech\CE-AI\Sem 7\MP\Datasets\archive (1)\clean_images\buffalo\alambadi\alambadi_0026.jpg,buffalo,alambadi,buffalo_alambadi
D:\B.Tech\CE-AI\Sem 7\MP\Datasets\archive (1)\clean_images\cattle\guernsey\guernsey_0064.jpg,cattle,guernsey,cattle_guernsey
D:\B.Tech\CE-AI\Sem 7\MP\Datasets\archive (1)\clean_images\buffalo\bhadawari\bhadawari_0058.jpg,buffalo,bhadawari,buffalo_bhadawari
D:\B.Tech\CE-AI\Sem 7\MP\Datasets\archive (1)\clean_images\cattle\ayrshire\ayrshire_0582.jpg,cattle,ayrshire,cattle_ayrshire
D:\B.Tech\CE-AI\Sem 7\MP\Datasets\archive (1)\clean_images\cattle\jersey\jersey_0102.jpg,cattle,jersey,cattle_jersey
D:\B.Tech\CE-AI\Sem 7\MP\Datasets\archive (1)\clean_images\cattle\ayrshire\ayrshire_0173.jpg,cattle,ayrshire,cattle_ayrshire
D:\B.Tech\CE-AI\Sem 7\MP\Datasets\archive (1)\clean_images\buffalo\nili_ravi\nili_ravi_0057.jpg,buffalo,nili_ravi,buffalo_nili_ravi
D:\B.Tech\CE-AI\Sem 7\MP\Datasets\archive (1)\clean_images\cattle\sahiwal\sahiwal_0321.png,cattle,sahiwal,cattle_sahiwal
D:\B.Tech\CE-AI\Sem 7\MP\Datasets\archive (1)\clean_images\buffalo\alambadi\alambadi_0177.png,buffalo,alambadi,buffalo_alambadi
D:\B.Tech\CE-AI\Sem 7\MP\Datasets\archive (1)\clean_images\cattle\guernsey\guernsey_0091.jpg,cattle,guernsey,cattle_guernsey
D:\B.Tech\CE-AI\Sem 7\MP\Datasets\archive (1)\clean_images\cattle\hallikar\hallikar_0075.jpg,cattle,hallikar,cattle_hallikar
D:\B.Tech\CE-AI\Sem 7\MP\Datasets\archive (1)\clean_images\cattle\hariana\hariana_0005.jpg,cattle,hariana,cattle_hariana
D:\B.Tech\CE-AI\Sem 7\MP\Datasets\archive (1)\clean_images\buffalo\surti\surti_0070.jpg,buffalo,surti,buffalo_surti
D:\B.Tech\CE-AI\Sem 7\MP\Datasets\archive (1)\clean_images\buffalo\jaffarabadi\jaffarabadi_0019.png,buffalo,jaffarabadi,buffalo_jaffarabadi
D:\B.Tech\CE-AI\Sem 7\MP\Datasets\archive (1)\clean_images\cattle\ayrshire\ayrshire_0667.jpg,cattle,ayrshire,cattle_ayrshire
D:\B.Tech\CE-AI\Sem 7\MP\Datasets\archive (1)\clean_images\cattle\deoni\deoni_0141.jpg,cattle,deoni,cattle_deoni
D:\B.Tech\CE-AI\Sem 7\MP\Datasets\archive (1)\clean_images\cattle\krishna_valley\krishna_valley_0128.jpg,cattle,krishna_valley,cattle_krishna_valley
D:\B.Tech\CE-AI\Sem 7\MP\Datasets\archive (1)\clean_images\cattle\sahiwal\sahiwal_0433.jpg,cattle,sahiwal,cattle_sahiwal
D:\B.Tech\CE-AI\Sem 7\MP\Datasets\archive (1)\clean_images\cattle\holstein-friesian\holstein-friesian_0431.jpg,cattle,holstein-friesian,cattle_holstein-friesian
D:\B.Tech\CE-AI\Sem 7\MP\Datasets\archive (1)\clean_images\cattle\ayrshire\ayrshire_0097.jpg,cattle,ayrshire,cattle_ayrshire
D:\B.Tech\CE-AI\Sem 7\MP\Datasets\archive (1)\clean_images\cattle\dangi\dangi_0061.jpg,cattle,dangi,cattle_dangi
D:\B.Tech\CE-AI\Sem 7\MP\Datasets\archive (1)\clean_images\cattle\malnad_gidda\malnad_gidda_0014.jpg,cattle,malnad_gidda,cattle_malnad_gidda
D:\B.Tech\CE-AI\Sem 7\MP\Datasets\archive (1)\clean_images\cattle\guernsey\guernsey_0060.jpg,cattle,guernsey,cattle_guernsey
D:\B.Tech\CE-AI\Sem 7\MP\Datasets\archive (1)\clean_images\cattle\malnad_gidda\malnad_gidda_0054.jpg,cattle,malnad_gidda,cattle_malnad_gidda
D:\B.Tech\CE-AI\Sem 7\MP\Datasets\archive (1)\clean_images\cattle\deoni\deoni_0042.jpg,cattle,deoni,cattle_deoni
D:\B.Tech\CE-AI\Sem 7\MP\Datasets\archive (1)\clean_images\cattle\vechur\vechur_0147.png,cattle,vechur,cattle_vechur
D:\B.Tech\CE-AI\Sem 7\MP\Datasets\archive (1)\clean_images\cattle\ayrshire\ayrshire_0368.jpg,cattle,ayrshire,cattle_ayrshire
D:\B.Tech\CE-AI\Sem 7\MP\Datasets\archive (1)\clean_images\cattle\hallikar\hallikar_0014.jpg,cattle,hallikar,cattle_hallikar
D:\B.Tech\CE-AI\Sem 7\MP\Datasets\archive (1)\clean_images\cattle\hallikar\hallikar_0181.jpg,cattle,hallikar,cattle_hallikar
D:\B.Tech\CE-AI\Sem 7\MP\Datasets\archive (1)\clean_images\cattle\dangi\dangi_0027.jpg,cattle,dangi,cattle_dangi
D:\B.Tech\CE-AI\Sem 7\MP\Datasets\archive (1)\clean_images\cattle\hallikar\hallikar_0251.png,cattle,hallikar,cattle_hallikar
D:\B.Tech\CE-AI\Sem 7\MP\Datasets\archive (1)\clean_images\cattle\malnad_gidda\malnad_gidda_0069.png,cattle,malnad_gidda,cattle_malnad_gidda
D:\B.Tech\CE-AI\Sem 7\MP\Datasets\archive (1)\clean_images\cattle\red_sindhi\red_sindhi_0117.jpg,cattle,red_sindhi,cattle_red_sindhi
D:\B.Tech\CE-AI\Sem 7\MP\Datasets\archive (1)\clean_images\cattle\gir\gir_0210.jpg,cattle,gir,cattle_gir
D:\B.Tech\CE-AI\Sem 7\MP\Datasets\archive (1)\clean_images\cattle\krishna_valley\krishna_valley_0007.jpg,cattle,krishna_valley,cattle_krishna_valley
D:\B.Tech\CE-AI\Sem 7\MP\Datasets\archive (1)\clean_images\buffalo\jaffarabadi\jaffarabadi_0084.png,buffalo,jaffarabadi,buffalo_jaffarabadi
D:\B.Tech\CE-AI\Sem 7\MP\Datasets\archive (1)\clean_images\cattle\ayrshire\ayrshire_0076.jpg,cattle,ayrshire,cattle_ayrshire
D:\B.Tech\CE-AI\Sem 7\MP\Datasets\archive (1)\clean_images\cattle\ayrshire\ayrshire_0068.jpg,cattle,ayrshire,cattle_ayrshire
D:\B.Tech\CE-AI\Sem 7\MP\Datasets\archive (1)\clean_images\cattle\ongole\ongole_0002.jpg,cattle,ongole,cattle_ongole
D:\B.Tech\CE-AI\Sem 7\MP\Datasets\archive (1)\clean_images\cattle\hallikar\hallikar_0172.jpg,cattle,hallikar,cattle_hallikar
D:\B.Tech\CE-AI\Sem 7\MP\Datasets\archive (1)\clean_images\cattle\amritmahal\amritmahal_0093.jpg,cattle,amritmahal,cattle_amritmahal
D:\B.Tech\CE-AI\Sem 7\MP\Datasets\archive (1)\clean_images\cattle\hallikar\hallikar_0243.png,cattle,hallikar,cattle_hallikar
D:\B.Tech\CE-AI\Sem 7\MP\Datasets\archive (1)\clean_images\buffalo\alambadi\alambadi_0045.jpg,buffalo,alambadi,buffalo_alambadi
D:\B.Tech\CE-AI\Sem 7\MP\Datasets\archive (1)\clean_images\cattle\vechur\vechur_0076.jpg,cattle,vechur,cattle_vechur
D:\B.Tech\CE-AI\Sem 7\MP\Datasets\archive (1)\clean_images\cattle\nimari\nimari_0080.png,cattle,nimari,cattle_nimari
D:\B.Tech\CE-AI\Sem 7\MP\Datasets\archive (1)\clean_images\cattle\hariana\hariana_0022.jpg,cattle,hariana,cattle_hariana
D:\B.Tech\CE-AI\Sem 7\MP\Datasets\archive (1)\clean_images\cattle\holstein-friesian\holstein-friesian_0173.jpg,cattle,holstein-friesian,cattle_holstein-friesian
D:\B.Tech\CE-AI\Sem 7\MP\Datasets\archive (1)\clean_images\cattle\ayrshire\ayrshire_0253.jpg,cattle,ayrshire,cattle_ayrshire
D:\B.Tech\CE-AI\Sem 7\MP\Datasets\archive (1)\clean_images\buffalo\nagpuri\nagpuri_0174.jpg,buffalo,nagpuri,buffalo_nagpuri
D:\B.Tech\CE-AI\Sem 7\MP\Datasets\archive (1)\clean_images\cattle\khillar\khillar_0119.png,cattle,khillar,cattle_khillar
D:\B.Tech\CE-AI\Sem 7\MP\Datasets\archive (1)\clean_images\buffalo\jaffarabadi\jaffarabadi_0018.png,buffalo,jaffarabadi,buffalo_jaffarabadi
D:\B.Tech\CE-AI\Sem 7\MP\Datasets\archive (1)\clean_images\buffalo\murrah\murrah_0155.jpg,buffalo,murrah,buffalo_murrah
D:\B.Tech\CE-AI\Sem 7\MP\Datasets\archive (1)\clean_images\buffalo\nili_ravi\nili_ravi_0083.jpg,buffalo,nili_ravi,buffalo_nili_ravi
D:\B.Tech\CE-AI\Sem 7\MP\Datasets\archive (1)\clean_images\cattle\gir\gir_0328.jpg,cattle,gir,cattle_gir
D:\B.Tech\CE-AI\Sem 7\MP\Datasets\archive (1)\clean_images\cattle\holstein-friesian\holstein-friesian_0194.jpg,cattle,holstein-friesian,cattle_holstein-friesian
D:\B.Tech\CE-AI\Sem 7\MP\Datasets\archive (1)\clean_images\buffalo\bargur\bargur_0022.jpg,buffalo,bargur,buffalo_bargur
D:\B.Tech\CE-AI\Sem 7\MP\Datasets\archive (1)\clean_images\cattle\nagori\nagori_0046.jpg,cattle,nagori,cattle_nagori
D:\B.Tech\CE-AI\Sem 7\MP\Datasets\archive (1)\clean_images\buffalo\bargur\bargur_0081.jpg,buffalo,bargur,buffalo_bargur
D:\B.Tech\CE-AI\Sem 7\MP\Datasets\archive (1)\clean_images\cattle\ayrshire\ayrshire_0357.jpg,cattle,ayrshire,cattle_ayrshire
D:\B.Tech\CE-AI\Sem 7\MP\Datasets\archive (1)\clean_images\cattle\holstein-friesian\holstein-friesian_0388.jpg,cattle,holstein-friesian,cattle_holstein-friesian
D:\B.Tech\CE-AI\Sem 7\MP\Datasets\archive (1)\clean_images\cattle\holstein-friesian\holstein-friesian_0200.jpg,cattle,holstein-friesian,cattle_holstein-friesian
D:\B.Tech\CE-AI\Sem 7\MP\Datasets\archive (1)\clean_images\cattle\guernsey\guernsey_0069.jpg,cattle,guernsey,cattle_guernsey
D:\B.Tech\CE-AI\Sem 7\MP\Datasets\archive (1)\clean_images\cattle\ayrshire\ayrshire_0369.jpg,cattle,ayrshire,cattle_ayrshire
D:\B.Tech\CE-AI\Sem 7\MP\Datasets\archive (1)\clean_images\cattle\brown_swiss\brown_swiss_0331.jpg,cattle,brown_swiss,cattle_brown_swiss
D:\B.Tech\CE-AI\Sem 7\MP\Datasets\archive (1)\clean_images\cattle\gir\gir_0526.jpg,cattle,gir,cattle_gir
D:\B.Tech\CE-AI\Sem 7\MP\Datasets\archive (1)\clean_images\cattle\sahiwal\sahiwal_0256.jpg,cattle,sahiwal,cattle_sahiwal
D:\B.Tech\CE-AI\Sem 7\MP\Datasets\archive (1)\clean_images\cattle\deoni\deoni_0214.jpg,cattle,deoni,cattle_deoni
D:\B.Tech\CE-AI\Sem 7\MP\Datasets\archive (1)\clean_images\cattle\gir\gir_0115.jpg,cattle,gir,cattle_gir
D:\B.Tech\CE-AI\Sem 7\MP\Datasets\archive (1)\clean_images\buffalo\nagpuri\nagpuri_0031.png,buffalo,nagpuri,buffalo_nagpuri
D:\B.Tech\CE-AI\Sem 7\MP\Datasets\archive (1)\clean_images\cattle\sahiwal\sahiwal_0455.jpg,cattle,sahiwal,cattle_sahiwal
D:\B.Tech\CE-AI\Sem 7\MP\Datasets\archive (1)\clean_images\cattle\red_dane\red_dane_0057.jpg,cattle,red_dane,cattle_red_dane
D:\B.Tech\CE-AI\Sem 7\MP\Datasets\archive (1)\clean_images\cattle\deoni\deoni_0140.jpg,cattle,deoni,cattle_deoni
D:\B.Tech\CE-AI\Sem 7\MP\Datasets\archive (1)\clean_images\cattle\gir\gir_0107.jpg,cattle,gir,cattle_gir
D:\B.Tech\CE-AI\Sem 7\MP\Datasets\archive (1)\clean_images\buffalo\murrah\murrah_0066.jpg,buffalo,murrah,buffalo_murrah
D:\B.Tech\CE-AI\Sem 7\MP\Datasets\archive (1)\clean_images\buffalo\murrah\murrah_0080.jpg,buffalo,murrah,buffalo_murrah
D:\B.Tech\CE-AI\Sem 7\MP\Datasets\archive (1)\clean_images\cattle\guernsey\guernsey_0209.jpg,cattle,guernsey,cattle_guernsey
D:\B.Tech\CE-AI\Sem 7\MP\Datasets\archive (1)\clean_images\cattle\holstein-friesian\holstein-friesian_0103.jpg,cattle,holstein-friesian,cattle_holstein-friesian
D:\B.Tech\CE-AI\Sem 7\MP\Datasets\archive (1)\clean_images\cattle\amritmahal\amritmahal_0156.png,cattle,amritmahal,cattle_amritmahal
D:\B.Tech\CE-AI\Sem 7\MP\Datasets\archive (1)\clean_images\cattle\jersey\jersey_0084.jpg,cattle,jersey,cattle_jersey
D:\B.Tech\CE-AI\Sem 7\MP\Datasets\archive (1)\clean_images\cattle\hallikar\hallikar_0033.jpg,cattle,hallikar,cattle_hallikar
D:\B.Tech\CE-AI\Sem 7\MP\Datasets\archive (1)\clean_images\cattle\guernsey\guernsey_0005.jpg,cattle,guernsey,cattle_guernsey
D:\B.Tech\CE-AI\Sem 7\MP\Datasets\archive (1)\clean_images\cattle\kenkatha\kenkatha_0064.jpg,cattle,kenkatha,cattle_kenkatha
D:\B.Tech\CE-AI\Sem 7\MP\Datasets\archive (1)\clean_images\cattle\hariana\hariana_0119.jpg,cattle,hariana,cattle_hariana
D:\B.Tech\CE-AI\Sem 7\MP\Datasets\archive (1)\clean_images\cattle\deoni\deoni_0119.jpg,cattle,deoni,cattle_deoni
D:\B.Tech\CE-AI\Sem 7\MP\Datasets\archive (1)\clean_images\cattle\sahiwal\sahiwal_0333.jpg,cattle,sahiwal,cattle_sahiwal
D:\B.Tech\CE-AI\Sem 7\MP\Datasets\archive (1)\clean_images\buffalo\bhadawari\bhadawari_0117.jpg,buffalo,bhadawari,buffalo_bhadawari
D:\B.Tech\CE-AI\Sem 7\MP\Datasets\archive (1)\clean_images\cattle\holstein-friesian\holstein-friesian_0376.jpg,cattle,holstein-friesian,cattle_holstein-friesian
D:\B.Tech\CE-AI\Sem 7\MP\Datasets\archive (1)\clean_images\cattle\gir\gir_0404.jpg,cattle,gir,cattle_gir
D:\B.Tech\CE-AI\Sem 7\MP\Datasets\archive (1)\clean_images\buffalo\alambadi\alambadi_0136.png,buffalo,alambadi,buffalo_alambadi
D:\B.Tech\CE-AI\Sem 7\MP\Datasets\archive (1)\clean_images\cattle\red_sindhi\red_sindhi_0111.jpg,cattle,red_sindhi,cattle_red_sindhi
D:\B.Tech\CE-AI\Sem 7\MP\Datasets\archive (1)\clean_images\cattle\pulikulam\pulikulam_0094.jpg,cattle,pulikulam,cattle_pulikulam
D:\B.Tech\CE-AI\Sem 7\MP\Datasets\archive (1)\clean_images\cattle\rathi\rathi_0087.jpg,cattle,rathi,cattle_rathi
D:\B.Tech\CE-AI\Sem 7\MP\Datasets\archive (1)\clean_images\cattle\red_sindhi\red_sindhi_0070.png,cattle,red_sindhi,cattle_red_sindhi
D:\B.Tech\CE-AI\Sem 7\MP\Datasets\archive (1)\clean_images\buffalo\banni\banni_0101.jpg,buffalo,banni,buffalo_banni
D:\B.Tech\CE-AI\Sem 7\MP\Datasets\archive (1)\clean_images\cattle\hallikar\hallikar_0120.jpg,cattle,hallikar,cattle_hallikar
D:\B.Tech\CE-AI\Sem 7\MP\Datasets\archive (1)\clean_images\cattle\holstein-friesian\holstein-friesian_0381.jpg,cattle,holstein-friesian,cattle_holstein-friesian
D:\B.Tech\CE-AI\Sem 7\MP\Datasets\archive (1)\clean_images\cattle\gir\gir_0348.jpg,cattle,gir,cattle_gir
D:\B.Tech\CE-AI\Sem 7\MP\Datasets\archive (1)\clean_images\cattle\gir\gir_0572.jpg,cattle,gir,cattle_gir
D:\B.Tech\CE-AI\Sem 7\MP\Datasets\archive (1)\clean_images\buffalo\bargur\bargur_0013.jpg,buffalo,bargur,buffalo_bargur
D:\B.Tech\CE-AI\Sem 7\MP\Datasets\archive (1)\clean_images\cattle\brown_swiss\brown_swiss_0267.jpg,cattle,brown_swiss,cattle_brown_swiss
D:\B.Tech\CE-AI\Sem 7\MP\Datasets\archive (1)\clean_images\cattle\brown_swiss\brown_swiss_0410.jpg,cattle,brown_swiss,cattle_brown_swiss
D:\B.Tech\CE-AI\Sem 7\MP\Datasets\archive (1)\clean_images\cattle\umblachery\umblachery_0031.png,cattle,umblachery,cattle_umblachery
D:\B.Tech\CE-AI\Sem 7\MP\Datasets\archive (1)\clean_images\cattle\ongole\ongole_0119.jpg,cattle,ongole,cattle_ongole
D:\B.Tech\CE-AI\Sem 7\MP\Datasets\archive (1)\clean_images\cattle\krishna_valley\krishna_valley_0135.jpg,cattle,krishna_valley,cattle_krishna_valley
D:\B.Tech\CE-AI\Sem 7\MP\Datasets\archive (1)\clean_images\cattle\holstein-friesian\holstein-friesian_0221.jpg,cattle,holstein-friesian,cattle_holstein-friesian
D:\B.Tech\CE-AI\Sem 7\MP\Datasets\archive (1)\clean_images\cattle\ayrshire\ayrshire_0157.jpg,cattle,ayrshire,cattle_ayrshire
D:\B.Tech\CE-AI\Sem 7\MP\Datasets\archive (1)\clean_images\buffalo\nagpuri\nagpuri_0131.jpg,buffalo,nagpuri,buffalo_nagpuri
D:\B.Tech\CE-AI\Sem 7\MP\Datasets\archive (1)\clean_images\cattle\kenkatha\kenkatha_0040.jpg,cattle,kenkatha,cattle_kenkatha
D:\B.Tech\CE-AI\Sem 7\MP\Datasets\archive (1)\clean_images\cattle\red_sindhi\red_sindhi_0131.jpg,cattle,red_sindhi,cattle_red_sindhi
D:\B.Tech\CE-AI\Sem 7\MP\Datasets\archive (1)\clean_images\cattle\tharparkar\tharparkar_0040.jpg,cattle,tharparkar,cattle_tharparkar
D:\B.Tech\CE-AI\Sem 7\MP\Datasets\archive (1)\clean_images\cattle\gir\gir_0590.jpg,cattle,gir,cattle_gir
D:\B.Tech\CE-AI\Sem 7\MP\Datasets\archive (1)\clean_images\cattle\pulikulam\pulikulam_0018.jpg,cattle,pulikulam,cattle_pulikulam
D:\B.Tech\CE-AI\Sem 7\MP\Datasets\archive (1)\clean_images\cattle\sahiwal\sahiwal_0241.jpg,cattle,sahiwal,cattle_sahiwal
D:\B.Tech\CE-AI\Sem 7\MP\Datasets\archive (1)\clean_images\cattle\jersey\jersey_0195.jpg,cattle,jersey,cattle_jersey
D:\B.Tech\CE-AI\Sem 7\MP\Datasets\archive (1)\clean_images\cattle\red_sindhi\red_sindhi_0030.png,cattle,red_sindhi,cattle_red_sindhi
D:\B.Tech\CE-AI\Sem 7\MP\Datasets\archive (1)\clean_images\cattle\nimari\nimari_0004.jpg,cattle,nimari,cattle_nimari
D:\B.Tech\CE-AI\Sem 7\MP\Datasets\archive (1)\clean_images\cattle\ayrshire\ayrshire_0651.jpg,cattle,ayrshire,cattle_ayrshire
D:\B.Tech\CE-AI\Sem 7\MP\Datasets\archive (1)\clean_images\cattle\holstein-friesian\holstein-friesian_0219.jpg,cattle,holstein-friesian,cattle_holstein-friesian
D:\B.Tech\CE-AI\Sem 7\MP\Datasets\archive (1)\clean_images\cattle\hallikar\hallikar_0134.jpg,cattle,hallikar,cattle_hallikar
D:\B.Tech\CE-AI\Sem 7\MP\Datasets\archive (1)\clean_images\cattle\jersey\jersey_0073.jpg,cattle,jersey,cattle_jersey
D:\B.Tech\CE-AI\Sem 7\MP\Datasets\archive (1)\clean_images\buffalo\nagpuri\nagpuri_0084.png,buffalo,nagpuri,buffalo_nagpuri
D:\B.Tech\CE-AI\Sem 7\MP\Datasets\archive (1)\clean_images\cattle\ongole\ongole_0150.png,cattle,ongole,cattle_ongole
D:\B.Tech\CE-AI\Sem 7\MP\Datasets\archive (1)\clean_images\cattle\holstein-friesian\holstein-friesian_0526.jpg,cattle,holstein-friesian,cattle_holstein-friesian
D:\B.Tech\CE-AI\Sem 7\MP\Datasets\archive (1)\clean_images\cattle\ayrshire\ayrshire_0149.jpg,cattle,ayrshire,cattle_ayrshire
D:\B.Tech\CE-AI\Sem 7\MP\Datasets\archive (1)\clean_images\cattle\nagori\nagori_0079.png,cattle,nagori,cattle_nagori
D:\B.Tech\CE-AI\Sem 7\MP\Datasets\archive (1)\clean_images\buffalo\banni\banni_0063.jpg,buffalo,banni,buffalo_banni
D:\B.Tech\CE-AI\Sem 7\MP\Datasets\archive (1)\clean_images\cattle\hariana\hariana_0132.png,cattle,hariana,cattle_hariana
D:\B.Tech\CE-AI\Sem 7\MP\Datasets\archive (1)\clean_images\cattle\red_dane\red_dane_0023.jpg,cattle,red_dane,cattle_red_dane
D:\B.Tech\CE-AI\Sem 7\MP\Datasets\archive (1)\clean_images\buffalo\jaffarabadi\jaffarabadi_0044.png,buffalo,jaffarabadi,buffalo_jaffarabadi
D:\B.Tech\CE-AI\Sem 7\MP\Datasets\archive (1)\clean_images\cattle\pulikulam\pulikulam_0006.jpg,cattle,pulikulam,cattle_pulikulam
D:\B.Tech\CE-AI\Sem 7\MP\Datasets\archive (1)\clean_images\cattle\sahiwal\sahiwal_0383.jpg,cattle,sahiwal,cattle_sahiwal
D:\B.Tech\CE-AI\Sem 7\MP\Datasets\archive (1)\clean_images\buffalo\alambadi\alambadi_0037.jpg,buffalo,alambadi,buffalo_alambadi
D:\B.Tech\CE-AI\Sem 7\MP\Datasets\archive (1)\clean_images\cattle\holstein-friesian\holstein-friesian_0051.jpg,cattle,holstein-friesian,cattle_holstein-friesian
D:\B.Tech\CE-AI\Sem 7\MP\Datasets\archive (1)\clean_images\cattle\holstein-friesian\holstein-friesian_0185.jpg,cattle,holstein-friesian,cattle_holstein-friesian
D:\B.Tech\CE-AI\Sem 7\MP\Datasets\archive (1)\clean_images\buffalo\bargur\bargur_0080.jpg,buffalo,bargur,buffalo_bargur
D:\B.Tech\CE-AI\Sem 7\MP\Datasets\archive (1)\clean_images\cattle\sahiwal\sahiwal_0432.jpg,cattle,sahiwal,cattle_sahiwal
D:\B.Tech\CE-AI\Sem 7\MP\Datasets\archive (1)\clean_images\buffalo\murrah\murrah_0085.jpg,buffalo,murrah,buffalo_murrah
D:\B.Tech\CE-AI\Sem 7\MP\Datasets\archive (1)\clean_images\cattle\khillar\khillar_0051.png,cattle,khillar,cattle_khillar
D:\B.Tech\CE-AI\Sem 7\MP\Datasets\archive (1)\clean_images\buffalo\bhadawari\bhadawari_0098.jpg,buffalo,bhadawari,buffalo_bhadawari
D:\B.Tech\CE-AI\Sem 7\MP\Datasets\archive (1)\clean_images\cattle\red_dane\red_dane_0075.jpg,cattle,red_dane,cattle_red_dane
D:\B.Tech\CE-AI\Sem 7\MP\Datasets\archive (1)\clean_images\cattle\guernsey\guernsey_0143.jpg,cattle,guernsey,cattle_guernsey
D:\B.Tech\CE-AI\Sem 7\MP\Datasets\archive (1)\clean_images\buffalo\murrah\murrah_0117.jpg,buffalo,murrah,buffalo_murrah
D:\B.Tech\CE-AI\Sem 7\MP\Datasets\archive (1)\clean_images\cattle\gir\gir_0054.jpg,cattle,gir,cattle_gir
D:\B.Tech\CE-AI\Sem 7\MP\Datasets\archive (1)\clean_images\cattle\bargur\bargur_0036.jpg,cattle,bargur,cattle_bargur
D:\B.Tech\CE-AI\Sem 7\MP\Datasets\archive (1)\clean_images\cattle\ayrshire\ayrshire_0716.jpg,cattle,ayrshire,cattle_ayrshire
D:\B.Tech\CE-AI\Sem 7\MP\Datasets\archive (1)\clean_images\cattle\krishna_valley\krishna_valley_0005.jpg,cattle,krishna_valley,cattle_krishna_valley
D:\B.Tech\CE-AI\Sem 7\MP\Datasets\archive (1)\clean_images\cattle\ayrshire\ayrshire_0112.jpg,cattle,ayrshire,cattle_ayrshire
D:\B.Tech\CE-AI\Sem 7\MP\Datasets\archive (1)\clean_images\buffalo\surti\surti_0009.jpg,buffalo,surti,buffalo_surti
D:\B.Tech\CE-AI\Sem 7\MP\Datasets\archive (1)\clean_images\buffalo\jaffarabadi\jaffarabadi_0088.png,buffalo,jaffarabadi,buffalo_jaffarabadi
D:\B.Tech\CE-AI\Sem 7\MP\Datasets\archive (1)\clean_images\buffalo\banni\banni_0078.jpg,buffalo,banni,buffalo_banni
D:\B.Tech\CE-AI\Sem 7\MP\Datasets\archive (1)\clean_images\buffalo\banni\banni_0027.jpg,buffalo,banni,buffalo_banni
D:\B.Tech\CE-AI\Sem 7\MP\Datasets\archive (1)\clean_images\cattle\kankrej\kankrej_0045.jpg,cattle,kankrej,cattle_kankrej
D:\B.Tech\CE-AI\Sem 7\MP\Datasets\archive (1)\clean_images\cattle\bargur\bargur_0025.jpg,cattle,bargur,cattle_bargur
D:\B.Tech\CE-AI\Sem 7\MP\Datasets\archive (1)\clean_images\cattle\holstein-friesian\holstein-friesian_0427.jpg,cattle,holstein-friesian,cattle_holstein-friesian
D:\B.Tech\CE-AI\Sem 7\MP\Datasets\archive (1)\clean_images\cattle\krishna_valley\krishna_valley_0062.jpg,cattle,krishna_valley,cattle_krishna_valley
D:\B.Tech\CE-AI\Sem 7\MP\Datasets\archive (1)\clean_images\cattle\ongole\ongole_0099.jpg,cattle,ongole,cattle_ongole
D:\B.Tech\CE-AI\Sem 7\MP\Datasets\archive (1)\clean_images\cattle\deoni\deoni_0059.jpg,cattle,deoni,cattle_deoni
D:\B.Tech\CE-AI\Sem 7\MP\Datasets\archive (1)\clean_images\cattle\deoni\deoni_0025.jpg,cattle,deoni,cattle_deoni
D:\B.Tech\CE-AI\Sem 7\MP\Datasets\archive (1)\clean_images\cattle\dangi\dangi_0006.jpg,cattle,dangi,cattle_dangi
D:\B.Tech\CE-AI\Sem 7\MP\Datasets\archive (1)\clean_images\cattle\kankrej\kankrej_0131.png,cattle,kankrej,cattle_kankrej
D:\B.Tech\CE-AI\Sem 7\MP\Datasets\archive (1)\clean_images\buffalo\surti\surti_0065.gif,buffalo,surti,buffalo_surti
D:\B.Tech\CE-AI\Sem 7\MP\Datasets\archive (1)\clean_images\cattle\holstein-friesian\holstein-friesian_0499.jpg,cattle,holstein-friesian,cattle_holstein-friesian
D:\B.Tech\CE-AI\Sem 7\MP\Datasets\archive (1)\clean_images\cattle\vechur\vechur_0039.jpg,cattle,vechur,cattle_vechur
D:\B.Tech\CE-AI\Sem 7\MP\Datasets\archive (1)\clean_images\cattle\deoni\deoni_0197.jpg,cattle,deoni,cattle_deoni
D:\B.Tech\CE-AI\Sem 7\MP\Datasets\archive (1)\clean_images\buffalo\alambadi\alambadi_0065.jpg,buffalo,alambadi,buffalo_alambadi
D:\B.Tech\CE-AI\Sem 7\MP\Datasets\archive (1)\clean_images\cattle\gir\gir_0108.jpg,cattle,gir,cattle_gir
D:\B.Tech\CE-AI\Sem 7\MP\Datasets\archive (1)\clean_images\buffalo\bhadawari\bhadawari_0103.jpg,buffalo,bhadawari,buffalo_bhadawari
D:\B.Tech\CE-AI\Sem 7\MP\Datasets\archive (1)\clean_images\cattle\khillar\khillar_0102.jpg,cattle,khillar,cattle_khillar
D:\B.Tech\CE-AI\Sem 7\MP\Datasets\archive (1)\clean_images\buffalo\nili_ravi\nili_ravi_0098.jpg,buffalo,nili_ravi,buffalo_nili_ravi
D:\B.Tech\CE-AI\Sem 7\MP\Datasets\archive (1)\clean_images\cattle\ayrshire\ayrshire_0330.jpg,cattle,ayrshire,cattle_ayrshire
D:\B.Tech\CE-AI\Sem 7\MP\Datasets\archive (1)\clean_images\cattle\krishna_valley\krishna_valley_0030.jpg,cattle,krishna_valley,cattle_krishna_valley
D:\B.Tech\CE-AI\Sem 7\MP\Datasets\archive (1)\clean_images\cattle\jersey\jersey_0077.jpg,cattle,jersey,cattle_jersey
D:\B.Tech\CE-AI\Sem 7\MP\Datasets\archive (1)\clean_images\cattle\kangayam\kangayam_0039.jpg,cattle,kangayam,cattle_kangayam
D:\B.Tech\CE-AI\Sem 7\MP\Datasets\archive (1)\clean_images\cattle\ongole\ongole_0112.jpg,cattle,ongole,cattle_ongole
D:\B.Tech\CE-AI\Sem 7\MP\Datasets\archive (1)\clean_images\cattle\gir\gir_0152.jpg,cattle,gir,cattle_gir
D:\B.Tech\CE-AI\Sem 7\MP\Datasets\archive (1)\clean_images\cattle\amritmahal\amritmahal_0083.jpg,cattle,amritmahal,cattle_amritmahal
D:\B.Tech\CE-AI\Sem 7\MP\Datasets\archive (1)\clean_images\buffalo\jaffarabadi\jaffarabadi_0020.gif,buffalo,jaffarabadi,buffalo_jaffarabadi
D:\B.Tech\CE-AI\Sem 7\MP\Datasets\archive (1)\clean_images\cattle\holstein-friesian\holstein-friesian_0445.jpg,cattle,holstein-friesian,cattle_holstein-friesian
D:\B.Tech\CE-AI\Sem 7\MP\Datasets\archive (1)\clean_images\buffalo\nagpuri\nagpuri_0119.jpg,buffalo,nagpuri,buffalo_nagpuri
D:\B.Tech\CE-AI\Sem 7\MP\Datasets\archive (1)\clean_images\cattle\khillar\khillar_0074.jpg,cattle,khillar,cattle_khillar
D:\B.Tech\CE-AI\Sem 7\MP\Datasets\archive (1)\clean_images\cattle\hallikar\hallikar_0104.jpg,cattle,hallikar,cattle_hallikar
D:\B.Tech\CE-AI\Sem 7\MP\Datasets\archive (1)\clean_images\cattle\gir\gir_0283.jpg,cattle,gir,cattle_gir
D:\B.Tech\CE-AI\Sem 7\MP\Datasets\archive (1)\clean_images\cattle\amritmahal\amritmahal_0096.jpg,cattle,amritmahal,cattle_amritmahal
D:\B.Tech\CE-AI\Sem 7\MP\Datasets\archive (1)\clean_images\cattle\brown_swiss\brown_swiss_0051.jpg,cattle,brown_swiss,cattle_brown_swiss
D:\B.Tech\CE-AI\Sem 7\MP\Datasets\archive (1)\clean_images\cattle\kankrej\kankrej_0036.jpg,cattle,kankrej,cattle_kankrej
D:\B.Tech\CE-AI\Sem 7\MP\Datasets\archive (1)\clean_images\cattle\tharparkar\tharparkar_0099.png,cattle,tharparkar,cattle_tharparkar
D:\B.Tech\CE-AI\Sem 7\MP\Datasets\archive (1)\clean_images\cattle\kankrej\kankrej_0052.jpg,cattle,kankrej,cattle_kankrej
D:\B.Tech\CE-AI\Sem 7\MP\Datasets\archive (1)\clean_images\cattle\ongole\ongole_0183.png,cattle,ongole,cattle_ongole
D:\B.Tech\CE-AI\Sem 7\MP\Datasets\archive (1)\clean_images\cattle\ayrshire\ayrshire_0260.jpg,cattle,ayrshire,cattle_ayrshire
D:\B.Tech\CE-AI\Sem 7\MP\Datasets\archive (1)\clean_images\cattle\red_dane\red_dane_0064.jpg,cattle,red_dane,cattle_red_dane
D:\B.Tech\CE-AI\Sem 7\MP\Datasets\archive (1)\clean_images\cattle\brown_swiss\brown_swiss_0053.jpg,cattle,brown_swiss,cattle_brown_swiss
D:\B.Tech\CE-AI\Sem 7\MP\Datasets\archive (1)\clean_images\cattle\ayrshire\ayrshire_0160.jpg,cattle,ayrshire,cattle_ayrshire
D:\B.Tech\CE-AI\Sem 7\MP\Datasets\archive (1)\clean_images\cattle\sahiwal\sahiwal_0305.jpg,cattle,sahiwal,cattle_sahiwal
D:\B.Tech\CE-AI\Sem 7\MP\Datasets\archive (1)\clean_images\cattle\jersey\jersey_0030.jpg,cattle,jersey,cattle_jersey
D:\B.Tech\CE-AI\Sem 7\MP\Datasets\archive (1)\clean_images\cattle\sahiwal\sahiwal_0260.jpg,cattle,sahiwal,cattle_sahiwal
D:\B.Tech\CE-AI\Sem 7\MP\Datasets\archive (1)\clean_images\cattle\hallikar\hallikar_0146.jpg,cattle,hallikar,cattle_hallikar
D:\B.Tech\CE-AI\Sem 7\MP\Datasets\archive (1)\clean_images\cattle\gir\gir_0275.jpg,cattle,gir,cattle_gir
D:\B.Tech\CE-AI\Sem 7\MP\Datasets\archive (1)\clean_images\cattle\brown_swiss\brown_swiss_0001.jpg,cattle,brown_swiss,cattle_brown_swiss
D:\B.Tech\CE-AI\Sem 7\MP\Datasets\archive (1)\clean_images\buffalo\mehsana\mehsana_0035.png,buffalo,mehsana,buffalo_mehsana
D:\B.Tech\CE-AI\Sem 7\MP\Datasets\archive (1)\clean_images\buffalo\bhadawari\bhadawari_0119.jpg,buffalo,bhadawari,buffalo_bhadawari
D:\B.Tech\CE-AI\Sem 7\MP\Datasets\archive (1)\clean_images\cattle\vechur\vechur_0060.jpg,cattle,vechur,cattle_vechur
D:\B.Tech\CE-AI\Sem 7\MP\Datasets\archive (1)\clean_images\cattle\amritmahal\amritmahal_0004.jpg,cattle,amritmahal,cattle_amritmahal
D:\B.Tech\CE-AI\Sem 7\MP\Datasets\archive (1)\clean_images\cattle\nagori\nagori_0001.jpg,cattle,nagori,cattle_nagori
D:\B.Tech\CE-AI\Sem 7\MP\Datasets\archive (1)\clean_images\cattle\brown_swiss\brown_swiss_0339.jpg,cattle,brown_swiss,cattle_brown_swiss
D:\B.Tech\CE-AI\Sem 7\MP\Datasets\archive (1)\clean_images\buffalo\murrah\murrah_0150.jpg,buffalo,murrah,buffalo_murrah
D:\B.Tech\CE-AI\Sem 7\MP\Datasets\archive (1)\clean_images\cattle\bargur\bargur_0011.png,cattle,bargur,cattle_bargur
D:\B.Tech\CE-AI\Sem 7\MP\Datasets\archive (1)\clean_images\cattle\tharparkar\tharparkar_0228.jpg,cattle,tharparkar,cattle_tharparkar
D:\B.Tech\CE-AI\Sem 7\MP\Datasets\archive (1)\clean_images\buffalo\banni\banni_0008.jpg,buffalo,banni,buffalo_banni
D:\B.Tech\CE-AI\Sem 7\MP\Datasets\archive (1)\clean_images\cattle\dangi\dangi_0098.png,cattle,dangi,cattle_dangi
D:\B.Tech\CE-AI\Sem 7\MP\Datasets\archive (1)\clean_images\cattle\holstein-friesian\holstein-friesian_0308.jpg,cattle,holstein-friesian,cattle_holstein-friesian
D:\B.Tech\CE-AI\Sem 7\MP\Datasets\archive (1)\clean_images\buffalo\bargur\bargur_0120.jpg,buffalo,bargur,buffalo_bargur
D:\B.Tech\CE-AI\Sem 7\MP\Datasets\archive (1)\clean_images\cattle\holstein-friesian\holstein-friesian_0449.jpg,cattle,holstein-friesian,cattle_holstein-friesian
D:\B.Tech\CE-AI\Sem 7\MP\Datasets\archive (1)\clean_images\cattle\nagori\nagori_0047.jpg,cattle,nagori,cattle_nagori
D:\B.Tech\CE-AI\Sem 7\MP\Datasets\archive (1)\clean_images\cattle\hallikar\hallikar_0076.jpg,cattle,hallikar,cattle_hallikar
D:\B.Tech\CE-AI\Sem 7\MP\Datasets\archive (1)\clean_images\cattle\ayrshire\ayrshire_0197.jpg,cattle,ayrshire,cattle_ayrshire
D:\B.Tech\CE-AI\Sem 7\MP\Datasets\archive (1)\clean_images\cattle\sahiwal\sahiwal_0056.jpg,cattle,sahiwal,cattle_sahiwal
D:\B.Tech\CE-AI\Sem 7\MP\Datasets\archive (1)\clean_images\cattle\brown_swiss\brown_swiss_0218.jpg,cattle,brown_swiss,cattle_brown_swiss
D:\B.Tech\CE-AI\Sem 7\MP\Datasets\archive (1)\clean_images\cattle\sahiwal\sahiwal_0440.png,cattle,sahiwal,cattle_sahiwal
D:\B.Tech\CE-AI\Sem 7\MP\Datasets\archive (1)\clean_images\cattle\malnad_gidda\malnad_gidda_0035.png,cattle,malnad_gidda,cattle_malnad_gidda
D:\B.Tech\CE-AI\Sem 7\MP\Datasets\archive (1)\clean_images\cattle\dangi\dangi_0065.jpg,cattle,dangi,cattle_dangi
D:\B.Tech\CE-AI\Sem 7\MP\Datasets\archive (1)\clean_images\cattle\red_dane\red_dane_0109.jpg,cattle,red_dane,cattle_red_dane
D:\B.Tech\CE-AI\Sem 7\MP\Datasets\archive (1)\clean_images\cattle\kankrej\kankrej_0110.jpg,cattle,kankrej,cattle_kankrej
D:\B.Tech\CE-AI\Sem 7\MP\Datasets\archive (1)\clean_images\cattle\brown_swiss\brown_swiss_0148.jpg,cattle,brown_swiss,cattle_brown_swiss
D:\B.Tech\CE-AI\Sem 7\MP\Datasets\archive (1)\clean_images\cattle\rathi\rathi_0105.jpg,cattle,rathi,cattle_rathi
D:\B.Tech\CE-AI\Sem 7\MP\Datasets\archive (1)\clean_images\buffalo\bargur\bargur_0103.jpg,buffalo,bargur,buffalo_bargur
D:\B.Tech\CE-AI\Sem 7\MP\Datasets\archive (1)\clean_images\cattle\gir\gir_0132.jpg,cattle,gir,cattle_gir
D:\B.Tech\CE-AI\Sem 7\MP\Datasets\archive (1)\clean_images\cattle\guernsey\guernsey_0072.jpg,cattle,guernsey,cattle_guernsey
D:\B.Tech\CE-AI\Sem 7\MP\Datasets\archive (1)\clean_images\cattle\kankrej\kankrej_0172.jpg,cattle,kankrej,cattle_kankrej
D:\B.Tech\CE-AI\Sem 7\MP\Datasets\archive (1)\clean_images\cattle\brown_swiss\brown_swiss_0092.jpg,cattle,brown_swiss,cattle_brown_swiss
D:\B.Tech\CE-AI\Sem 7\MP\Datasets\archive (1)\clean_images\cattle\brown_swiss\brown_swiss_0147.jpg,cattle,brown_swiss,cattle_brown_swiss
D:\B.Tech\CE-AI\Sem 7\MP\Datasets\archive (1)\clean_images\cattle\guernsey\guernsey_0142.jpg,cattle,guernsey,cattle_guernsey
D:\B.Tech\CE-AI\Sem 7\MP\Datasets\archive (1)\clean_images\cattle\kenkatha\kenkatha_0029.jpg,cattle,kenkatha,cattle_kenkatha
D:\B.Tech\CE-AI\Sem 7\MP\Datasets\archive (1)\clean_images\cattle\gir\gir_0345.jpg,cattle,gir,cattle_gir
D:\B.Tech\CE-AI\Sem 7\MP\Datasets\archive (1)\clean_images\cattle\ayrshire\ayrshire_0139.jpg,cattle,ayrshire,cattle_ayrshire
D:\B.Tech\CE-AI\Sem 7\MP\Datasets\archive (1)\clean_images\cattle\gir\gir_0062.jpg,cattle,gir,cattle_gir
D:\B.Tech\CE-AI\Sem 7\MP\Datasets\archive (1)\clean_images\cattle\krishna_valley\krishna_valley_0130.jpg,cattle,krishna_valley,cattle_krishna_valley
D:\B.Tech\CE-AI\Sem 7\MP\Datasets\archive (1)\clean_images\cattle\vechur\vechur_0016.jpg,cattle,vechur,cattle_vechur
D:\B.Tech\CE-AI\Sem 7\MP\Datasets\archive (1)\clean_images\buffalo\banni\banni_0006.jpg,buffalo,banni,buffalo_banni
D:\B.Tech\CE-AI\Sem 7\MP\Datasets\archive (1)\clean_images\buffalo\nagpuri\nagpuri_0083.png,buffalo,nagpuri,buffalo_nagpuri
D:\B.Tech\CE-AI\Sem 7\MP\Datasets\archive (1)\clean_images\cattle\kangayam\kangayam_0067.jpg,cattle,kangayam,cattle_kangayam
D:\B.Tech\CE-AI\Sem 7\MP\Datasets\archive (1)\clean_images\buffalo\nagpuri\nagpuri_0124.jpg,buffalo,nagpuri,buffalo_nagpuri
D:\B.Tech\CE-AI\Sem 7\MP\Datasets\archive (1)\clean_images\cattle\kankrej\kankrej_0088.jpg,cattle,kankrej,cattle_kankrej
D:\B.Tech\CE-AI\Sem 7\MP\Datasets\archive (1)\clean_images\cattle\dangi\dangi_0095.png,cattle,dangi,cattle_dangi
D:\B.Tech\CE-AI\Sem 7\MP\Datasets\archive (1)\clean_images\cattle\guernsey\guernsey_0085.jpg,cattle,guernsey,cattle_guernsey
D:\B.Tech\CE-AI\Sem 7\MP\Datasets\archive (1)\clean_images\cattle\kankrej\kankrej_0146.jpg,cattle,kankrej,cattle_kankrej
D:\B.Tech\CE-AI\Sem 7\MP\Datasets\archive (1)\clean_images\cattle\holstein-friesian\holstein-friesian_0300.jpg,cattle,holstein-friesian,cattle_holstein-friesian
D:\B.Tech\CE-AI\Sem 7\MP\Datasets\archive (1)\clean_images\cattle\gir\gir_0333.jpg,cattle,gir,cattle_gir
D:\B.Tech\CE-AI\Sem 7\MP\Datasets\archive (1)\clean_images\cattle\guernsey\guernsey_0221.jpg,cattle,guernsey,cattle_guernsey
D:\B.Tech\CE-AI\Sem 7\MP\Datasets\archive (1)\clean_images\cattle\gir\gir_0078.jpg,cattle,gir,cattle_gir
D:\B.Tech\CE-AI\Sem 7\MP\Datasets\archive (1)\clean_images\buffalo\jaffarabadi\jaffarabadi_0042.png,buffalo,jaffarabadi,buffalo_jaffarabadi
D:\B.Tech\CE-AI\Sem 7\MP\Datasets\archive (1)\clean_images\cattle\amritmahal\amritmahal_0203.jpg,cattle,amritmahal,cattle_amritmahal
D:\B.Tech\CE-AI\Sem 7\MP\Datasets\archive (1)\clean_images\cattle\umblachery\umblachery_0036.png,cattle,umblachery,cattle_umblachery
D:\B.Tech\CE-AI\Sem 7\MP\Datasets\archive (1)\clean_images\cattle\krishna_valley\krishna_valley_0108.jpg,cattle,krishna_valley,cattle_krishna_valley
D:\B.Tech\CE-AI\Sem 7\MP\Datasets\archive (1)\clean_images\cattle\ayrshire\ayrshire_0323.jpg,cattle,ayrshire,cattle_ayrshire
D:\B.Tech\CE-AI\Sem 7\MP\Datasets\archive (1)\clean_images\cattle\umblachery\umblachery_0072.png,cattle,umblachery,cattle_umblachery
D:\B.Tech\CE-AI\Sem 7\MP\Datasets\archive (1)\clean_images\cattle\holstein-friesian\holstein-friesian_0196.jpg,cattle,holstein-friesian,cattle_holstein-friesian
D:\B.Tech\CE-AI\Sem 7\MP\Datasets\archive (1)\clean_images\cattle\guernsey\guernsey_0034.jpg,cattle,guernsey,cattle_guernsey
D:\B.Tech\CE-AI\Sem 7\MP\Datasets\archive (1)\clean_images\cattle\khillar\khillar_0030.png,cattle,khillar,cattle_khillar
D:\B.Tech\CE-AI\Sem 7\MP\Datasets\archive (1)\clean_images\cattle\brown_swiss\brown_swiss_0217.jpg,cattle,brown_swiss,cattle_brown_swiss
D:\B.Tech\CE-AI\Sem 7\MP\Datasets\archive (1)\clean_images\cattle\hallikar\hallikar_0143.jpg,cattle,hallikar,cattle_hallikar
D:\B.Tech\CE-AI\Sem 7\MP\Datasets\archive (1)\clean_images\cattle\sahiwal\sahiwal_0259.jpg,cattle,sahiwal,cattle_sahiwal
D:\B.Tech\CE-AI\Sem 7\MP\Datasets\archive (1)\clean_images\cattle\ayrshire\ayrshire_0385.jpg,cattle,ayrshire,cattle_ayrshire
D:\B.Tech\CE-AI\Sem 7\MP\Datasets\archive (1)\clean_images\cattle\gir\gir_0270.jpg,cattle,gir,cattle_gir
D:\B.Tech\CE-AI\Sem 7\MP\Datasets\archive (1)\clean_images\cattle\amritmahal\amritmahal_0055.jpg,cattle,amritmahal,cattle_amritmahal
D:\B.Tech\CE-AI\Sem 7\MP\Datasets\archive (1)\clean_images\cattle\sahiwal\sahiwal_0371.jpg,cattle,sahiwal,cattle_sahiwal
D:\B.Tech\CE-AI\Sem 7\MP\Datasets\archive (1)\clean_images\cattle\nimari\nimari_0066.png,cattle,nimari,cattle_nimari
D:\B.Tech\CE-AI\Sem 7\MP\Datasets\archive (1)\clean_images\buffalo\nili_ravi\nili_ravi_0017.jpg,buffalo,nili_ravi,buffalo_nili_ravi
D:\B.Tech\CE-AI\Sem 7\MP\Datasets\archive (1)\clean_images\cattle\hallikar\hallikar_0208.jpg,cattle,hallikar,cattle_hallikar
D:\B.Tech\CE-AI\Sem 7\MP\Datasets\archive (1)\clean_images\cattle\kangayam\kangayam_0041.jpg,cattle,kangayam,cattle_kangayam
D:\B.Tech\CE-AI\Sem 7\MP\Datasets\archive (1)\clean_images\cattle\nimari\nimari_0060.jpg,cattle,nimari,cattle_nimari
D:\B.Tech\CE-AI\Sem 7\MP\Datasets\archive (1)\clean_images\cattle\vechur\vechur_0070.jpg,cattle,vechur,cattle_vechur
D:\B.Tech\CE-AI\Sem 7\MP\Datasets\archive (1)\clean_images\cattle\ayrshire\ayrshire_0577.jpg,cattle,ayrshire,cattle_ayrshire
D:\B.Tech\CE-AI\Sem 7\MP\Datasets\archive (1)\clean_images\cattle\gir\gir_0710.jpg,cattle,gir,cattle_gir
D:\B.Tech\CE-AI\Sem 7\MP\Datasets\archive (1)\clean_images\buffalo\alambadi\alambadi_0082.jpg,buffalo,alambadi,buffalo_alambadi
D:\B.Tech\CE-AI\Sem 7\MP\Datasets\archive (1)\clean_images\cattle\jersey\jersey_0085.jpg,cattle,jersey,cattle_jersey
D:\B.Tech\CE-AI\Sem 7\MP\Datasets\archive (1)\clean_images\buffalo\nagpuri\nagpuri_0087.jpg,buffalo,nagpuri,buffalo_nagpuri
D:\B.Tech\CE-AI\Sem 7\MP\Datasets\archive (1)\clean_images\cattle\dangi\dangi_0056.jpg,cattle,dangi,cattle_dangi
D:\B.Tech\CE-AI\Sem 7\MP\Datasets\archive (1)\clean_images\cattle\guernsey\guernsey_0048.jpg,cattle,guernsey,cattle_guernsey
D:\B.Tech\CE-AI\Sem 7\MP\Datasets\archive (1)\clean_images\buffalo\banni\banni_0108.jpg,buffalo,banni,buffalo_banni
D:\B.Tech\CE-AI\Sem 7\MP\Datasets\archive (1)\clean_images\cattle\malnad_gidda\malnad_gidda_0055.jpg,cattle,malnad_gidda,cattle_malnad_gidda
D:\B.Tech\CE-AI\Sem 7\MP\Datasets\archive (1)\clean_images\buffalo\nagpuri\nagpuri_0181.jpg,buffalo,nagpuri,buffalo_nagpuri
D:\B.Tech\CE-AI\Sem 7\MP\Datasets\archive (1)\clean_images\buffalo\nagpuri\nagpuri_0094.jpg,buffalo,nagpuri,buffalo_nagpuri
D:\B.Tech\CE-AI\Sem 7\MP\Datasets\archive (1)\clean_images\cattle\gir\gir_0272.jpg,cattle,gir,cattle_gir
D:\B.Tech\CE-AI\Sem 7\MP\Datasets\archive (1)\clean_images\cattle\gir\gir_0632.png,cattle,gir,cattle_gir
D:\B.Tech\CE-AI\Sem 7\MP\Datasets\archive (1)\clean_images\buffalo\bhadawari\bhadawari_0123.jpg,buffalo,bhadawari,buffalo_bhadawari
D:\B.Tech\CE-AI\Sem 7\MP\Datasets\archive (1)\clean_images\cattle\ayrshire\ayrshire_0306.jpg,cattle,ayrshire,cattle_ayrshire
D:\B.Tech\CE-AI\Sem 7\MP\Datasets\archive (1)\clean_images\cattle\malnad_gidda\malnad_gidda_0031.jpg,cattle,malnad_gidda,cattle_malnad_gidda
D:\B.Tech\CE-AI\Sem 7\MP\Datasets\archive (1)\clean_images\cattle\holstein-friesian\holstein-friesian_0396.jpg,cattle,holstein-friesian,cattle_holstein-friesian
D:\B.Tech\CE-AI\Sem 7\MP\Datasets\archive (1)\clean_images\cattle\ongole\ongole_0036.png,cattle,ongole,cattle_ongole
D:\B.Tech\CE-AI\Sem 7\MP\Datasets\archive (1)\clean_images\cattle\gir\gir_0367.jpg,cattle,gir,cattle_gir
D:\B.Tech\CE-AI\Sem 7\MP\Datasets\archive (1)\clean_images\cattle\gir\gir_0311.jpg,cattle,gir,cattle_gir
D:\B.Tech\CE-AI\Sem 7\MP\Datasets\archive (1)\clean_images\cattle\kankrej\kankrej_0139.jpg,cattle,kankrej,cattle_kankrej
D:\B.Tech\CE-AI\Sem 7\MP\Datasets\archive (1)\clean_images\cattle\ayrshire\ayrshire_0457.jpg,cattle,ayrshire,cattle_ayrshire
D:\B.Tech\CE-AI\Sem 7\MP\Datasets\archive (1)\clean_images\cattle\hariana\hariana_0095.jpg,cattle,hariana,cattle_hariana
D:\B.Tech\CE-AI\Sem 7\MP\Datasets\archive (1)\clean_images\cattle\ayrshire\ayrshire_0551.jpg,cattle,ayrshire,cattle_ayrshire
D:\B.Tech\CE-AI\Sem 7\MP\Datasets\archive (1)\clean_images\cattle\vechur\vechur_0101.jpg,cattle,vechur,cattle_vechur
D:\B.Tech\CE-AI\Sem 7\MP\Datasets\archive (1)\clean_images\cattle\red_dane\red_dane_0161.jpg,cattle,red_dane,cattle_red_dane
D:\B.Tech\CE-AI\Sem 7\MP\Datasets\archive (1)\clean_images\cattle\tharparkar\tharparkar_0185.jpg,cattle,tharparkar,cattle_tharparkar
D:\B.Tech\CE-AI\Sem 7\MP\Datasets\archive (1)\clean_images\cattle\ayrshire\ayrshire_0120.jpg,cattle,ayrshire,cattle_ayrshire
D:\B.Tech\CE-AI\Sem 7\MP\Datasets\archive (1)\clean_images\cattle\hallikar\hallikar_0015.jpg,cattle,hallikar,cattle_hallikar
D:\B.Tech\CE-AI\Sem 7\MP\Datasets\archive (1)\clean_images\cattle\deoni\deoni_0041.jpg,cattle,deoni,cattle_deoni
D:\B.Tech\CE-AI\Sem 7\MP\Datasets\archive (1)\clean_images\cattle\brown_swiss\brown_swiss_0026.jpg,cattle,brown_swiss,cattle_brown_swiss
D:\B.Tech\CE-AI\Sem 7\MP\Datasets\archive (1)\clean_images\cattle\sahiwal\sahiwal_0300.png,cattle,sahiwal,cattle_sahiwal
D:\B.Tech\CE-AI\Sem 7\MP\Datasets\archive (1)\clean_images\cattle\deoni\deoni_0173.png,cattle,deoni,cattle_deoni
D:\B.Tech\CE-AI\Sem 7\MP\Datasets\archive (1)\clean_images\cattle\guernsey\guernsey_0075.jpg,cattle,guernsey,cattle_guernsey
D:\B.Tech\CE-AI\Sem 7\MP\Datasets\archive (1)\clean_images\cattle\khillar\khillar_0085.png,cattle,khillar,cattle_khillar
D:\B.Tech\CE-AI\Sem 7\MP\Datasets\archive (1)\clean_images\cattle\sahiwal\sahiwal_0045.jpg,cattle,sahiwal,cattle_sahiwal
D:\B.Tech\CE-AI\Sem 7\MP\Datasets\archive (1)\clean_images\buffalo\bhadawari\bhadawari_0042.jpg,buffalo,bhadawari,buffalo_bhadawari
D:\B.Tech\CE-AI\Sem 7\MP\Datasets\archive (1)\clean_images\cattle\hallikar\hallikar_0145.jpg,cattle,hallikar,cattle_hallikar
D:\B.Tech\CE-AI\Sem 7\MP\Datasets\archive (1)\clean_images\cattle\holstein-friesian\holstein-friesian_0226.jpg,cattle,holstein-friesian,cattle_holstein-friesian
D:\B.Tech\CE-AI\Sem 7\MP\Datasets\archive (1)\clean_images\cattle\rathi\rathi_0012.jpg,cattle,rathi,cattle_rathi
D:\B.Tech\CE-AI\Sem 7\MP\Datasets\archive (1)\clean_images\cattle\red_dane\red_dane_0160.jpg,cattle,red_dane,cattle_red_dane
D:\B.Tech\CE-AI\Sem 7\MP\Datasets\archive (1)\clean_images\cattle\kankrej\kankrej_0018.jpg,cattle,kankrej,cattle_kankrej
D:\B.Tech\CE-AI\Sem 7\MP\Datasets\archive (1)\clean_images\cattle\ayrshire\ayrshire_0350.jpg,cattle,ayrshire,cattle_ayrshire
D:\B.Tech\CE-AI\Sem 7\MP\Datasets\archive (1)\clean_images\cattle\ayrshire\ayrshire_0057.jpg,cattle,ayrshire,cattle_ayrshire
D:\B.Tech\CE-AI\Sem 7\MP\Datasets\archive (1)\clean_images\cattle\brown_swiss\brown_swiss_0401.jpg,cattle,brown_swiss,cattle_brown_swiss
D:\B.Tech\CE-AI\Sem 7\MP\Datasets\archive (1)\clean_images\cattle\holstein-friesian\holstein-friesian_0225.jpg,cattle,holstein-friesian,cattle_holstein-friesian
D:\B.Tech\CE-AI\Sem 7\MP\Datasets\archive (1)\clean_images\buffalo\bhadawari\bhadawari_0110.jpg,buffalo,bhadawari,buffalo_bhadawari
D:\B.Tech\CE-AI\Sem 7\MP\Datasets\archive (1)\clean_images\cattle\ayrshire\ayrshire_0610.jpg,cattle,ayrshire,cattle_ayrshire
D:\B.Tech\CE-AI\Sem 7\MP\Datasets\archive (1)\clean_images\cattle\holstein-friesian\holstein-friesian_0420.jpg,cattle,holstein-friesian,cattle_holstein-friesian
D:\B.Tech\CE-AI\Sem 7\MP\Datasets\archive (1)\clean_images\cattle\holstein-friesian\holstein-friesian_0228.jpg,cattle,holstein-friesian,cattle_holstein-friesian
D:\B.Tech\CE-AI\Sem 7\MP\Datasets\archive (1)\clean_images\cattle\gir\gir_0364.jpg,cattle,gir,cattle_gir
D:\B.Tech\CE-AI\Sem 7\MP\Datasets\archive (1)\clean_images\cattle\brown_swiss\brown_swiss_0025.jpg,cattle,brown_swiss,cattle_brown_swiss
D:\B.Tech\CE-AI\Sem 7\MP\Datasets\archive (1)\clean_images\buffalo\alambadi\alambadi_0162.jpg,buffalo,alambadi,buffalo_alambadi
D:\B.Tech\CE-AI\Sem 7\MP\Datasets\archive (1)\clean_images\cattle\hallikar\hallikar_0096.jpg,cattle,hallikar,cattle_hallikar
D:\B.Tech\CE-AI\Sem 7\MP\Datasets\archive (1)\clean_images\buffalo\murrah\murrah_0139.jpg,buffalo,murrah,buffalo_murrah
D:\B.Tech\CE-AI\Sem 7\MP\Datasets\archive (1)\clean_images\cattle\guernsey\guernsey_0226.jpg,cattle,guernsey,cattle_guernsey
D:\B.Tech\CE-AI\Sem 7\MP\Datasets\archive (1)\clean_images\cattle\red_dane\red_dane_0077.jpg,cattle,red_dane,cattle_red_dane
D:\B.Tech\CE-AI\Sem 7\MP\Datasets\archive (1)\clean_images\cattle\gir\gir_0490.jpg,cattle,gir,cattle_gir
D:\B.Tech\CE-AI\Sem 7\MP\Datasets\archive (1)\clean_images\cattle\malnad_gidda\malnad_gidda_0013.jpg,cattle,malnad_gidda,cattle_malnad_gidda
D:\B.Tech\CE-AI\Sem 7\MP\Datasets\archive (1)\clean_images\cattle\amritmahal\amritmahal_0069.jpg,cattle,amritmahal,cattle_amritmahal
D:\B.Tech\CE-AI\Sem 7\MP\Datasets\archive (1)\clean_images\cattle\gir\gir_0461.jpg,cattle,gir,cattle_gir
D:\B.Tech\CE-AI\Sem 7\MP\Datasets\archive (1)\clean_images\buffalo\banni\banni_0112.jpg,buffalo,banni,buffalo_banni
D:\B.Tech\CE-AI\Sem 7\MP\Datasets\archive (1)\clean_images\buffalo\alambadi\alambadi_0070.jpg,buffalo,alambadi,buffalo_alambadi
D:\B.Tech\CE-AI\Sem 7\MP\Datasets\archive (1)\clean_images\cattle\holstein-friesian\holstein-friesian_0198.jpg,cattle,holstein-friesian,cattle_holstein-friesian
D:\B.Tech\CE-AI\Sem 7\MP\Datasets\archive (1)\clean_images\cattle\sahiwal\sahiwal_0316.jpg,cattle,sahiwal,cattle_sahiwal
D:\B.Tech\CE-AI\Sem 7\MP\Datasets\archive (1)\clean_images\cattle\sahiwal\sahiwal_0134.jpg,cattle,sahiwal,cattle_sahiwal
D:\B.Tech\CE-AI\Sem 7\MP\Datasets\archive (1)\clean_images\cattle\deoni\deoni_0170.jpg,cattle,deoni,cattle_deoni
D:\B.Tech\CE-AI\Sem 7\MP\Datasets\archive (1)\clean_images\buffalo\mehsana\mehsana_0020.png,buffalo,mehsana,buffalo_mehsana
D:\B.Tech\CE-AI\Sem 7\MP\Datasets\archive (1)\clean_images\cattle\brown_swiss\brown_swiss_0409.jpg,cattle,brown_swiss,cattle_brown_swiss
D:\B.Tech\CE-AI\Sem 7\MP\Datasets\archive (1)\clean_images\cattle\red_dane\red_dane_0091.jpg,cattle,red_dane,cattle_red_dane
D:\B.Tech\CE-AI\Sem 7\MP\Datasets\archive (1)\clean_images\cattle\brown_swiss\brown_swiss_0210.jpg,cattle,brown_swiss,cattle_brown_swiss
D:\B.Tech\CE-AI\Sem 7\MP\Datasets\archive (1)\clean_images\cattle\khillar\khillar_0114.png,cattle,khillar,cattle_khillar
D:\B.Tech\CE-AI\Sem 7\MP\Datasets\archive (1)\clean_images\cattle\pulikulam\pulikulam_0085.jpg,cattle,pulikulam,cattle_pulikulam
D:\B.Tech\CE-AI\Sem 7\MP\Datasets\archive (1)\clean_images\cattle\ongole\ongole_0024.jpg,cattle,ongole,cattle_ongole
D:\B.Tech\CE-AI\Sem 7\MP\Datasets\archive (1)\clean_images\cattle\sahiwal\sahiwal_0263.png,cattle,sahiwal,cattle_sahiwal
D:\B.Tech\CE-AI\Sem 7\MP\Datasets\archive (1)\clean_images\cattle\ongole\ongole_0176.png,cattle,ongole,cattle_ongole
D:\B.Tech\CE-AI\Sem 7\MP\Datasets\archive (1)\clean_images\cattle\red_dane\red_dane_0153.jpg,cattle,red_dane,cattle_red_dane
D:\B.Tech\CE-AI\Sem 7\MP\Datasets\archive (1)\clean_images\cattle\jersey\jersey_0157.jpg,cattle,jersey,cattle_jersey
D:\B.Tech\CE-AI\Sem 7\MP\Datasets\archive (1)\clean_images\cattle\sahiwal\sahiwal_0084.jpg,cattle,sahiwal,cattle_sahiwal
D:\B.Tech\CE-AI\Sem 7\MP\Datasets\archive (1)\clean_images\cattle\amritmahal\amritmahal_0168.jpg,cattle,amritmahal,cattle_amritmahal
D:\B.Tech\CE-AI\Sem 7\MP\Datasets\archive (1)\clean_images\cattle\ayrshire\ayrshire_0533.jpg,cattle,ayrshire,cattle_ayrshire
D:\B.Tech\CE-AI\Sem 7\MP\Datasets\archive (1)\clean_images\cattle\tharparkar\tharparkar_0075.png,cattle,tharparkar,cattle_tharparkar
D:\B.Tech\CE-AI\Sem 7\MP\Datasets\archive (1)\clean_images\cattle\kankrej\kankrej_0190.jpg,cattle,kankrej,cattle_kankrej
D:\B.Tech\CE-AI\Sem 7\MP\Datasets\archive (1)\clean_images\cattle\jersey\jersey_0140.jpg,cattle,jersey,cattle_jersey
D:\B.Tech\CE-AI\Sem 7\MP\Datasets\archive (1)\clean_images\cattle\pulikulam\pulikulam_0049.jpg,cattle,pulikulam,cattle_pulikulam
D:\B.Tech\CE-AI\Sem 7\MP\Datasets\archive (1)\clean_images\cattle\holstein-friesian\holstein-friesian_0442.jpg,cattle,holstein-friesian,cattle_holstein-friesian
D:\B.Tech\CE-AI\Sem 7\MP\Datasets\archive (1)\clean_images\cattle\hariana\hariana_0066.jpg,cattle,hariana,cattle_hariana
D:\B.Tech\CE-AI\Sem 7\MP\Datasets\archive (1)\clean_images\cattle\vechur\vechur_0045.jpg,cattle,vechur,cattle_vechur
D:\B.Tech\CE-AI\Sem 7\MP\Datasets\archive (1)\clean_images\buffalo\banni\banni_0060.jpg,buffalo,banni,buffalo_banni
D:\B.Tech\CE-AI\Sem 7\MP\Datasets\archive (1)\clean_images\cattle\sahiwal\sahiwal_0304.jpg,cattle,sahiwal,cattle_sahiwal
D:\B.Tech\CE-AI\Sem 7\MP\Datasets\archive (1)\clean_images\cattle\ongole\ongole_0140.png,cattle,ongole,cattle_ongole
D:\B.Tech\CE-AI\Sem 7\MP\Datasets\archive (1)\clean_images\cattle\jersey\jersey_0103.jpg,cattle,jersey,cattle_jersey
D:\B.Tech\CE-AI\Sem 7\MP\Datasets\archive (1)\clean_images\cattle\pulikulam\pulikulam_0008.jpg,cattle,pulikulam,cattle_pulikulam
D:\B.Tech\CE-AI\Sem 7\MP\Datasets\archive (1)\clean_images\cattle\kankrej\kankrej_0160.jpg,cattle,kankrej,cattle_kankrej
D:\B.Tech\CE-AI\Sem 7\MP\Datasets\archive (1)\clean_images\buffalo\nagpuri\nagpuri_0139.png,buffalo,nagpuri,buffalo_nagpuri
D:\B.Tech\CE-AI\Sem 7\MP\Datasets\archive (1)\clean_images\buffalo\banni\banni_0061.jpg,buffalo,banni,buffalo_banni
D:\B.Tech\CE-AI\Sem 7\MP\Datasets\archive (1)\clean_images\buffalo\alambadi\alambadi_0204.jpg,buffalo,alambadi,buffalo_alambadi
D:\B.Tech\CE-AI\Sem 7\MP\Datasets\archive (1)\clean_images\buffalo\alambadi\alambadi_0191.png,buffalo,alambadi,buffalo_alambadi
D:\B.Tech\CE-AI\Sem 7\MP\Datasets\archive (1)\clean_images\cattle\sahiwal\sahiwal_0151.jpg,cattle,sahiwal,cattle_sahiwal
D:\B.Tech\CE-AI\Sem 7\MP\Datasets\archive (1)\clean_images\cattle\ayrshire\ayrshire_0134.jpg,cattle,ayrshire,cattle_ayrshire
D:\B.Tech\CE-AI\Sem 7\MP\Datasets\archive (1)\clean_images\cattle\brown_swiss\brown_swiss_0239.jpg,cattle,brown_swiss,cattle_brown_swiss
D:\B.Tech\CE-AI\Sem 7\MP\Datasets\archive (1)\clean_images\cattle\red_sindhi\red_sindhi_0017.jpg,cattle,red_sindhi,cattle_red_sindhi
D:\B.Tech\CE-AI\Sem 7\MP\Datasets\archive (1)\clean_images\cattle\brown_swiss\brown_swiss_0015.jpg,cattle,brown_swiss,cattle_brown_swiss
D:\B.Tech\CE-AI\Sem 7\MP\Datasets\archive (1)\clean_images\cattle\jersey\jersey_0139.jpg,cattle,jersey,cattle_jersey
D:\B.Tech\CE-AI\Sem 7\MP\Datasets\archive (1)\clean_images\cattle\amritmahal\amritmahal_0027.jpg,cattle,amritmahal,cattle_amritmahal
D:\B.Tech\CE-AI\Sem 7\MP\Datasets\archive (1)\clean_images\cattle\sahiwal\sahiwal_0115.jpg,cattle,sahiwal,cattle_sahiwal
D:\B.Tech\CE-AI\Sem 7\MP\Datasets\archive (1)\clean_images\cattle\gir\gir_0235.jpg,cattle,gir,cattle_gir
D:\B.Tech\CE-AI\Sem 7\MP\Datasets\archive (1)\clean_images\cattle\jersey\jersey_0138.jpg,cattle,jersey,cattle_jersey
D:\B.Tech\CE-AI\Sem 7\MP\Datasets\archive (1)\clean_images\cattle\brown_swiss\brown_swiss_0383.jpg,cattle,brown_swiss,cattle_brown_swiss
D:\B.Tech\CE-AI\Sem 7\MP\Datasets\archive (1)\clean_images\cattle\amritmahal\amritmahal_0035.jpg,cattle,amritmahal,cattle_amritmahal
D:\B.Tech\CE-AI\Sem 7\MP\Datasets\archive (1)\clean_images\cattle\kenkatha\kenkatha_0002.jpg,cattle,kenkatha,cattle_kenkatha
D:\B.Tech\CE-AI\Sem 7\MP\Datasets\archive (1)\clean_images\cattle\guernsey\guernsey_0185.jpg,cattle,guernsey,cattle_guernsey
D:\B.Tech\CE-AI\Sem 7\MP\Datasets\archive (1)\clean_images\cattle\red_sindhi\red_sindhi_0095.jpg,cattle,red_sindhi,cattle_red_sindhi
D:\B.Tech\CE-AI\Sem 7\MP\Datasets\archive (1)\clean_images\cattle\ayrshire\ayrshire_0321.jpg,cattle,ayrshire,cattle_ayrshire
D:\B.Tech\CE-AI\Sem 7\MP\Datasets\archive (1)\clean_images\cattle\ayrshire\ayrshire_0131.jpg,cattle,ayrshire,cattle_ayrshire
D:\B.Tech\CE-AI\Sem 7\MP\Datasets\archive (1)\clean_images\buffalo\alambadi\alambadi_0029.jpg,buffalo,alambadi,buffalo_alambadi
D:\B.Tech\CE-AI\Sem 7\MP\Datasets\archive (1)\clean_images\cattle\gir\gir_0294.jpg,cattle,gir,cattle_gir
D:\B.Tech\CE-AI\Sem 7\MP\Datasets\archive (1)\clean_images\cattle\umblachery\umblachery_0044.jpg,cattle,umblachery,cattle_umblachery
D:\B.Tech\CE-AI\Sem 7\MP\Datasets\archive (1)\clean_images\cattle\ayrshire\ayrshire_0235.jpg,cattle,ayrshire,cattle_ayrshire
D:\B.Tech\CE-AI\Sem 7\MP\Datasets\archive (1)\clean_images\cattle\ayrshire\ayrshire_0453.jpg,cattle,ayrshire,cattle_ayrshire
D:\B.Tech\CE-AI\Sem 7\MP\Datasets\archive (1)\clean_images\cattle\hariana\hariana_0034.jpg,cattle,hariana,cattle_hariana
D:\B.Tech\CE-AI\Sem 7\MP\Datasets\archive (1)\clean_images\buffalo\bargur\bargur_0069.jpg,buffalo,bargur,buffalo_bargur
D:\B.Tech\CE-AI\Sem 7\MP\Datasets\archive (1)\clean_images\cattle\hallikar\hallikar_0070.jpg,cattle,hallikar,cattle_hallikar
D:\B.Tech\CE-AI\Sem 7\MP\Datasets\archive (1)\clean_images\buffalo\bhadawari\bhadawari_0158.jpg,buffalo,bhadawari,buffalo_bhadawari
D:\B.Tech\CE-AI\Sem 7\MP\Datasets\archive (1)\clean_images\cattle\ayrshire\ayrshire_0400.jpg,cattle,ayrshire,cattle_ayrshire
D:\B.Tech\CE-AI\Sem 7\MP\Datasets\archive (1)\clean_images\cattle\kankrej\kankrej_0095.png,cattle,kankrej,cattle_kankrej
D:\B.Tech\CE-AI\Sem 7\MP\Datasets\archive (1)\clean_images\cattle\holstein-friesian\holstein-friesian_0034.jpg,cattle,holstein-friesian,cattle_holstein-friesian
D:\B.Tech\CE-AI\Sem 7\MP\Datasets\archive (1)\clean_images\buffalo\mehsana\mehsana_0046.jpg,buffalo,mehsana,buffalo_mehsana
D:\B.Tech\CE-AI\Sem 7\MP\Datasets\archive (1)\clean_images\cattle\sahiwal\sahiwal_0388.jpg,cattle,sahiwal,cattle_sahiwal
D:\B.Tech\CE-AI\Sem 7\MP\Datasets\archive (1)\clean_images\cattle\ayrshire\ayrshire_0454.jpg,cattle,ayrshire,cattle_ayrshire
D:\B.Tech\CE-AI\Sem 7\MP\Datasets\archive (1)\clean_images\cattle\red_sindhi\red_sindhi_0167.jpg,cattle,red_sindhi,cattle_red_sindhi
D:\B.Tech\CE-AI\Sem 7\MP\Datasets\archive (1)\clean_images\cattle\rathi\rathi_0091.jpg,cattle,rathi,cattle_rathi
D:\B.Tech\CE-AI\Sem 7\MP\Datasets\archive (1)\clean_images\cattle\ayrshire\ayrshire_0210.jpg,cattle,ayrshire,cattle_ayrshire
D:\B.Tech\CE-AI\Sem 7\MP\Datasets\archive (1)\clean_images\cattle\ayrshire\ayrshire_0193.jpg,cattle,ayrshire,cattle_ayrshire
D:\B.Tech\CE-AI\Sem 7\MP\Datasets\archive (1)\clean_images\cattle\ayrshire\ayrshire_0294.jpg,cattle,ayrshire,cattle_ayrshire
D:\B.Tech\CE-AI\Sem 7\MP\Datasets\archive (1)\clean_images\buffalo\toda\toda_0004.jpg,buffalo,toda,buffalo_toda
D:\B.Tech\CE-AI\Sem 7\MP\Datasets\archive (1)\clean_images\buffalo\bhadawari\bhadawari_0127.jpg,buffalo,bhadawari,buffalo_bhadawari
D:\B.Tech\CE-AI\Sem 7\MP\Datasets\archive (1)\clean_images\cattle\vechur\vechur_0013.jpg,cattle,vechur,cattle_vechur
D:\B.Tech\CE-AI\Sem 7\MP\Datasets\archive (1)\clean_images\cattle\sahiwal\sahiwal_0310.jpg,cattle,sahiwal,cattle_sahiwal
D:\B.Tech\CE-AI\Sem 7\MP\Datasets\archive (1)\clean_images\cattle\deoni\deoni_0203.png,cattle,deoni,cattle_deoni
D:\B.Tech\CE-AI\Sem 7\MP\Datasets\archive (1)\clean_images\cattle\rathi\rathi_0096.jpg,cattle,rathi,cattle_rathi
D:\B.Tech\CE-AI\Sem 7\MP\Datasets\archive (1)\clean_images\buffalo\murrah\murrah_0122.jpg,buffalo,murrah,buffalo_murrah
D:\B.Tech\CE-AI\Sem 7\MP\Datasets\archive (1)\clean_images\buffalo\mehsana\mehsana_0008.jpg,buffalo,mehsana,buffalo_mehsana
D:\B.Tech\CE-AI\Sem 7\MP\Datasets\archive (1)\clean_images\buffalo\alambadi\alambadi_0048.jpg,buffalo,alambadi,buffalo_alambadi
D:\B.Tech\CE-AI\Sem 7\MP\Datasets\archive (1)\clean_images\cattle\sahiwal\sahiwal_0386.jpg,cattle,sahiwal,cattle_sahiwal
D:\B.Tech\CE-AI\Sem 7\MP\Datasets\archive (1)\clean_images\buffalo\murrah\murrah_0141.jpg,buffalo,murrah,buffalo_murrah
D:\B.Tech\CE-AI\Sem 7\MP\Datasets\archive (1)\clean_images\cattle\sahiwal\sahiwal_0311.png,cattle,sahiwal,cattle_sahiwal
D:\B.Tech\CE-AI\Sem 7\MP\Datasets\archive (1)\clean_images\cattle\ongole\ongole_0096.png,cattle,ongole,cattle_ongole
D:\B.Tech\CE-AI\Sem 7\MP\Datasets\archive (1)\clean_images\cattle\rathi\rathi_0159.png,cattle,rathi,cattle_rathi
D:\B.Tech\CE-AI\Sem 7\MP\Datasets\archive (1)\clean_images\cattle\ayrshire\ayrshire_0564.jpg,cattle,ayrshire,cattle_ayrshire
D:\B.Tech\CE-AI\Sem 7\MP\Datasets\archive (1)\clean_images\buffalo\nagpuri\nagpuri_0108.jpg,buffalo,nagpuri,buffalo_nagpuri
D:\B.Tech\CE-AI\Sem 7\MP\Datasets\archive (1)\clean_images\cattle\kherigarh\kherigarh_0012.png,cattle,kherigarh,cattle_kherigarh
D:\B.Tech\CE-AI\Sem 7\MP\Datasets\archive (1)\clean_images\buffalo\nagpuri\nagpuri_0128.jpg,buffalo,nagpuri,buffalo_nagpuri
D:\B.Tech\CE-AI\Sem 7\MP\Datasets\archive (1)\clean_images\cattle\holstein-friesian\holstein-friesian_0254.jpg,cattle,holstein-friesian,cattle_holstein-friesian
D:\B.Tech\CE-AI\Sem 7\MP\Datasets\archive (1)\clean_images\cattle\holstein-friesian\holstein-friesian_0217.jpg,cattle,holstein-friesian,cattle_holstein-friesian
D:\B.Tech\CE-AI\Sem 7\MP\Datasets\archive (1)\clean_images\cattle\red_sindhi\red_sindhi_0086.jpg,cattle,red_sindhi,cattle_red_sindhi
D:\B.Tech\CE-AI\Sem 7\MP\Datasets\archive (1)\clean_images\buffalo\bhadawari\bhadawari_0173.jpg,buffalo,bhadawari,buffalo_bhadawari
D:\B.Tech\CE-AI\Sem 7\MP\Datasets\archive (1)\clean_images\cattle\nagori\nagori_0092.png,cattle,nagori,cattle_nagori
D:\B.Tech\CE-AI\Sem 7\MP\Datasets\archive (1)\clean_images\buffalo\alambadi\alambadi_0003.jpg,buffalo,alambadi,buffalo_alambadi
D:\B.Tech\CE-AI\Sem 7\MP\Datasets\archive (1)\clean_images\buffalo\bargur\bargur_0039.jpg,buffalo,bargur,buffalo_bargur
D:\B.Tech\CE-AI\Sem 7\MP\Datasets\archive (1)\clean_images\cattle\bargur\bargur_0051.jpg,cattle,bargur,cattle_bargur
D:\B.Tech\CE-AI\Sem 7\MP\Datasets\archive (1)\clean_images\cattle\gir\gir_0221.jpg,cattle,gir,cattle_gir
D:\B.Tech\CE-AI\Sem 7\MP\Datasets\archive (1)\clean_images\cattle\brown_swiss\brown_swiss_0181.jpg,cattle,brown_swiss,cattle_brown_swiss
D:\B.Tech\CE-AI\Sem 7\MP\Datasets\archive (1)\clean_images\cattle\red_dane\red_dane_0126.jpg,cattle,red_dane,cattle_red_dane
D:\B.Tech\CE-AI\Sem 7\MP\Datasets\archive (1)\clean_images\cattle\rathi\rathi_0129.png,cattle,rathi,cattle_rathi
D:\B.Tech\CE-AI\Sem 7\MP\Datasets\archive (1)\clean_images\buffalo\mehsana\mehsana_0055.jpg,buffalo,mehsana,buffalo_mehsana
D:\B.Tech\CE-AI\Sem 7\MP\Datasets\archive (1)\clean_images\cattle\gir\gir_0505.jpg,cattle,gir,cattle_gir
D:\B.Tech\CE-AI\Sem 7\MP\Datasets\archive (1)\clean_images\cattle\holstein-friesian\holstein-friesian_0295.jpg,cattle,holstein-friesian,cattle_holstein-friesian
D:\B.Tech\CE-AI\Sem 7\MP\Datasets\archive (1)\clean_images\cattle\hallikar\hallikar_0265.png,cattle,hallikar,cattle_hallikar
D:\B.Tech\CE-AI\Sem 7\MP\Datasets\archive (1)\clean_images\buffalo\banni\banni_0045.jpg,buffalo,banni,buffalo_banni
D:\B.Tech\CE-AI\Sem 7\MP\Datasets\archive (1)\clean_images\buffalo\nagpuri\nagpuri_0034.jpg,buffalo,nagpuri,buffalo_nagpuri
D:\B.Tech\CE-AI\Sem 7\MP\Datasets\archive (1)\clean_images\cattle\ayrshire\ayrshire_0169.jpg,cattle,ayrshire,cattle_ayrshire
D:\B.Tech\CE-AI\Sem 7\MP\Datasets\archive (1)\clean_images\cattle\ayrshire\ayrshire_0040.jpg,cattle,ayrshire,cattle_ayrshire
D:\B.Tech\CE-AI\Sem 7\MP\Datasets\archive (1)\clean_images\cattle\jersey\jersey_0055.jpg,cattle,jersey,cattle_jersey
D:\B.Tech\CE-AI\Sem 7\MP\Datasets\archive (1)\clean_images\buffalo\jaffarabadi\jaffarabadi_0077.jpg,buffalo,jaffarabadi,buffalo_jaffarabadi
D:\B.Tech\CE-AI\Sem 7\MP\Datasets\archive (1)\clean_images\buffalo\mehsana\mehsana_0002.jpg,buffalo,mehsana,buffalo_mehsana
D:\B.Tech\CE-AI\Sem 7\MP\Datasets\archive (1)\clean_images\cattle\krishna_valley\krishna_valley_0050.jpg,cattle,krishna_valley,cattle_krishna_valley
D:\B.Tech\CE-AI\Sem 7\MP\Datasets\archive (1)\clean_images\cattle\kankrej\kankrej_0048.jpg,cattle,kankrej,cattle_kankrej
D:\B.Tech\CE-AI\Sem 7\MP\Datasets\archive (1)\clean_images\cattle\umblachery\umblachery_0079.png,cattle,umblachery,cattle_umblachery
D:\B.Tech\CE-AI\Sem 7\MP\Datasets\archive (1)\clean_images\buffalo\toda\toda_0029.jpg,buffalo,toda,buffalo_toda
D:\B.Tech\CE-AI\Sem 7\MP\Datasets\archive (1)\clean_images\cattle\nimari\nimari_0059.jpg,cattle,nimari,cattle_nimari
D:\B.Tech\CE-AI\Sem 7\MP\Datasets\archive (1)\clean_images\cattle\holstein-friesian\holstein-friesian_0180.jpg,cattle,holstein-friesian,cattle_holstein-friesian
D:\B.Tech\CE-AI\Sem 7\MP\Datasets\archive (1)\clean_images\cattle\gir\gir_0036.jpg,cattle,gir,cattle_gir
D:\B.Tech\CE-AI\Sem 7\MP\Datasets\archive (1)\clean_images\cattle\deoni\deoni_0081.jpg,cattle,deoni,cattle_deoni
D:\B.Tech\CE-AI\Sem 7\MP\Datasets\archive (1)\clean_images\cattle\ayrshire\ayrshire_0212.jpg,cattle,ayrshire,cattle_ayrshire
D:\B.Tech\CE-AI\Sem 7\MP\Datasets\archive (1)\clean_images\cattle\deoni\deoni_0075.jpg,cattle,deoni,cattle_deoni
D:\B.Tech\CE-AI\Sem 7\MP\Datasets\archive (1)\clean_images\cattle\kankrej\kankrej_0174.png,cattle,kankrej,cattle_kankrej
D:\B.Tech\CE-AI\Sem 7\MP\Datasets\archive (1)\clean_images\cattle\sahiwal\sahiwal_0052.png,cattle,sahiwal,cattle_sahiwal
D:\B.Tech\CE-AI\Sem 7\MP\Datasets\archive (1)\clean_images\cattle\ayrshire\ayrshire_0697.jpg,cattle,ayrshire,cattle_ayrshire
D:\B.Tech\CE-AI\Sem 7\MP\Datasets\archive (1)\clean_images\cattle\nagori\nagori_0014.jpg,cattle,nagori,cattle_nagori
D:\B.Tech\CE-AI\Sem 7\MP\Datasets\archive (1)\clean_images\cattle\gir\gir_0539.jpg,cattle,gir,cattle_gir
D:\B.Tech\CE-AI\Sem 7\MP\Datasets\archive (1)\clean_images\cattle\hariana\hariana_0097.jpg,cattle,hariana,cattle_hariana
D:\B.Tech\CE-AI\Sem 7\MP\Datasets\archive (1)\clean_images\buffalo\bhadawari\bhadawari_0137.jpg,buffalo,bhadawari,buffalo_bhadawari
D:\B.Tech\CE-AI\Sem 7\MP\Datasets\archive (1)\clean_images\buffalo\surti\surti_0049.jpg,buffalo,surti,buffalo_surti
D:\B.Tech\CE-AI\Sem 7\MP\Datasets\archive (1)\clean_images\cattle\holstein-friesian\holstein-friesian_0130.jpg,cattle,holstein-friesian,cattle_holstein-friesian
D:\B.Tech\CE-AI\Sem 7\MP\Datasets\archive (1)\clean_images\cattle\ayrshire\ayrshire_0632.jpg,cattle,ayrshire,cattle_ayrshire
D:\B.Tech\CE-AI\Sem 7\MP\Datasets\archive (1)\clean_images\cattle\kankrej\kankrej_0016.jpg,cattle,kankrej,cattle_kankrej
D:\B.Tech\CE-AI\Sem 7\MP\Datasets\archive (1)\clean_images\cattle\kangayam\kangayam_0058.jpg,cattle,kangayam,cattle_kangayam
D:\B.Tech\CE-AI\Sem 7\MP\Datasets\archive (1)\clean_images\buffalo\nili_ravi\nili_ravi_0028.jpg,buffalo,nili_ravi,buffalo_nili_ravi
D:\B.Tech\CE-AI\Sem 7\MP\Datasets\archive (1)\clean_images\cattle\ongole\ongole_0111.png,cattle,ongole,cattle_ongole
D:\B.Tech\CE-AI\Sem 7\MP\Datasets\archive (1)\clean_images\cattle\ayrshire\ayrshire_0123.jpg,cattle,ayrshire,cattle_ayrshire
D:\B.Tech\CE-AI\Sem 7\MP\Datasets\archive (1)\clean_images\cattle\brown_swiss\brown_swiss_0381.jpg,cattle,brown_swiss,cattle_brown_swiss
D:\B.Tech\CE-AI\Sem 7\MP\Datasets\archive (1)\clean_images\cattle\gir\gir_0219.jpg,cattle,gir,cattle_gir
D:\B.Tech\CE-AI\Sem 7\MP\Datasets\archive (1)\clean_images\cattle\pulikulam\pulikulam_0040.jpg,cattle,pulikulam,cattle_pulikulam
D:\B.Tech\CE-AI\Sem 7\MP\Datasets\archive (1)\clean_images\buffalo\banni\banni_0004.jpg,buffalo,banni,buffalo_banni
D:\B.Tech\CE-AI\Sem 7\MP\Datasets\archive (1)\clean_images\cattle\krishna_valley\krishna_valley_0096.jpg,cattle,krishna_valley,cattle_krishna_valley
D:\B.Tech\CE-AI\Sem 7\MP\Datasets\archive (1)\clean_images\buffalo\surti\surti_0055.png,buffalo,surti,buffalo_surti
D:\B.Tech\CE-AI\Sem 7\MP\Datasets\archive (1)\clean_images\cattle\pulikulam\pulikulam_0127.jpg,cattle,pulikulam,cattle_pulikulam
D:\B.Tech\CE-AI\Sem 7\MP\Datasets\archive (1)\clean_images\cattle\brown_swiss\brown_swiss_0343.jpg,cattle,brown_swiss,cattle_brown_swiss
D:\B.Tech\CE-AI\Sem 7\MP\Datasets\archive (1)\clean_images\cattle\holstein-friesian\holstein-friesian_0263.jpg,cattle,holstein-friesian,cattle_holstein-friesian
D:\B.Tech\CE-AI\Sem 7\MP\Datasets\archive (1)\clean_images\cattle\pulikulam\pulikulam_0050.jpg,cattle,pulikulam,cattle_pulikulam
D:\B.Tech\CE-AI\Sem 7\MP\Datasets\archive (1)\clean_images\cattle\kangayam\kangayam_0098.jpg,cattle,kangayam,cattle_kangayam
D:\B.Tech\CE-AI\Sem 7\MP\Datasets\archive (1)\clean_images\cattle\holstein-friesian\holstein-friesian_0278.jpg,cattle,holstein-friesian,cattle_holstein-friesian
D:\B.Tech\CE-AI\Sem 7\MP\Datasets\archive (1)\clean_images\cattle\ongole\ongole_0143.png,cattle,ongole,cattle_ongole
D:\B.Tech\CE-AI\Sem 7\MP\Datasets\archive (1)\clean_images\cattle\gir\gir_0060.jpg,cattle,gir,cattle_gir
D:\B.Tech\CE-AI\Sem 7\MP\Datasets\archive (1)\clean_images\cattle\kangayam\kangayam_0042.jpg,cattle,kangayam,cattle_kangayam
D:\B.Tech\CE-AI\Sem 7\MP\Datasets\archive (1)\clean_images\buffalo\mehsana\mehsana_0100.jpeg,buffalo,mehsana,buffalo_mehsana
D:\B.Tech\CE-AI\Sem 7\MP\Datasets\archive (1)\clean_images\cattle\ongole\ongole_0191.jpg,cattle,ongole,cattle_ongole
D:\B.Tech\CE-AI\Sem 7\MP\Datasets\archive (1)\clean_images\cattle\gir\gir_0023.jpg,cattle,gir,cattle_gir
D:\B.Tech\CE-AI\Sem 7\MP\Datasets\archive (1)\clean_images\cattle\sahiwal\sahiwal_0298.png,cattle,sahiwal,cattle_sahiwal
D:\B.Tech\CE-AI\Sem 7\MP\Datasets\archive (1)\clean_images\cattle\gir\gir_0571.jpg,cattle,gir,cattle_gir
D:\B.Tech\CE-AI\Sem 7\MP\Datasets\archive (1)\clean_images\cattle\guernsey\guernsey_0196.jpg,cattle,guernsey,cattle_guernsey
D:\B.Tech\CE-AI\Sem 7\MP\Datasets\archive (1)\clean_images\cattle\kangayam\kangayam_0091.png,cattle,kangayam,cattle_kangayam
D:\B.Tech\CE-AI\Sem 7\MP\Datasets\archive (1)\clean_images\cattle\amritmahal\amritmahal_0147.png,cattle,amritmahal,cattle_amritmahal
D:\B.Tech\CE-AI\Sem 7\MP\Datasets\archive (1)\clean_images\cattle\vechur\vechur_0006.jpg,cattle,vechur,cattle_vechur
D:\B.Tech\CE-AI\Sem 7\MP\Datasets\archive (1)\clean_images\cattle\brown_swiss\brown_swiss_0379.jpg,cattle,brown_swiss,cattle_brown_swiss
D:\B.Tech\CE-AI\Sem 7\MP\Datasets\archive (1)\clean_images\cattle\hallikar\hallikar_0053.jpg,cattle,hallikar,cattle_hallikar
D:\B.Tech\CE-AI\Sem 7\MP\Datasets\archive (1)\clean_images\buffalo\nagpuri\nagpuri_0013.jpg,buffalo,nagpuri,buffalo_nagpuri
D:\B.Tech\CE-AI\Sem 7\MP\Datasets\archive (1)\clean_images\cattle\amritmahal\amritmahal_0097.jpg,cattle,amritmahal,cattle_amritmahal
D:\B.Tech\CE-AI\Sem 7\MP\Datasets\archive (1)\clean_images\cattle\dangi\dangi_0093.png,cattle,dangi,cattle_dangi
D:\B.Tech\CE-AI\Sem 7\MP\Datasets\archive (1)\clean_images\cattle\ayrshire\ayrshire_0472.jpg,cattle,ayrshire,cattle_ayrshire
D:\B.Tech\CE-AI\Sem 7\MP\Datasets\archive (1)\clean_images\cattle\amritmahal\amritmahal_0191.jpg,cattle,amritmahal,cattle_amritmahal
D:\B.Tech\CE-AI\Sem 7\MP\Datasets\archive (1)\clean_images\cattle\nagori\nagori_0049.jpg,cattle,nagori,cattle_nagori
D:\B.Tech\CE-AI\Sem 7\MP\Datasets\archive (1)\clean_images\cattle\gir\gir_0288.jpg,cattle,gir,cattle_gir
D:\B.Tech\CE-AI\Sem 7\MP\Datasets\archive (1)\clean_images\cattle\gir\gir_0263.jpg,cattle,gir,cattle_gir
D:\B.Tech\CE-AI\Sem 7\MP\Datasets\archive (1)\clean_images\buffalo\toda\toda_0045.jpg,buffalo,toda,buffalo_toda
D:\B.Tech\CE-AI\Sem 7\MP\Datasets\archive (1)\clean_images\cattle\red_sindhi\red_sindhi_0139.jpg,cattle,red_sindhi,cattle_red_sindhi
D:\B.Tech\CE-AI\Sem 7\MP\Datasets\archive (1)\clean_images\cattle\gir\gir_0374.jpg,cattle,gir,cattle_gir
D:\B.Tech\CE-AI\Sem 7\MP\Datasets\archive (1)\clean_images\cattle\gir\gir_0067.jpg,cattle,gir,cattle_gir
D:\B.Tech\CE-AI\Sem 7\MP\Datasets\archive (1)\clean_images\cattle\kangayam\kangayam_0076.jpg,cattle,kangayam,cattle_kangayam
D:\B.Tech\CE-AI\Sem 7\MP\Datasets\archive (1)\clean_images\buffalo\toda\toda_0035.jpg,buffalo,toda,buffalo_toda
D:\B.Tech\CE-AI\Sem 7\MP\Datasets\archive (1)\clean_images\cattle\hariana\hariana_0091.jpg,cattle,hariana,cattle_hariana
D:\B.Tech\CE-AI\Sem 7\MP\Datasets\archive (1)\clean_images\cattle\krishna_valley\krishna_valley_0012.jpg,cattle,krishna_valley,cattle_krishna_valley
D:\B.Tech\CE-AI\Sem 7\MP\Datasets\archive (1)\clean_images\cattle\nimari\nimari_0013.jpg,cattle,nimari,cattle_nimari
D:\B.Tech\CE-AI\Sem 7\MP\Datasets\archive (1)\clean_images\cattle\amritmahal\amritmahal_0065.jpg,cattle,amritmahal,cattle_amritmahal
D:\B.Tech\CE-AI\Sem 7\MP\Datasets\archive (1)\clean_images\cattle\ayrshire\ayrshire_0096.jpg,cattle,ayrshire,cattle_ayrshire
D:\B.Tech\CE-AI\Sem 7\MP\Datasets\archive (1)\clean_images\cattle\holstein-friesian\holstein-friesian_0457.jpg,cattle,holstein-friesian,cattle_holstein-friesian
D:\B.Tech\CE-AI\Sem 7\MP\Datasets\archive (1)\clean_images\cattle\brown_swiss\brown_swiss_0337.jpg,cattle,brown_swiss,cattle_brown_swiss
D:\B.Tech\CE-AI\Sem 7\MP\Datasets\archive (1)\clean_images\cattle\hariana\hariana_0121.jpg,cattle,hariana,cattle_hariana
D:\B.Tech\CE-AI\Sem 7\MP\Datasets\archive (1)\clean_images\cattle\amritmahal\amritmahal_0183.jpg,cattle,amritmahal,cattle_amritmahal
D:\B.Tech\CE-AI\Sem 7\MP\Datasets\archive (1)\clean_images\buffalo\toda\toda_0073.jpg,buffalo,toda,buffalo_toda
D:\B.Tech\CE-AI\Sem 7\MP\Datasets\archive (1)\clean_images\cattle\hariana\hariana_0093.jpg,cattle,hariana,cattle_hariana
D:\B.Tech\CE-AI\Sem 7\MP\Datasets\archive (1)\clean_images\cattle\deoni\deoni_0007.jpg,cattle,deoni,cattle_deoni
D:\B.Tech\CE-AI\Sem 7\MP\Datasets\archive (1)\clean_images\cattle\brown_swiss\brown_swiss_0265.jpg,cattle,brown_swiss,cattle_brown_swiss
D:\B.Tech\CE-AI\Sem 7\MP\Datasets\archive (1)\clean_images\buffalo\murrah\murrah_0172.jpg,buffalo,murrah,buffalo_murrah
D:\B.Tech\CE-AI\Sem 7\MP\Datasets\archive (1)\clean_images\cattle\red_sindhi\red_sindhi_0083.jpg,cattle,red_sindhi,cattle_red_sindhi
D:\B.Tech\CE-AI\Sem 7\MP\Datasets\archive (1)\clean_images\cattle\ayrshire\ayrshire_0683.jpg,cattle,ayrshire,cattle_ayrshire
D:\B.Tech\CE-AI\Sem 7\MP\Datasets\archive (1)\clean_images\buffalo\jaffarabadi\jaffarabadi_0070.jpg,buffalo,jaffarabadi,buffalo_jaffarabadi
D:\B.Tech\CE-AI\Sem 7\MP\Datasets\archive (1)\clean_images\cattle\khillar\khillar_0096.jpg,cattle,khillar,cattle_khillar
D:\B.Tech\CE-AI\Sem 7\MP\Datasets\archive (1)\clean_images\cattle\holstein-friesian\holstein-friesian_0549.jpg,cattle,holstein-friesian,cattle_holstein-friesian
D:\B.Tech\CE-AI\Sem 7\MP\Datasets\archive (1)\clean_images\cattle\krishna_valley\krishna_valley_0011.jpg,cattle,krishna_valley,cattle_krishna_valley
D:\B.Tech\CE-AI\Sem 7\MP\Datasets\archive (1)\clean_images\cattle\hallikar\hallikar_0031.jpg,cattle,hallikar,cattle_hallikar
D:\B.Tech\CE-AI\Sem 7\MP\Datasets\archive (1)\clean_images\cattle\nimari\nimari_0012.jpg,cattle,nimari,cattle_nimari
D:\B.Tech\CE-AI\Sem 7\MP\Datasets\archive (1)\clean_images\cattle\kankrej\kankrej_0140.png,cattle,kankrej,cattle_kankrej
D:\B.Tech\CE-AI\Sem 7\MP\Datasets\archive (1)\clean_images\cattle\ayrshire\ayrshire_0078.jpg,cattle,ayrshire,cattle_ayrshire
D:\B.Tech\CE-AI\Sem 7\MP\Datasets\archive (1)\clean_images\buffalo\nili_ravi\nili_ravi_0064.jpg,buffalo,nili_ravi,buffalo_nili_ravi
D:\B.Tech\CE-AI\Sem 7\MP\Datasets\archive (1)\clean_images\cattle\holstein-friesian\holstein-friesian_0042.jpg,cattle,holstein-friesian,cattle_holstein-friesian
D:\B.Tech\CE-AI\Sem 7\MP\Datasets\archive (1)\clean_images\cattle\red_dane\red_dane_0088.jpg,cattle,red_dane,cattle_red_dane
D:\B.Tech\CE-AI\Sem 7\MP\Datasets\archive (1)\clean_images\cattle\red_dane\red_dane_0041.jpg,cattle,red_dane,cattle_red_dane
D:\B.Tech\CE-AI\Sem 7\MP\Datasets\archive (1)\clean_images\cattle\brown_swiss\brown_swiss_0045.jpg,cattle,brown_swiss,cattle_brown_swiss
D:\B.Tech\CE-AI\Sem 7\MP\Datasets\archive (1)\clean_images\cattle\dangi\dangi_0055.jpg,cattle,dangi,cattle_dangi
D:\B.Tech\CE-AI\Sem 7\MP\Datasets\archive (1)\clean_images\buffalo\nagpuri\nagpuri_0064.jpg,buffalo,nagpuri,buffalo_nagpuri
D:\B.Tech\CE-AI\Sem 7\MP\Datasets\archive (1)\clean_images\cattle\khillar\khillar_0070.jpg,cattle,khillar,cattle_khillar
D:\B.Tech\CE-AI\Sem 7\MP\Datasets\archive (1)\clean_images\cattle\gir\gir_0250.jpg,cattle,gir,cattle_gir
D:\B.Tech\CE-AI\Sem 7\MP\Datasets\archive (1)\clean_images\buffalo\jaffarabadi\jaffarabadi_0010.jpg,buffalo,jaffarabadi,buffalo_jaffarabadi
D:\B.Tech\CE-AI\Sem 7\MP\Datasets\archive (1)\clean_images\cattle\vechur\vechur_0129.png,cattle,vechur,cattle_vechur
D:\B.Tech\CE-AI\Sem 7\MP\Datasets\archive (1)\clean_images\cattle\amritmahal\amritmahal_0175.jpg,cattle,amritmahal,cattle_amritmahal
D:\B.Tech\CE-AI\Sem 7\MP\Datasets\archive (1)\clean_images\cattle\brown_swiss\brown_swiss_0347.jpg,cattle,brown_swiss,cattle_brown_swiss
D:\B.Tech\CE-AI\Sem 7\MP\Datasets\archive (1)\clean_images\cattle\rathi\rathi_0078.jpg,cattle,rathi,cattle_rathi
D:\B.Tech\CE-AI\Sem 7\MP\Datasets\archive (1)\clean_images\cattle\hallikar\hallikar_0259.jpg,cattle,hallikar,cattle_hallikar
D:\B.Tech\CE-AI\Sem 7\MP\Datasets\archive (1)\clean_images\buffalo\murrah\murrah_0036.jpg,buffalo,murrah,buffalo_murrah
D:\B.Tech\CE-AI\Sem 7\MP\Datasets\archive (1)\clean_images\cattle\sahiwal\sahiwal_0390.jpg,cattle,sahiwal,cattle_sahiwal
D:\B.Tech\CE-AI\Sem 7\MP\Datasets\archive (1)\clean_images\cattle\malnad_gidda\malnad_gidda_0039.jpg,cattle,malnad_gidda,cattle_malnad_gidda
D:\B.Tech\CE-AI\Sem 7\MP\Datasets\archive (1)\clean_images\buffalo\murrah\murrah_0158.jpg,buffalo,murrah,buffalo_murrah
D:\B.Tech\CE-AI\Sem 7\MP\Datasets\archive (1)\clean_images\cattle\gir\gir_0405.jpg,cattle,gir,cattle_gir
D:\B.Tech\CE-AI\Sem 7\MP\Datasets\archive (1)\clean_images\cattle\brown_swiss\brown_swiss_0438.jpg,cattle,brown_swiss,cattle_brown_swiss
D:\B.Tech\CE-AI\Sem 7\MP\Datasets\archive (1)\clean_images\buffalo\alambadi\alambadi_0004.jpg,buffalo,alambadi,buffalo_alambadi
D:\B.Tech\CE-AI\Sem 7\MP\Datasets\archive (1)\clean_images\cattle\deoni\deoni_0049.jpg,cattle,deoni,cattle_deoni
D:\B.Tech\CE-AI\Sem 7\MP\Datasets\archive (1)\clean_images\buffalo\bargur\bargur_0106.jpg,buffalo,bargur,buffalo_bargur
D:\B.Tech\CE-AI\Sem 7\MP\Datasets\archive (1)\clean_images\cattle\amritmahal\amritmahal_0017.jpg,cattle,amritmahal,cattle_amritmahal
D:\B.Tech\CE-AI\Sem 7\MP\Datasets\archive (1)\clean_images\cattle\guernsey\guernsey_0053.jpg,cattle,guernsey,cattle_guernsey
D:\B.Tech\CE-AI\Sem 7\MP\Datasets\archive (1)\clean_images\cattle\guernsey\guernsey_0099.jpg,cattle,guernsey,cattle_guernsey
D:\B.Tech\CE-AI\Sem 7\MP\Datasets\archive (1)\clean_images\cattle\rathi\rathi_0073.jpg,cattle,rathi,cattle_rathi
D:\B.Tech\CE-AI\Sem 7\MP\Datasets\archive (1)\clean_images\cattle\nimari\nimari_0042.jpg,cattle,nimari,cattle_nimari
D:\B.Tech\CE-AI\Sem 7\MP\Datasets\archive (1)\clean_images\cattle\tharparkar\tharparkar_0023.jpg,cattle,tharparkar,cattle_tharparkar
D:\B.Tech\CE-AI\Sem 7\MP\Datasets\archive (1)\clean_images\cattle\ayrshire\ayrshire_0070.jpg,cattle,ayrshire,cattle_ayrshire
D:\B.Tech\CE-AI\Sem 7\MP\Datasets\archive (1)\clean_images\cattle\sahiwal\sahiwal_0355.jpg,cattle,sahiwal,cattle_sahiwal
D:\B.Tech\CE-AI\Sem 7\MP\Datasets\archive (1)\clean_images\buffalo\jaffarabadi\jaffarabadi_0080.jpg,buffalo,jaffarabadi,buffalo_jaffarabadi
D:\B.Tech\CE-AI\Sem 7\MP\Datasets\archive (1)\clean_images\cattle\gir\gir_0534.jpg,cattle,gir,cattle_gir
D:\B.Tech\CE-AI\Sem 7\MP\Datasets\archive (1)\clean_images\cattle\vechur\vechur_0019.jpg,cattle,vechur,cattle_vechur
D:\B.Tech\CE-AI\Sem 7\MP\Datasets\archive (1)\clean_images\cattle\holstein-friesian\holstein-friesian_0324.jpg,cattle,holstein-friesian,cattle_holstein-friesian
D:\B.Tech\CE-AI\Sem 7\MP\Datasets\archive (1)\clean_images\cattle\holstein-friesian\holstein-friesian_0495.jpg,cattle,holstein-friesian,cattle_holstein-friesian
D:\B.Tech\CE-AI\Sem 7\MP\Datasets\archive (1)\clean_images\buffalo\nagpuri\nagpuri_0029.jpg,buffalo,nagpuri,buffalo_nagpuri
D:\B.Tech\CE-AI\Sem 7\MP\Datasets\archive (1)\clean_images\cattle\red_dane\red_dane_0128.jpg,cattle,red_dane,cattle_red_dane
D:\B.Tech\CE-AI\Sem 7\MP\Datasets\archive (1)\clean_images\cattle\holstein-friesian\holstein-friesian_0562.jpg,cattle,holstein-friesian,cattle_holstein-friesian
D:\B.Tech\CE-AI\Sem 7\MP\Datasets\archive (1)\clean_images\cattle\kankrej\kankrej_0032.jpg,cattle,kankrej,cattle_kankrej
D:\B.Tech\CE-AI\Sem 7\MP\Datasets\archive (1)\clean_images\cattle\hariana\hariana_0110.png,cattle,hariana,cattle_hariana
D:\B.Tech\CE-AI\Sem 7\MP\Datasets\archive (1)\clean_images\cattle\krishna_valley\krishna_valley_0099.jpg,cattle,krishna_valley,cattle_krishna_valley
D:\B.Tech\CE-AI\Sem 7\MP\Datasets\archive (1)\clean_images\cattle\deoni\deoni_0131.jpg,cattle,deoni,cattle_deoni
D:\B.Tech\CE-AI\Sem 7\MP\Datasets\archive (1)\clean_images\cattle\vechur\vechur_0064.jpeg,cattle,vechur,cattle_vechur
D:\B.Tech\CE-AI\Sem 7\MP\Datasets\archive (1)\clean_images\buffalo\mehsana\mehsana_0101.jpg,buffalo,mehsana,buffalo_mehsana
D:\B.Tech\CE-AI\Sem 7\MP\Datasets\archive (1)\clean_images\cattle\hallikar\hallikar_0011.jpg,cattle,hallikar,cattle_hallikar
D:\B.Tech\CE-AI\Sem 7\MP\Datasets\archive (1)\clean_images\cattle\ayrshire\ayrshire_0333.jpg,cattle,ayrshire,cattle_ayrshire
D:\B.Tech\CE-AI\Sem 7\MP\Datasets\archive (1)\clean_images\buffalo\surti\surti_0050.jpg,buffalo,surti,buffalo_surti
D:\B.Tech\CE-AI\Sem 7\MP\Datasets\archive (1)\clean_images\buffalo\nagpuri\nagpuri_0077.jpg,buffalo,nagpuri,buffalo_nagpuri
D:\B.Tech\CE-AI\Sem 7\MP\Datasets\archive (1)\clean_images\cattle\tharparkar\tharparkar_0106.jpg,cattle,tharparkar,cattle_tharparkar
D:\B.Tech\CE-AI\Sem 7\MP\Datasets\archive (1)\clean_images\cattle\khillar\khillar_0101.png,cattle,khillar,cattle_khillar
D:\B.Tech\CE-AI\Sem 7\MP\Datasets\archive (1)\clean_images\cattle\ongole\ongole_0104.jpg,cattle,ongole,cattle_ongole
D:\B.Tech\CE-AI\Sem 7\MP\Datasets\archive (1)\clean_images\cattle\holstein-friesian\holstein-friesian_0243.jpg,cattle,holstein-friesian,cattle_holstein-friesian
D:\B.Tech\CE-AI\Sem 7\MP\Datasets\archive (1)\clean_images\buffalo\bhadawari\bhadawari_0049.jpg,buffalo,bhadawari,buffalo_bhadawari
D:\B.Tech\CE-AI\Sem 7\MP\Datasets\archive (1)\clean_images\buffalo\banni\banni_0005.jpg,buffalo,banni,buffalo_banni
D:\B.Tech\CE-AI\Sem 7\MP\Datasets\archive (1)\clean_images\cattle\ayrshire\ayrshire_0548.jpg,cattle,ayrshire,cattle_ayrshire
D:\B.Tech\CE-AI\Sem 7\MP\Datasets\archive (1)\clean_images\buffalo\nili_ravi\nili_ravi_0066.jpg,buffalo,nili_ravi,buffalo_nili_ravi
D:\B.Tech\CE-AI\Sem 7\MP\Datasets\archive (1)\clean_images\cattle\red_sindhi\red_sindhi_0115.jpg,cattle,red_sindhi,cattle_red_sindhi
D:\B.Tech\CE-AI\Sem 7\MP\Datasets\archive (1)\clean_images\buffalo\bhadawari\bhadawari_0089.jpg,buffalo,bhadawari,buffalo_bhadawari
D:\B.Tech\CE-AI\Sem 7\MP\Datasets\archive (1)\clean_images\cattle\hallikar\hallikar_0283.png,cattle,hallikar,cattle_hallikar
D:\B.Tech\CE-AI\Sem 7\MP\Datasets\archive (1)\clean_images\buffalo\murrah\murrah_0124.jpg,buffalo,murrah,buffalo_murrah
D:\B.Tech\CE-AI\Sem 7\MP\Datasets\archive (1)\clean_images\cattle\brown_swiss\brown_swiss_0137.jpg,cattle,brown_swiss,cattle_brown_swiss
D:\B.Tech\CE-AI\Sem 7\MP\Datasets\archive (1)\clean_images\cattle\sahiwal\sahiwal_0410.jpg,cattle,sahiwal,cattle_sahiwal
D:\B.Tech\CE-AI\Sem 7\MP\Datasets\archive (1)\clean_images\cattle\hariana\hariana_0028.jpg,cattle,hariana,cattle_hariana
D:\B.Tech\CE-AI\Sem 7\MP\Datasets\archive (1)\clean_images\cattle\nagori\nagori_0035.jpg,cattle,nagori,cattle_nagori
D:\B.Tech\CE-AI\Sem 7\MP\Datasets\archive (1)\clean_images\cattle\gir\gir_0454.jpg,cattle,gir,cattle_gir
D:\B.Tech\CE-AI\Sem 7\MP\Datasets\archive (1)\clean_images\cattle\ayrshire\ayrshire_0696.jpg,cattle,ayrshire,cattle_ayrshire
D:\B.Tech\CE-AI\Sem 7\MP\Datasets\archive (1)\clean_images\cattle\deoni\deoni_0056.jpg,cattle,deoni,cattle_deoni
D:\B.Tech\CE-AI\Sem 7\MP\Datasets\archive (1)\clean_images\cattle\red_dane\red_dane_0149.jpg,cattle,red_dane,cattle_red_dane
D:\B.Tech\CE-AI\Sem 7\MP\Datasets\archive (1)\clean_images\buffalo\bargur\bargur_0005.jpg,buffalo,bargur,buffalo_bargur
D:\B.Tech\CE-AI\Sem 7\MP\Datasets\archive (1)\clean_images\cattle\gir\gir_0484.jpg,cattle,gir,cattle_gir
D:\B.Tech\CE-AI\Sem 7\MP\Datasets\archive (1)\clean_images\cattle\malnad_gidda\malnad_gidda_0015.jpg,cattle,malnad_gidda,cattle_malnad_gidda
D:\B.Tech\CE-AI\Sem 7\MP\Datasets\archive (1)\clean_images\cattle\ongole\ongole_0145.png,cattle,ongole,cattle_ongole
D:\B.Tech\CE-AI\Sem 7\MP\Datasets\archive (1)\clean_images\cattle\brown_swiss\brown_swiss_0308.jpg,cattle,brown_swiss,cattle_brown_swiss
D:\B.Tech\CE-AI\Sem 7\MP\Datasets\archive (1)\clean_images\cattle\holstein-friesian\holstein-friesian_0065.jpg,cattle,holstein-friesian,cattle_holstein-friesian
D:\B.Tech\CE-AI\Sem 7\MP\Datasets\archive (1)\clean_images\cattle\sahiwal\sahiwal_0261.jpg,cattle,sahiwal,cattle_sahiwal
D:\B.Tech\CE-AI\Sem 7\MP\Datasets\archive (1)\clean_images\buffalo\mehsana\mehsana_0071.jpg,buffalo,mehsana,buffalo_mehsana
D:\B.Tech\CE-AI\Sem 7\MP\Datasets\archive (1)\clean_images\cattle\hallikar\hallikar_0025.jpg,cattle,hallikar,cattle_hallikar
D:\B.Tech\CE-AI\Sem 7\MP\Datasets\archive (1)\clean_images\cattle\vechur\vechur_0054.jpg,cattle,vechur,cattle_vechur
D:\B.Tech\CE-AI\Sem 7\MP\Datasets\archive (1)\clean_images\cattle\vechur\vechur_0150.png,cattle,vechur,cattle_vechur
D:\B.Tech\CE-AI\Sem 7\MP\Datasets\archive (1)\clean_images\cattle\holstein-friesian\holstein-friesian_0105.jpg,cattle,holstein-friesian,cattle_holstein-friesian
D:\B.Tech\CE-AI\Sem 7\MP\Datasets\archive (1)\clean_images\cattle\kankrej\kankrej_0054.jpg,cattle,kankrej,cattle_kankrej
D:\B.Tech\CE-AI\Sem 7\MP\Datasets\archive (1)\clean_images\cattle\red_sindhi\red_sindhi_0138.jpg,cattle,red_sindhi,cattle_red_sindhi
D:\B.Tech\CE-AI\Sem 7\MP\Datasets\archive (1)\clean_images\cattle\brown_swiss\brown_swiss_0455.jpg,cattle,brown_swiss,cattle_brown_swiss
D:\B.Tech\CE-AI\Sem 7\MP\Datasets\archive (1)\clean_images\cattle\brown_swiss\brown_swiss_0107.jpg,cattle,brown_swiss,cattle_brown_swiss
D:\B.Tech\CE-AI\Sem 7\MP\Datasets\archive (1)\clean_images\cattle\amritmahal\amritmahal_0167.jpg,cattle,amritmahal,cattle_amritmahal
D:\B.Tech\CE-AI\Sem 7\MP\Datasets\archive (1)\clean_images\cattle\dangi\dangi_0005.jpg,cattle,dangi,cattle_dangi
D:\B.Tech\CE-AI\Sem 7\MP\Datasets\archive (1)\clean_images\cattle\pulikulam\pulikulam_0054.png,cattle,pulikulam,cattle_pulikulam
D:\B.Tech\CE-AI\Sem 7\MP\Datasets\archive (1)\clean_images\cattle\holstein-friesian\holstein-friesian_0384.jpg,cattle,holstein-friesian,cattle_holstein-friesian
D:\B.Tech\CE-AI\Sem 7\MP\Datasets\archive (1)\clean_images\cattle\deoni\deoni_0126.png,cattle,deoni,cattle_deoni
D:\B.Tech\CE-AI\Sem 7\MP\Datasets\archive (1)\clean_images\cattle\holstein-friesian\holstein-friesian_0353.jpg,cattle,holstein-friesian,cattle_holstein-friesian
D:\B.Tech\CE-AI\Sem 7\MP\Datasets\archive (1)\clean_images\cattle\nimari\nimari_0062.png,cattle,nimari,cattle_nimari
D:\B.Tech\CE-AI\Sem 7\MP\Datasets\archive (1)\clean_images\buffalo\toda\toda_0128.jpg,buffalo,toda,buffalo_toda
D:\B.Tech\CE-AI\Sem 7\MP\Datasets\archive (1)\clean_images\cattle\ayrshire\ayrshire_0345.jpg,cattle,ayrshire,cattle_ayrshire
D:\B.Tech\CE-AI\Sem 7\MP\Datasets\archive (1)\clean_images\cattle\nagori\nagori_0045.jpeg,cattle,nagori,cattle_nagori
D:\B.Tech\CE-AI\Sem 7\MP\Datasets\archive (1)\clean_images\cattle\tharparkar\tharparkar_0184.jpg,cattle,tharparkar,cattle_tharparkar
D:\B.Tech\CE-AI\Sem 7\MP\Datasets\archive (1)\clean_images\cattle\holstein-friesian\holstein-friesian_0224.jpg,cattle,holstein-friesian,cattle_holstein-friesian
D:\B.Tech\CE-AI\Sem 7\MP\Datasets\archive (1)\clean_images\cattle\kankrej\kankrej_0026.jpg,cattle,kankrej,cattle_kankrej
D:\B.Tech\CE-AI\Sem 7\MP\Datasets\archive (1)\clean_images\cattle\ongole\ongole_0076.jpg,cattle,ongole,cattle_ongole
D:\B.Tech\CE-AI\Sem 7\MP\Datasets\archive (1)\clean_images\cattle\red_dane\red_dane_0009.jpg,cattle,red_dane,cattle_red_dane
D:\B.Tech\CE-AI\Sem 7\MP\Datasets\archive (1)\clean_images\cattle\ayrshire\ayrshire_0695.jpg,cattle,ayrshire,cattle_ayrshire
D:\B.Tech\CE-AI\Sem 7\MP\Datasets\archive (1)\clean_images\cattle\deoni\deoni_0019.jpg,cattle,deoni,cattle_deoni
D:\B.Tech\CE-AI\Sem 7\MP\Datasets\archive (1)\clean_images\cattle\brown_swiss\brown_swiss_0017.jpg,cattle,brown_swiss,cattle_brown_swiss
D:\B.Tech\CE-AI\Sem 7\MP\Datasets\archive (1)\clean_images\cattle\ongole\ongole_0037.png,cattle,ongole,cattle_ongole
D:\B.Tech\CE-AI\Sem 7\MP\Datasets\archive (1)\clean_images\cattle\gir\gir_0161.jpg,cattle,gir,cattle_gir
D:\B.Tech\CE-AI\Sem 7\MP\Datasets\archive (1)\clean_images\cattle\khillar\khillar_0040.jpg,cattle,khillar,cattle_khillar
D:\B.Tech\CE-AI\Sem 7\MP\Datasets\archive (1)\clean_images\cattle\tharparkar\tharparkar_0229.png,cattle,tharparkar,cattle_tharparkar
D:\B.Tech\CE-AI\Sem 7\MP\Datasets\archive (1)\clean_images\cattle\gir\gir_0090.jpg,cattle,gir,cattle_gir
D:\B.Tech\CE-AI\Sem 7\MP\Datasets\archive (1)\clean_images\buffalo\bhadawari\bhadawari_0104.jpg,buffalo,bhadawari,buffalo_bhadawari
D:\B.Tech\CE-AI\Sem 7\MP\Datasets\archive (1)\clean_images\cattle\kangayam\kangayam_0065.jpg,cattle,kangayam,cattle_kangayam
D:\B.Tech\CE-AI\Sem 7\MP\Datasets\archive (1)\clean_images\buffalo\murrah\murrah_0135.jpg,buffalo,murrah,buffalo_murrah
D:\B.Tech\CE-AI\Sem 7\MP\Datasets\archive (1)\clean_images\cattle\ayrshire\ayrshire_0470.jpg,cattle,ayrshire,cattle_ayrshire
D:\B.Tech\CE-AI\Sem 7\MP\Datasets\archive (1)\clean_images\buffalo\mehsana\mehsana_0086.jpg,buffalo,mehsana,buffalo_mehsana
D:\B.Tech\CE-AI\Sem 7\MP\Datasets\archive (1)\clean_images\cattle\brown_swiss\brown_swiss_0046.jpg,cattle,brown_swiss,cattle_brown_swiss
D:\B.Tech\CE-AI\Sem 7\MP\Datasets\archive (1)\clean_images\cattle\kangayam\kangayam_0005.jpg,cattle,kangayam,cattle_kangayam
D:\B.Tech\CE-AI\Sem 7\MP\Datasets\archive (1)\clean_images\cattle\pulikulam\pulikulam_0024.jpg,cattle,pulikulam,cattle_pulikulam
D:\B.Tech\CE-AI\Sem 7\MP\Datasets\archive (1)\clean_images\cattle\ayrshire\ayrshire_0477.jpg,cattle,ayrshire,cattle_ayrshire
D:\B.Tech\CE-AI\Sem 7\MP\Datasets\archive (1)\clean_images\cattle\guernsey\guernsey_0026.jpg,cattle,guernsey,cattle_guernsey
D:\B.Tech\CE-AI\Sem 7\MP\Datasets\archive (1)\clean_images\cattle\ongole\ongole_0032.png,cattle,ongole,cattle_ongole
D:\B.Tech\CE-AI\Sem 7\MP\Datasets\archive (1)\clean_images\cattle\deoni\deoni_0179.jpg,cattle,deoni,cattle_deoni
D:\B.Tech\CE-AI\Sem 7\MP\Datasets\archive (1)\clean_images\cattle\jersey\jersey_0038.jpg,cattle,jersey,cattle_jersey
D:\B.Tech\CE-AI\Sem 7\MP\Datasets\archive (1)\clean_images\cattle\tharparkar\tharparkar_0124.png,cattle,tharparkar,cattle_tharparkar
D:\B.Tech\CE-AI\Sem 7\MP\Datasets\archive (1)\clean_images\cattle\hallikar\hallikar_0233.png,cattle,hallikar,cattle_hallikar
D:\B.Tech\CE-AI\Sem 7\MP\Datasets\archive (1)\clean_images\cattle\gir\gir_0010.jpg,cattle,gir,cattle_gir
D:\B.Tech\CE-AI\Sem 7\MP\Datasets\archive (1)\clean_images\cattle\ayrshire\ayrshire_0136.jpg,cattle,ayrshire,cattle_ayrshire
D:\B.Tech\CE-AI\Sem 7\MP\Datasets\archive (1)\clean_images\cattle\hallikar\hallikar_0035.jpg,cattle,hallikar,cattle_hallikar
D:\B.Tech\CE-AI\Sem 7\MP\Datasets\archive (1)\clean_images\cattle\sahiwal\sahiwal_0452.jpg,cattle,sahiwal,cattle_sahiwal
D:\B.Tech\CE-AI\Sem 7\MP\Datasets\archive (1)\clean_images\cattle\sahiwal\sahiwal_0004.jpg,cattle,sahiwal,cattle_sahiwal
D:\B.Tech\CE-AI\Sem 7\MP\Datasets\archive (1)\clean_images\cattle\krishna_valley\krishna_valley_0082.jpg,cattle,krishna_valley,cattle_krishna_valley
D:\B.Tech\CE-AI\Sem 7\MP\Datasets\archive (1)\clean_images\cattle\vechur\vechur_0137.png,cattle,vechur,cattle_vechur
D:\B.Tech\CE-AI\Sem 7\MP\Datasets\archive (1)\clean_images\cattle\hallikar\hallikar_0036.jpg,cattle,hallikar,cattle_hallikar
D:\B.Tech\CE-AI\Sem 7\MP\Datasets\archive (1)\clean_images\cattle\ayrshire\ayrshire_0365.jpg,cattle,ayrshire,cattle_ayrshire
D:\B.Tech\CE-AI\Sem 7\MP\Datasets\archive (1)\clean_images\cattle\brown_swiss\brown_swiss_0333.jpg,cattle,brown_swiss,cattle_brown_swiss
D:\B.Tech\CE-AI\Sem 7\MP\Datasets\archive (1)\clean_images\cattle\hallikar\hallikar_0218.jpg,cattle,hallikar,cattle_hallikar
D:\B.Tech\CE-AI\Sem 7\MP\Datasets\archive (1)\clean_images\buffalo\surti\surti_0025.gif,buffalo,surti,buffalo_surti
D:\B.Tech\CE-AI\Sem 7\MP\Datasets\archive (1)\clean_images\buffalo\murrah\murrah_0040.jpeg,buffalo,murrah,buffalo_murrah
D:\B.Tech\CE-AI\Sem 7\MP\Datasets\archive (1)\clean_images\buffalo\jaffarabadi\jaffarabadi_0083.jpg,buffalo,jaffarabadi,buffalo_jaffarabadi
D:\B.Tech\CE-AI\Sem 7\MP\Datasets\archive (1)\clean_images\cattle\rathi\rathi_0089.jpg,cattle,rathi,cattle_rathi
D:\B.Tech\CE-AI\Sem 7\MP\Datasets\archive (1)\clean_images\cattle\holstein-friesian\holstein-friesian_0063.jpg,cattle,holstein-friesian,cattle_holstein-friesian
D:\B.Tech\CE-AI\Sem 7\MP\Datasets\archive (1)\clean_images\cattle\ayrshire\ayrshire_0465.jpg,cattle,ayrshire,cattle_ayrshire
D:\B.Tech\CE-AI\Sem 7\MP\Datasets\archive (1)\clean_images\cattle\kankrej\kankrej_0164.png,cattle,kankrej,cattle_kankrej
D:\B.Tech\CE-AI\Sem 7\MP\Datasets\archive (1)\clean_images\cattle\sahiwal\sahiwal_0434.jpg,cattle,sahiwal,cattle_sahiwal
D:\B.Tech\CE-AI\Sem 7\MP\Datasets\archive (1)\clean_images\buffalo\bhadawari\bhadawari_0150.jpg,buffalo,bhadawari,buffalo_bhadawari
D:\B.Tech\CE-AI\Sem 7\MP\Datasets\archive (1)\clean_images\cattle\brown_swiss\brown_swiss_0069.jpg,cattle,brown_swiss,cattle_brown_swiss
D:\B.Tech\CE-AI\Sem 7\MP\Datasets\archive (1)\clean_images\cattle\bargur\bargur_0077.jpg,cattle,bargur,cattle_bargur
D:\B.Tech\CE-AI\Sem 7\MP\Datasets\archive (1)\clean_images\cattle\deoni\deoni_0118.jpg,cattle,deoni,cattle_deoni
D:\B.Tech\CE-AI\Sem 7\MP\Datasets\archive (1)\clean_images\cattle\malnad_gidda\malnad_gidda_0081.png,cattle,malnad_gidda,cattle_malnad_gidda
D:\B.Tech\CE-AI\Sem 7\MP\Datasets\archive (1)\clean_images\cattle\bargur\bargur_0094.jpg,cattle,bargur,cattle_bargur
D:\B.Tech\CE-AI\Sem 7\MP\Datasets\archive (1)\clean_images\cattle\gir\gir_0481.jpg,cattle,gir,cattle_gir
D:\B.Tech\CE-AI\Sem 7\MP\Datasets\archive (1)\clean_images\cattle\hariana\hariana_0085.png,cattle,hariana,cattle_hariana
D:\B.Tech\CE-AI\Sem 7\MP\Datasets\archive (1)\clean_images\cattle\holstein-friesian\holstein-friesian_0149.jpg,cattle,holstein-friesian,cattle_holstein-friesian
D:\B.Tech\CE-AI\Sem 7\MP\Datasets\archive (1)\clean_images\cattle\brown_swiss\brown_swiss_0358.jpg,cattle,brown_swiss,cattle_brown_swiss
D:\B.Tech\CE-AI\Sem 7\MP\Datasets\archive (1)\clean_images\cattle\kankrej\kankrej_0007.jpg,cattle,kankrej,cattle_kankrej
D:\B.Tech\CE-AI\Sem 7\MP\Datasets\archive (1)\clean_images\cattle\gir\gir_0682.jpg,cattle,gir,cattle_gir
D:\B.Tech\CE-AI\Sem 7\MP\Datasets\archive (1)\clean_images\cattle\nimari\nimari_0040.jpg,cattle,nimari,cattle_nimari
D:\B.Tech\CE-AI\Sem 7\MP\Datasets\archive (1)\clean_images\cattle\red_dane\red_dane_0144.jpg,cattle,red_dane,cattle_red_dane
D:\B.Tech\CE-AI\Sem 7\MP\Datasets\archive (1)\clean_images\cattle\gir\gir_0594.jpg,cattle,gir,cattle_gir
D:\B.Tech\CE-AI\Sem 7\MP\Datasets\archive (1)\clean_images\cattle\khillar\khillar_0063.jpg,cattle,khillar,cattle_khillar
D:\B.Tech\CE-AI\Sem 7\MP\Datasets\archive (1)\clean_images\cattle\hallikar\hallikar_0269.png,cattle,hallikar,cattle_hallikar
D:\B.Tech\CE-AI\Sem 7\MP\Datasets\archive (1)\clean_images\cattle\gir\gir_0253.jpg,cattle,gir,cattle_gir
D:\B.Tech\CE-AI\Sem 7\MP\Datasets\archive (1)\clean_images\cattle\holstein-friesian\holstein-friesian_0152.jpg,cattle,holstein-friesian,cattle_holstein-friesian
D:\B.Tech\CE-AI\Sem 7\MP\Datasets\archive (1)\clean_images\cattle\brown_swiss\brown_swiss_0429.jpg,cattle,brown_swiss,cattle_brown_swiss
D:\B.Tech\CE-AI\Sem 7\MP\Datasets\archive (1)\clean_images\cattle\gir\gir_0631.png,cattle,gir,cattle_gir
D:\B.Tech\CE-AI\Sem 7\MP\Datasets\archive (1)\clean_images\buffalo\nagpuri\nagpuri_0065.jpg,buffalo,nagpuri,buffalo_nagpuri
D:\B.Tech\CE-AI\Sem 7\MP\Datasets\archive (1)\clean_images\cattle\vechur\vechur_0086.jpg,cattle,vechur,cattle_vechur
D:\B.Tech\CE-AI\Sem 7\MP\Datasets\archive (1)\clean_images\cattle\hallikar\hallikar_0059.jpg,cattle,hallikar,cattle_hallikar
D:\B.Tech\CE-AI\Sem 7\MP\Datasets\archive (1)\clean_images\buffalo\jaffarabadi\jaffarabadi_0102.jpg,buffalo,jaffarabadi,buffalo_jaffarabadi
D:\B.Tech\CE-AI\Sem 7\MP\Datasets\archive (1)\clean_images\cattle\brown_swiss\brown_swiss_0270.jpg,cattle,brown_swiss,cattle_brown_swiss
D:\B.Tech\CE-AI\Sem 7\MP\Datasets\archive (1)\clean_images\cattle\brown_swiss\brown_swiss_0287.jpg,cattle,brown_swiss,cattle_brown_swiss
D:\B.Tech\CE-AI\Sem 7\MP\Datasets\archive (1)\clean_images\cattle\pulikulam\pulikulam_0089.jpg,cattle,pulikulam,cattle_pulikulam
D:\B.Tech\CE-AI\Sem 7\MP\Datasets\archive (1)\clean_images\cattle\ayrshire\ayrshire_0487.jpg,cattle,ayrshire,cattle_ayrshire
D:\B.Tech\CE-AI\Sem 7\MP\Datasets\archive (1)\clean_images\buffalo\surti\surti_0073.png,buffalo,surti,buffalo_surti
D:\B.Tech\CE-AI\Sem 7\MP\Datasets\archive (1)\clean_images\cattle\kankrej\kankrej_0111.png,cattle,kankrej,cattle_kankrej
D:\B.Tech\CE-AI\Sem 7\MP\Datasets\archive (1)\clean_images\cattle\amritmahal\amritmahal_0180.jpg,cattle,amritmahal,cattle_amritmahal
D:\B.Tech\CE-AI\Sem 7\MP\Datasets\archive (1)\clean_images\cattle\kherigarh\kherigarh_0006.jpg,cattle,kherigarh,cattle_kherigarh
D:\B.Tech\CE-AI\Sem 7\MP\Datasets\archive (1)\clean_images\cattle\sahiwal\sahiwal_0189.jpg,cattle,sahiwal,cattle_sahiwal
D:\B.Tech\CE-AI\Sem 7\MP\Datasets\archive (1)\clean_images\cattle\hallikar\hallikar_0071.jpg,cattle,hallikar,cattle_hallikar
D:\B.Tech\CE-AI\Sem 7\MP\Datasets\archive (1)\clean_images\cattle\guernsey\guernsey_0061.jpg,cattle,guernsey,cattle_guernsey
D:\B.Tech\CE-AI\Sem 7\MP\Datasets\archive (1)\clean_images\buffalo\murrah\murrah_0020.jpg,buffalo,murrah,buffalo_murrah
D:\B.Tech\CE-AI\Sem 7\MP\Datasets\archive (1)\clean_images\cattle\holstein-friesian\holstein-friesian_0402.jpg,cattle,holstein-friesian,cattle_holstein-friesian
D:\B.Tech\CE-AI\Sem 7\MP\Datasets\archive (1)\clean_images\buffalo\murrah\murrah_0123.jpg,buffalo,murrah,buffalo_murrah
D:\B.Tech\CE-AI\Sem 7\MP\Datasets\archive (1)\clean_images\cattle\ayrshire\ayrshire_0285.jpg,cattle,ayrshire,cattle_ayrshire
D:\B.Tech\CE-AI\Sem 7\MP\Datasets\archive (1)\clean_images\cattle\ayrshire\ayrshire_0191.jpg,cattle,ayrshire,cattle_ayrshire
D:\B.Tech\CE-AI\Sem 7\MP\Datasets\archive (1)\clean_images\cattle\vechur\vechur_0138.png,cattle,vechur,cattle_vechur
D:\B.Tech\CE-AI\Sem 7\MP\Datasets\archive (1)\clean_images\cattle\hallikar\hallikar_0224.jpg,cattle,hallikar,cattle_hallikar
D:\B.Tech\CE-AI\Sem 7\MP\Datasets\archive (1)\clean_images\cattle\brown_swiss\brown_swiss_0252.jpg,cattle,brown_swiss,cattle_brown_swiss
D:\B.Tech\CE-AI\Sem 7\MP\Datasets\archive (1)\clean_images\cattle\kankrej\kankrej_0137.png,cattle,kankrej,cattle_kankrej
D:\B.Tech\CE-AI\Sem 7\MP\Datasets\archive (1)\clean_images\cattle\red_sindhi\red_sindhi_0124.jpg,cattle,red_sindhi,cattle_red_sindhi
D:\B.Tech\CE-AI\Sem 7\MP\Datasets\archive (1)\clean_images\cattle\holstein-friesian\holstein-friesian_0010.jpg,cattle,holstein-friesian,cattle_holstein-friesian
D:\B.Tech\CE-AI\Sem 7\MP\Datasets\archive (1)\clean_images\cattle\ayrshire\ayrshire_0348.jpg,cattle,ayrshire,cattle_ayrshire
D:\B.Tech\CE-AI\Sem 7\MP\Datasets\archive (1)\clean_images\cattle\sahiwal\sahiwal_0412.jpg,cattle,sahiwal,cattle_sahiwal
D:\B.Tech\CE-AI\Sem 7\MP\Datasets\archive (1)\clean_images\cattle\jersey\jersey_0092.jpg,cattle,jersey,cattle_jersey
D:\B.Tech\CE-AI\Sem 7\MP\Datasets\archive (1)\clean_images\cattle\sahiwal\sahiwal_0122.jpg,cattle,sahiwal,cattle_sahiwal
D:\B.Tech\CE-AI\Sem 7\MP\Datasets\archive (1)\clean_images\cattle\sahiwal\sahiwal_0139.png,cattle,sahiwal,cattle_sahiwal
D:\B.Tech\CE-AI\Sem 7\MP\Datasets\archive (1)\clean_images\cattle\kangayam\kangayam_0099.jpg,cattle,kangayam,cattle_kangayam
D:\B.Tech\CE-AI\Sem 7\MP\Datasets\archive (1)\clean_images\buffalo\bhadawari\bhadawari_0099.jpg,buffalo,bhadawari,buffalo_bhadawari
D:\B.Tech\CE-AI\Sem 7\MP\Datasets\archive (1)\clean_images\cattle\gir\gir_0623.jpg,cattle,gir,cattle_gir
D:\B.Tech\CE-AI\Sem 7\MP\Datasets\archive (1)\clean_images\cattle\krishna_valley\krishna_valley_0028.jpg,cattle,krishna_valley,cattle_krishna_valley
D:\B.Tech\CE-AI\Sem 7\MP\Datasets\archive (1)\clean_images\cattle\gir\gir_0765.jpg,cattle,gir,cattle_gir
D:\B.Tech\CE-AI\Sem 7\MP\Datasets\archive (1)\clean_images\buffalo\banni\banni_0095.jpg,buffalo,banni,buffalo_banni
D:\B.Tech\CE-AI\Sem 7\MP\Datasets\archive (1)\clean_images\cattle\ayrshire\ayrshire_0611.jpg,cattle,ayrshire,cattle_ayrshire
D:\B.Tech\CE-AI\Sem 7\MP\Datasets\archive (1)\clean_images\buffalo\toda\toda_0078.jpg,buffalo,toda,buffalo_toda
D:\B.Tech\CE-AI\Sem 7\MP\Datasets\archive (1)\clean_images\cattle\amritmahal\amritmahal_0162.png,cattle,amritmahal,cattle_amritmahal
D:\B.Tech\CE-AI\Sem 7\MP\Datasets\archive (1)\clean_images\cattle\nagori\nagori_0048.jpg,cattle,nagori,cattle_nagori
D:\B.Tech\CE-AI\Sem 7\MP\Datasets\archive (1)\clean_images\cattle\brown_swiss\brown_swiss_0204.jpg,cattle,brown_swiss,cattle_brown_swiss
D:\B.Tech\CE-AI\Sem 7\MP\Datasets\archive (1)\clean_images\buffalo\banni\banni_0035.jpg,buffalo,banni,buffalo_banni
D:\B.Tech\CE-AI\Sem 7\MP\Datasets\archive (1)\clean_images\buffalo\toda\toda_0056.jpg,buffalo,toda,buffalo_toda
D:\B.Tech\CE-AI\Sem 7\MP\Datasets\archive (1)\clean_images\cattle\nagori\nagori_0091.png,cattle,nagori,cattle_nagori
D:\B.Tech\CE-AI\Sem 7\MP\Datasets\archive (1)\clean_images\buffalo\bargur\bargur_0068.jpg,buffalo,bargur,buffalo_bargur
D:\B.Tech\CE-AI\Sem 7\MP\Datasets\archive (1)\clean_images\cattle\brown_swiss\brown_swiss_0114.jpg,cattle,brown_swiss,cattle_brown_swiss
D:\B.Tech\CE-AI\Sem 7\MP\Datasets\archive (1)\clean_images\cattle\sahiwal\sahiwal_0123.jpg,cattle,sahiwal,cattle_sahiwal
D:\B.Tech\CE-AI\Sem 7\MP\Datasets\archive (1)\clean_images\cattle\brown_swiss\brown_swiss_0106.jpg,cattle,brown_swiss,cattle_brown_swiss
D:\B.Tech\CE-AI\Sem 7\MP\Datasets\archive (1)\clean_images\cattle\hariana\hariana_0015.png,cattle,hariana,cattle_hariana
D:\B.Tech\CE-AI\Sem 7\MP\Datasets\archive (1)\clean_images\cattle\sahiwal\sahiwal_0429.jpg,cattle,sahiwal,cattle_sahiwal
D:\B.Tech\CE-AI\Sem 7\MP\Datasets\archive (1)\clean_images\cattle\gir\gir_0597.jpg,cattle,gir,cattle_gir
D:\B.Tech\CE-AI\Sem 7\MP\Datasets\archive (1)\clean_images\cattle\gir\gir_0464.png,cattle,gir,cattle_gir
D:\B.Tech\CE-AI\Sem 7\MP\Datasets\archive (1)\clean_images\buffalo\alambadi\alambadi_0062.jpg,buffalo,alambadi,buffalo_alambadi
D:\B.Tech\CE-AI\Sem 7\MP\Datasets\archive (1)\clean_images\cattle\holstein-friesian\holstein-friesian_0491.jpg,cattle,holstein-friesian,cattle_holstein-friesian
D:\B.Tech\CE-AI\Sem 7\MP\Datasets\archive (1)\clean_images\cattle\kankrej\kankrej_0053.jpg,cattle,kankrej,cattle_kankrej
D:\B.Tech\CE-AI\Sem 7\MP\Datasets\archive (1)\clean_images\cattle\gir\gir_0645.png,cattle,gir,cattle_gir
D:\B.Tech\CE-AI\Sem 7\MP\Datasets\archive (1)\clean_images\cattle\gir\gir_0335.jpg,cattle,gir,cattle_gir
D:\B.Tech\CE-AI\Sem 7\MP\Datasets\archive (1)\clean_images\cattle\gir\gir_0721.jpg,cattle,gir,cattle_gir
D:\B.Tech\CE-AI\Sem 7\MP\Datasets\archive (1)\clean_images\cattle\gir\gir_0368.jpg,cattle,gir,cattle_gir
D:\B.Tech\CE-AI\Sem 7\MP\Datasets\archive (1)\clean_images\cattle\ongole\ongole_0030.png,cattle,ongole,cattle_ongole
D:\B.Tech\CE-AI\Sem 7\MP\Datasets\archive (1)\clean_images\cattle\deoni\deoni_0071.jpg,cattle,deoni,cattle_deoni
D:\B.Tech\CE-AI\Sem 7\MP\Datasets\archive (1)\clean_images\cattle\holstein-friesian\holstein-friesian_0250.jpg,cattle,holstein-friesian,cattle_holstein-friesian
D:\B.Tech\CE-AI\Sem 7\MP\Datasets\archive (1)\clean_images\cattle\red_sindhi\red_sindhi_0055.jpg,cattle,red_sindhi,cattle_red_sindhi
D:\B.Tech\CE-AI\Sem 7\MP\Datasets\archive (1)\clean_images\cattle\ongole\ongole_0011.jpg,cattle,ongole,cattle_ongole
D:\B.Tech\CE-AI\Sem 7\MP\Datasets\archive (1)\clean_images\cattle\amritmahal\amritmahal_0041.jpg,cattle,amritmahal,cattle_amritmahal
D:\B.Tech\CE-AI\Sem 7\MP\Datasets\archive (1)\clean_images\cattle\guernsey\guernsey_0158.jpg,cattle,guernsey,cattle_guernsey
D:\B.Tech\CE-AI\Sem 7\MP\Datasets\archive (1)\clean_images\cattle\red_dane\red_dane_0030.jpg,cattle,red_dane,cattle_red_dane
D:\B.Tech\CE-AI\Sem 7\MP\Datasets\archive (1)\clean_images\buffalo\toda\toda_0052.jpg,buffalo,toda,buffalo_toda
D:\B.Tech\CE-AI\Sem 7\MP\Datasets\archive (1)\clean_images\cattle\holstein-friesian\holstein-friesian_0558.jpg,cattle,holstein-friesian,cattle_holstein-friesian
D:\B.Tech\CE-AI\Sem 7\MP\Datasets\archive (1)\clean_images\cattle\gir\gir_0331.jpg,cattle,gir,cattle_gir
D:\B.Tech\CE-AI\Sem 7\MP\Datasets\archive (1)\clean_images\cattle\ongole\ongole_0049.jpg,cattle,ongole,cattle_ongole
D:\B.Tech\CE-AI\Sem 7\MP\Datasets\archive (1)\clean_images\buffalo\banni\banni_0114.jpg,buffalo,banni,buffalo_banni
D:\B.Tech\CE-AI\Sem 7\MP\Datasets\archive (1)\clean_images\cattle\ayrshire\ayrshire_0666.jpg,cattle,ayrshire,cattle_ayrshire
D:\B.Tech\CE-AI\Sem 7\MP\Datasets\archive (1)\clean_images\cattle\holstein-friesian\holstein-friesian_0161.jpg,cattle,holstein-friesian,cattle_holstein-friesian
D:\B.Tech\CE-AI\Sem 7\MP\Datasets\archive (1)\clean_images\cattle\gir\gir_0691.png,cattle,gir,cattle_gir
D:\B.Tech\CE-AI\Sem 7\MP\Datasets\archive (1)\clean_images\cattle\hallikar\hallikar_0081.jpg,cattle,hallikar,cattle_hallikar
D:\B.Tech\CE-AI\Sem 7\MP\Datasets\archive (1)\clean_images\cattle\ayrshire\ayrshire_0017.jpg,cattle,ayrshire,cattle_ayrshire
D:\B.Tech\CE-AI\Sem 7\MP\Datasets\archive (1)\clean_images\cattle\ongole\ongole_0028.png,cattle,ongole,cattle_ongole
D:\B.Tech\CE-AI\Sem 7\MP\Datasets\archive (1)\clean_images\cattle\red_sindhi\red_sindhi_0122.jpg,cattle,red_sindhi,cattle_red_sindhi
D:\B.Tech\CE-AI\Sem 7\MP\Datasets\archive (1)\clean_images\cattle\gir\gir_0654.png,cattle,gir,cattle_gir
D:\B.Tech\CE-AI\Sem 7\MP\Datasets\archive (1)\clean_images\buffalo\toda\toda_0033.jpg,buffalo,toda,buffalo_toda
D:\B.Tech\CE-AI\Sem 7\MP\Datasets\archive (1)\clean_images\cattle\nagori\nagori_0065.png,cattle,nagori,cattle_nagori
D:\B.Tech\CE-AI\Sem 7\MP\Datasets\archive (1)\clean_images\cattle\jersey\jersey_0080.jpg,cattle,jersey,cattle_jersey
D:\B.Tech\CE-AI\Sem 7\MP\Datasets\archive (1)\clean_images\cattle\khillar\khillar_0126.jpeg,cattle,khillar,cattle_khillar
D:\B.Tech\CE-AI\Sem 7\MP\Datasets\archive (1)\clean_images\cattle\guernsey\guernsey_0097.jpg,cattle,guernsey,cattle_guernsey
D:\B.Tech\CE-AI\Sem 7\MP\Datasets\archive (1)\clean_images\cattle\ayrshire\ayrshire_0304.jpg,cattle,ayrshire,cattle_ayrshire
D:\B.Tech\CE-AI\Sem 7\MP\Datasets\archive (1)\clean_images\cattle\guernsey\guernsey_0023.jpg,cattle,guernsey,cattle_guernsey
D:\B.Tech\CE-AI\Sem 7\MP\Datasets\archive (1)\clean_images\buffalo\alambadi\alambadi_0097.jpg,buffalo,alambadi,buffalo_alambadi
D:\B.Tech\CE-AI\Sem 7\MP\Datasets\archive (1)\clean_images\buffalo\banni\banni_0111.jpg,buffalo,banni,buffalo_banni
D:\B.Tech\CE-AI\Sem 7\MP\Datasets\archive (1)\clean_images\cattle\gir\gir_0699.png,cattle,gir,cattle_gir
D:\B.Tech\CE-AI\Sem 7\MP\Datasets\archive (1)\clean_images\cattle\jersey\jersey_0098.jpg,cattle,jersey,cattle_jersey
D:\B.Tech\CE-AI\Sem 7\MP\Datasets\archive (1)\clean_images\buffalo\murrah\murrah_0032.jpg,buffalo,murrah,buffalo_murrah
D:\B.Tech\CE-AI\Sem 7\MP\Datasets\archive (1)\clean_images\cattle\jersey\jersey_0137.jpg,cattle,jersey,cattle_jersey
D:\B.Tech\CE-AI\Sem 7\MP\Datasets\archive (1)\clean_images\cattle\gir\gir_0569.jpg,cattle,gir,cattle_gir
D:\B.Tech\CE-AI\Sem 7\MP\Datasets\archive (1)\clean_images\buffalo\nagpuri\nagpuri_0093.jpg,buffalo,nagpuri,buffalo_nagpuri
D:\B.Tech\CE-AI\Sem 7\MP\Datasets\archive (1)\clean_images\cattle\kenkatha\kenkatha_0045.jpg,cattle,kenkatha,cattle_kenkatha
D:\B.Tech\CE-AI\Sem 7\MP\Datasets\archive (1)\clean_images\cattle\nagori\nagori_0042.png,cattle,nagori,cattle_nagori
D:\B.Tech\CE-AI\Sem 7\MP\Datasets\archive (1)\clean_images\cattle\gir\gir_0011.jpg,cattle,gir,cattle_gir
D:\B.Tech\CE-AI\Sem 7\MP\Datasets\archive (1)\clean_images\buffalo\bhadawari\bhadawari_0113.jpg,buffalo,bhadawari,buffalo_bhadawari
D:\B.Tech\CE-AI\Sem 7\MP\Datasets\archive (1)\clean_images\cattle\amritmahal\amritmahal_0141.jpg,cattle,amritmahal,cattle_amritmahal
D:\B.Tech\CE-AI\Sem 7\MP\Datasets\archive (1)\clean_images\cattle\kankrej\kankrej_0165.jpg,cattle,kankrej,cattle_kankrej
D:\B.Tech\CE-AI\Sem 7\MP\Datasets\archive (1)\clean_images\cattle\deoni\deoni_0006.jpg,cattle,deoni,cattle_deoni
D:\B.Tech\CE-AI\Sem 7\MP\Datasets\archive (1)\clean_images\cattle\tharparkar\tharparkar_0111.png,cattle,tharparkar,cattle_tharparkar
D:\B.Tech\CE-AI\Sem 7\MP\Datasets\archive (1)\clean_images\cattle\pulikulam\pulikulam_0083.jpg,cattle,pulikulam,cattle_pulikulam
D:\B.Tech\CE-AI\Sem 7\MP\Datasets\archive (1)\clean_images\cattle\hallikar\hallikar_0128.jpg,cattle,hallikar,cattle_hallikar
D:\B.Tech\CE-AI\Sem 7\MP\Datasets\archive (1)\clean_images\cattle\gir\gir_0072.jpg,cattle,gir,cattle_gir
D:\B.Tech\CE-AI\Sem 7\MP\Datasets\archive (1)\clean_images\buffalo\murrah\murrah_0102.jpg,buffalo,murrah,buffalo_murrah
D:\B.Tech\CE-AI\Sem 7\MP\Datasets\archive (1)\clean_images\cattle\gir\gir_0106.jpg,cattle,gir,cattle_gir
D:\B.Tech\CE-AI\Sem 7\MP\Datasets\archive (1)\clean_images\buffalo\alambadi\alambadi_0047.jpg,buffalo,alambadi,buffalo_alambadi
D:\B.Tech\CE-AI\Sem 7\MP\Datasets\archive (1)\clean_images\buffalo\nili_ravi\nili_ravi_0056.jpg,buffalo,nili_ravi,buffalo_nili_ravi
D:\B.Tech\CE-AI\Sem 7\MP\Datasets\archive (1)\clean_images\cattle\gir\gir_0719.jpg,cattle,gir,cattle_gir
D:\B.Tech\CE-AI\Sem 7\MP\Datasets\archive (1)\clean_images\cattle\gir\gir_0032.jpg,cattle,gir,cattle_gir
D:\B.Tech\CE-AI\Sem 7\MP\Datasets\archive (1)\clean_images\cattle\bargur\bargur_0033.png,cattle,bargur,cattle_bargur
D:\B.Tech\CE-AI\Sem 7\MP\Datasets\archive (1)\clean_images\cattle\gir\gir_0080.jpg,cattle,gir,cattle_gir
D:\B.Tech\CE-AI\Sem 7\MP\Datasets\archive (1)\clean_images\cattle\holstein-friesian\holstein-friesian_0083.jpg,cattle,holstein-friesian,cattle_holstein-friesian
D:\B.Tech\CE-AI\Sem 7\MP\Datasets\archive (1)\clean_images\cattle\ongole\ongole_0187.png,cattle,ongole,cattle_ongole
D:\B.Tech\CE-AI\Sem 7\MP\Datasets\archive (1)\clean_images\cattle\sahiwal\sahiwal_0144.jpg,cattle,sahiwal,cattle_sahiwal
D:\B.Tech\CE-AI\Sem 7\MP\Datasets\archive (1)\clean_images\buffalo\bargur\bargur_0071.jpg,buffalo,bargur,buffalo_bargur
D:\B.Tech\CE-AI\Sem 7\MP\Datasets\archive (1)\clean_images\cattle\ayrshire\ayrshire_0252.jpg,cattle,ayrshire,cattle_ayrshire
D:\B.Tech\CE-AI\Sem 7\MP\Datasets\archive (1)\clean_images\cattle\sahiwal\sahiwal_0176.jpg,cattle,sahiwal,cattle_sahiwal
D:\B.Tech\CE-AI\Sem 7\MP\Datasets\archive (1)\clean_images\cattle\gir\gir_0727.jpg,cattle,gir,cattle_gir
D:\B.Tech\CE-AI\Sem 7\MP\Datasets\archive (1)\clean_images\cattle\brown_swiss\brown_swiss_0350.jpg,cattle,brown_swiss,cattle_brown_swiss
D:\B.Tech\CE-AI\Sem 7\MP\Datasets\archive (1)\clean_images\cattle\ayrshire\ayrshire_0047.jpg,cattle,ayrshire,cattle_ayrshire
D:\B.Tech\CE-AI\Sem 7\MP\Datasets\archive (1)\clean_images\cattle\guernsey\guernsey_0173.jpg,cattle,guernsey,cattle_guernsey
D:\B.Tech\CE-AI\Sem 7\MP\Datasets\archive (1)\clean_images\cattle\red_sindhi\red_sindhi_0061.png,cattle,red_sindhi,cattle_red_sindhi
D:\B.Tech\CE-AI\Sem 7\MP\Datasets\archive (1)\clean_images\cattle\amritmahal\amritmahal_0151.png,cattle,amritmahal,cattle_amritmahal
D:\B.Tech\CE-AI\Sem 7\MP\Datasets\archive (1)\clean_images\cattle\vechur\vechur_0029.jpeg,cattle,vechur,cattle_vechur
D:\B.Tech\CE-AI\Sem 7\MP\Datasets\archive (1)\clean_images\cattle\krishna_valley\krishna_valley_0046.jpg,cattle,krishna_valley,cattle_krishna_valley
D:\B.Tech\CE-AI\Sem 7\MP\Datasets\archive (1)\clean_images\buffalo\banni\banni_0030.jpg,buffalo,banni,buffalo_banni
D:\B.Tech\CE-AI\Sem 7\MP\Datasets\archive (1)\clean_images\buffalo\alambadi\alambadi_0110.png,buffalo,alambadi,buffalo_alambadi
D:\B.Tech\CE-AI\Sem 7\MP\Datasets\archive (1)\clean_images\cattle\red_dane\red_dane_0095.jpg,cattle,red_dane,cattle_red_dane
D:\B.Tech\CE-AI\Sem 7\MP\Datasets\archive (1)\clean_images\cattle\ayrshire\ayrshire_0429.jpg,cattle,ayrshire,cattle_ayrshire
D:\B.Tech\CE-AI\Sem 7\MP\Datasets\archive (1)\clean_images\buffalo\bhadawari\bhadawari_0019.jpg,buffalo,bhadawari,buffalo_bhadawari
D:\B.Tech\CE-AI\Sem 7\MP\Datasets\archive (1)\clean_images\buffalo\bhadawari\bhadawari_0059.jpg,buffalo,bhadawari,buffalo_bhadawari
D:\B.Tech\CE-AI\Sem 7\MP\Datasets\archive (1)\clean_images\cattle\deoni\deoni_0215.jpg,cattle,deoni,cattle_deoni
D:\B.Tech\CE-AI\Sem 7\MP\Datasets\archive (1)\clean_images\buffalo\nili_ravi\nili_ravi_0044.jpg,buffalo,nili_ravi,buffalo_nili_ravi
D:\B.Tech\CE-AI\Sem 7\MP\Datasets\archive (1)\clean_images\cattle\umblachery\umblachery_0063.png,cattle,umblachery,cattle_umblachery
D:\B.Tech\CE-AI\Sem 7\MP\Datasets\archive (1)\clean_images\cattle\ongole\ongole_0171.png,cattle,ongole,cattle_ongole
D:\B.Tech\CE-AI\Sem 7\MP\Datasets\archive (1)\clean_images\cattle\tharparkar\tharparkar_0163.jpg,cattle,tharparkar,cattle_tharparkar
D:\B.Tech\CE-AI\Sem 7\MP\Datasets\archive (1)\clean_images\cattle\hallikar\hallikar_0148.jpg,cattle,hallikar,cattle_hallikar
D:\B.Tech\CE-AI\Sem 7\MP\Datasets\archive (1)\clean_images\cattle\red_dane\red_dane_0162.jpg,cattle,red_dane,cattle_red_dane
D:\B.Tech\CE-AI\Sem 7\MP\Datasets\archive (1)\clean_images\cattle\holstein-friesian\holstein-friesian_0160.jpg,cattle,holstein-friesian,cattle_holstein-friesian
D:\B.Tech\CE-AI\Sem 7\MP\Datasets\archive (1)\clean_images\buffalo\murrah\murrah_0079.jpg,buffalo,murrah,buffalo_murrah
D:\B.Tech\CE-AI\Sem 7\MP\Datasets\archive (1)\clean_images\buffalo\nili_ravi\nili_ravi_0004.jpg,buffalo,nili_ravi,buffalo_nili_ravi
D:\B.Tech\CE-AI\Sem 7\MP\Datasets\archive (1)\clean_images\cattle\ayrshire\ayrshire_0543.jpg,cattle,ayrshire,cattle_ayrshire
D:\B.Tech\CE-AI\Sem 7\MP\Datasets\archive (1)\clean_images\cattle\holstein-friesian\holstein-friesian_0486.jpg,cattle,holstein-friesian,cattle_holstein-friesian
D:\B.Tech\CE-AI\Sem 7\MP\Datasets\archive (1)\clean_images\buffalo\bhadawari\bhadawari_0071.jpg,buffalo,bhadawari,buffalo_bhadawari
D:\B.Tech\CE-AI\Sem 7\MP\Datasets\archive (1)\clean_images\cattle\tharparkar\tharparkar_0078.png,cattle,tharparkar,cattle_tharparkar
D:\B.Tech\CE-AI\Sem 7\MP\Datasets\archive (1)\clean_images\cattle\gir\gir_0391.jpg,cattle,gir,cattle_gir
D:\B.Tech\CE-AI\Sem 7\MP\Datasets\archive (1)\clean_images\cattle\ayrshire\ayrshire_0461.jpg,cattle,ayrshire,cattle_ayrshire
D:\B.Tech\CE-AI\Sem 7\MP\Datasets\archive (1)\clean_images\cattle\pulikulam\pulikulam_0081.jpg,cattle,pulikulam,cattle_pulikulam
D:\B.Tech\CE-AI\Sem 7\MP\Datasets\archive (1)\clean_images\cattle\nagori\nagori_0094.png,cattle,nagori,cattle_nagori
D:\B.Tech\CE-AI\Sem 7\MP\Datasets\archive (1)\clean_images\cattle\gir\gir_0683.png,cattle,gir,cattle_gir
D:\B.Tech\CE-AI\Sem 7\MP\Datasets\archive (1)\clean_images\cattle\ayrshire\ayrshire_0643.jpg,cattle,ayrshire,cattle_ayrshire
D:\B.Tech\CE-AI\Sem 7\MP\Datasets\archive (1)\clean_images\cattle\tharparkar\tharparkar_0173.jpg,cattle,tharparkar,cattle_tharparkar
D:\B.Tech\CE-AI\Sem 7\MP\Datasets\archive (1)\clean_images\buffalo\murrah\murrah_0147.jpg,buffalo,murrah,buffalo_murrah
D:\B.Tech\CE-AI\Sem 7\MP\Datasets\archive (1)\clean_images\cattle\dangi\dangi_0074.png,cattle,dangi,cattle_dangi
D:\B.Tech\CE-AI\Sem 7\MP\Datasets\archive (1)\clean_images\cattle\kankrej\kankrej_0067.jpg,cattle,kankrej,cattle_kankrej
D:\B.Tech\CE-AI\Sem 7\MP\Datasets\archive (1)\clean_images\cattle\nagori\nagori_0067.png,cattle,nagori,cattle_nagori
D:\B.Tech\CE-AI\Sem 7\MP\Datasets\archive (1)\clean_images\cattle\hallikar\hallikar_0065.jpg,cattle,hallikar,cattle_hallikar
D:\B.Tech\CE-AI\Sem 7\MP\Datasets\archive (1)\clean_images\cattle\gir\gir_0092.jpg,cattle,gir,cattle_gir
D:\B.Tech\CE-AI\Sem 7\MP\Datasets\archive (1)\clean_images\cattle\gir\gir_0740.jpg,cattle,gir,cattle_gir
D:\B.Tech\CE-AI\Sem 7\MP\Datasets\archive (1)\clean_images\cattle\ongole\ongole_0061.jpg,cattle,ongole,cattle_ongole
D:\B.Tech\CE-AI\Sem 7\MP\Datasets\archive (1)\clean_images\buffalo\alambadi\alambadi_0031.jpg,buffalo,alambadi,buffalo_alambadi
D:\B.Tech\CE-AI\Sem 7\MP\Datasets\archive (1)\clean_images\cattle\hallikar\hallikar_0285.jpg,cattle,hallikar,cattle_hallikar
D:\B.Tech\CE-AI\Sem 7\MP\Datasets\archive (1)\clean_images\cattle\ayrshire\ayrshire_0396.jpg,cattle,ayrshire,cattle_ayrshire
D:\B.Tech\CE-AI\Sem 7\MP\Datasets\archive (1)\clean_images\cattle\rathi\rathi_0112.jpg,cattle,rathi,cattle_rathi
D:\B.Tech\CE-AI\Sem 7\MP\Datasets\archive (1)\clean_images\cattle\ongole\ongole_0021.png,cattle,ongole,cattle_ongole
D:\B.Tech\CE-AI\Sem 7\MP\Datasets\archive (1)\clean_images\cattle\pulikulam\pulikulam_0096.png,cattle,pulikulam,cattle_pulikulam
D:\B.Tech\CE-AI\Sem 7\MP\Datasets\archive (1)\clean_images\cattle\amritmahal\amritmahal_0173.png,cattle,amritmahal,cattle_amritmahal
D:\B.Tech\CE-AI\Sem 7\MP\Datasets\archive (1)\clean_images\cattle\ayrshire\ayrshire_0479.jpg,cattle,ayrshire,cattle_ayrshire
D:\B.Tech\CE-AI\Sem 7\MP\Datasets\archive (1)\clean_images\cattle\ayrshire\ayrshire_0286.jpg,cattle,ayrshire,cattle_ayrshire
D:\B.Tech\CE-AI\Sem 7\MP\Datasets\archive (1)\clean_images\cattle\vechur\vechur_0021.jpg,cattle,vechur,cattle_vechur
D:\B.Tech\CE-AI\Sem 7\MP\Datasets\archive (1)\clean_images\cattle\tharparkar\tharparkar_0188.png,cattle,tharparkar,cattle_tharparkar
D:\B.Tech\CE-AI\Sem 7\MP\Datasets\archive (1)\clean_images\cattle\ayrshire\ayrshire_0340.jpg,cattle,ayrshire,cattle_ayrshire
D:\B.Tech\CE-AI\Sem 7\MP\Datasets\archive (1)\clean_images\cattle\ongole\ongole_0019.jpg,cattle,ongole,cattle_ongole
D:\B.Tech\CE-AI\Sem 7\MP\Datasets\archive (1)\clean_images\cattle\tharparkar\tharparkar_0129.jpg,cattle,tharparkar,cattle_tharparkar
D:\B.Tech\CE-AI\Sem 7\MP\Datasets\archive (1)\clean_images\cattle\brown_swiss\brown_swiss_0423.jpg,cattle,brown_swiss,cattle_brown_swiss
D:\B.Tech\CE-AI\Sem 7\MP\Datasets\archive (1)\clean_images\cattle\deoni\deoni_0083.jpg,cattle,deoni,cattle_deoni
D:\B.Tech\CE-AI\Sem 7\MP\Datasets\archive (1)\clean_images\cattle\krishna_valley\krishna_valley_0036.jpg,cattle,krishna_valley,cattle_krishna_valley
D:\B.Tech\CE-AI\Sem 7\MP\Datasets\archive (1)\clean_images\cattle\amritmahal\amritmahal_0030.jpg,cattle,amritmahal,cattle_amritmahal
D:\B.Tech\CE-AI\Sem 7\MP\Datasets\archive (1)\clean_images\cattle\kankrej\kankrej_0109.jpg,cattle,kankrej,cattle_kankrej
D:\B.Tech\CE-AI\Sem 7\MP\Datasets\archive (1)\clean_images\cattle\gir\gir_0372.jpg,cattle,gir,cattle_gir
D:\B.Tech\CE-AI\Sem 7\MP\Datasets\archive (1)\clean_images\cattle\kankrej\kankrej_0043.jpg,cattle,kankrej,cattle_kankrej
D:\B.Tech\CE-AI\Sem 7\MP\Datasets\archive (1)\clean_images\buffalo\toda\toda_0122.jpg,buffalo,toda,buffalo_toda
D:\B.Tech\CE-AI\Sem 7\MP\Datasets\archive (1)\clean_images\cattle\gir\gir_0100.jpg,cattle,gir,cattle_gir
D:\B.Tech\CE-AI\Sem 7\MP\Datasets\archive (1)\clean_images\cattle\guernsey\guernsey_0140.jpg,cattle,guernsey,cattle_guernsey
D:\B.Tech\CE-AI\Sem 7\MP\Datasets\archive (1)\clean_images\buffalo\murrah\murrah_0100.jpg,buffalo,murrah,buffalo_murrah
D:\B.Tech\CE-AI\Sem 7\MP\Datasets\archive (1)\clean_images\cattle\ayrshire\ayrshire_0399.jpg,cattle,ayrshire,cattle_ayrshire
D:\B.Tech\CE-AI\Sem 7\MP\Datasets\archive (1)\clean_images\cattle\sahiwal\sahiwal_0270.png,cattle,sahiwal,cattle_sahiwal
D:\B.Tech\CE-AI\Sem 7\MP\Datasets\archive (1)\clean_images\cattle\dangi\dangi_0099.png,cattle,dangi,cattle_dangi
D:\B.Tech\CE-AI\Sem 7\MP\Datasets\archive (1)\clean_images\cattle\tharparkar\tharparkar_0024.jpeg,cattle,tharparkar,cattle_tharparkar
D:\B.Tech\CE-AI\Sem 7\MP\Datasets\archive (1)\clean_images\cattle\jersey\jersey_0153.jpg,cattle,jersey,cattle_jersey
D:\B.Tech\CE-AI\Sem 7\MP\Datasets\archive (1)\clean_images\buffalo\nili_ravi\nili_ravi_0084.jpg,buffalo,nili_ravi,buffalo_nili_ravi
D:\B.Tech\CE-AI\Sem 7\MP\Datasets\archive (1)\clean_images\buffalo\alambadi\alambadi_0024.jpg,buffalo,alambadi,buffalo_alambadi
D:\B.Tech\CE-AI\Sem 7\MP\Datasets\archive (1)\clean_images\cattle\ayrshire\ayrshire_0393.jpg,cattle,ayrshire,cattle_ayrshire
D:\B.Tech\CE-AI\Sem 7\MP\Datasets\archive (1)\clean_images\cattle\nimari\nimari_0011.jpg,cattle,nimari,cattle_nimari
D:\B.Tech\CE-AI\Sem 7\MP\Datasets\archive (1)\clean_images\cattle\holstein-friesian\holstein-friesian_0187.jpg,cattle,holstein-friesian,cattle_holstein-friesian
D:\B.Tech\CE-AI\Sem 7\MP\Datasets\archive (1)\clean_images\cattle\sahiwal\sahiwal_0072.jpg,cattle,sahiwal,cattle_sahiwal
D:\B.Tech\CE-AI\Sem 7\MP\Datasets\archive (1)\clean_images\cattle\amritmahal\amritmahal_0036.jpg,cattle,amritmahal,cattle_amritmahal
D:\B.Tech\CE-AI\Sem 7\MP\Datasets\archive (1)\clean_images\cattle\guernsey\guernsey_0130.jpg,cattle,guernsey,cattle_guernsey
D:\B.Tech\CE-AI\Sem 7\MP\Datasets\archive (1)\clean_images\cattle\hallikar\hallikar_0026.jpg,cattle,hallikar,cattle_hallikar
D:\B.Tech\CE-AI\Sem 7\MP\Datasets\archive (1)\clean_images\buffalo\nagpuri\nagpuri_0030.jpg,buffalo,nagpuri,buffalo_nagpuri
D:\B.Tech\CE-AI\Sem 7\MP\Datasets\archive (1)\clean_images\cattle\deoni\deoni_0072.jpg,cattle,deoni,cattle_deoni
D:\B.Tech\CE-AI\Sem 7\MP\Datasets\archive (1)\clean_images\cattle\gir\gir_0261.jpg,cattle,gir,cattle_gir
D:\B.Tech\CE-AI\Sem 7\MP\Datasets\archive (1)\clean_images\cattle\ayrshire\ayrshire_0665.jpg,cattle,ayrshire,cattle_ayrshire
D:\B.Tech\CE-AI\Sem 7\MP\Datasets\archive (1)\clean_images\cattle\deoni\deoni_0090.jpg,cattle,deoni,cattle_deoni
D:\B.Tech\CE-AI\Sem 7\MP\Datasets\archive (1)\clean_images\cattle\kangayam\kangayam_0078.jpg,cattle,kangayam,cattle_kangayam
D:\B.Tech\CE-AI\Sem 7\MP\Datasets\archive (1)\clean_images\cattle\sahiwal\sahiwal_0155.jpg,cattle,sahiwal,cattle_sahiwal
D:\B.Tech\CE-AI\Sem 7\MP\Datasets\archive (1)\clean_images\cattle\gir\gir_0279.jpg,cattle,gir,cattle_gir
D:\B.Tech\CE-AI\Sem 7\MP\Datasets\archive (1)\clean_images\buffalo\jaffarabadi\jaffarabadi_0111.jpeg,buffalo,jaffarabadi,buffalo_jaffarabadi
D:\B.Tech\CE-AI\Sem 7\MP\Datasets\archive (1)\clean_images\cattle\gir\gir_0754.jpg,cattle,gir,cattle_gir
D:\B.Tech\CE-AI\Sem 7\MP\Datasets\archive (1)\clean_images\cattle\holstein-friesian\holstein-friesian_0241.jpg,cattle,holstein-friesian,cattle_holstein-friesian
D:\B.Tech\CE-AI\Sem 7\MP\Datasets\archive (1)\clean_images\cattle\krishna_valley\krishna_valley_0017.jpg,cattle,krishna_valley,cattle_krishna_valley
D:\B.Tech\CE-AI\Sem 7\MP\Datasets\archive (1)\clean_images\buffalo\alambadi\alambadi_0032.jpg,buffalo,alambadi,buffalo_alambadi
D:\B.Tech\CE-AI\Sem 7\MP\Datasets\archive (1)\clean_images\cattle\hallikar\hallikar_0067.jpg,cattle,hallikar,cattle_hallikar
D:\B.Tech\CE-AI\Sem 7\MP\Datasets\archive (1)\clean_images\cattle\ayrshire\ayrshire_0701.jpg,cattle,ayrshire,cattle_ayrshire
D:\B.Tech\CE-AI\Sem 7\MP\Datasets\archive (1)\clean_images\cattle\deoni\deoni_0094.jpg,cattle,deoni,cattle_deoni
D:\B.Tech\CE-AI\Sem 7\MP\Datasets\archive (1)\clean_images\cattle\guernsey\guernsey_0190.jpg,cattle,guernsey,cattle_guernsey
D:\B.Tech\CE-AI\Sem 7\MP\Datasets\archive (1)\clean_images\cattle\red_dane\red_dane_0155.jpg,cattle,red_dane,cattle_red_dane
D:\B.Tech\CE-AI\Sem 7\MP\Datasets\archive (1)\clean_images\cattle\brown_swiss\brown_swiss_0027.jpg,cattle,brown_swiss,cattle_brown_swiss
D:\B.Tech\CE-AI\Sem 7\MP\Datasets\archive (1)\clean_images\buffalo\toda\toda_0069.jpg,buffalo,toda,buffalo_toda
D:\B.Tech\CE-AI\Sem 7\MP\Datasets\archive (1)\clean_images\cattle\ayrshire\ayrshire_0559.jpg,cattle,ayrshire,cattle_ayrshire
D:\B.Tech\CE-AI\Sem 7\MP\Datasets\archive (1)\clean_images\buffalo\mehsana\mehsana_0010.jpg,buffalo,mehsana,buffalo_mehsana
D:\B.Tech\CE-AI\Sem 7\MP\Datasets\archive (1)\clean_images\buffalo\jaffarabadi\jaffarabadi_0040.png,buffalo,jaffarabadi,buffalo_jaffarabadi
D:\B.Tech\CE-AI\Sem 7\MP\Datasets\archive (1)\clean_images\cattle\holstein-friesian\holstein-friesian_0079.jpg,cattle,holstein-friesian,cattle_holstein-friesian
D:\B.Tech\CE-AI\Sem 7\MP\Datasets\archive (1)\clean_images\cattle\holstein-friesian\holstein-friesian_0257.jpg,cattle,holstein-friesian,cattle_holstein-friesian
D:\B.Tech\CE-AI\Sem 7\MP\Datasets\archive (1)\clean_images\buffalo\mehsana\mehsana_0018.png,buffalo,mehsana,buffalo_mehsana
D:\B.Tech\CE-AI\Sem 7\MP\Datasets\archive (1)\clean_images\cattle\brown_swiss\brown_swiss_0011.jpg,cattle,brown_swiss,cattle_brown_swiss
D:\B.Tech\CE-AI\Sem 7\MP\Datasets\archive (1)\clean_images\cattle\khillar\khillar_0006.jpg,cattle,khillar,cattle_khillar
D:\B.Tech\CE-AI\Sem 7\MP\Datasets\archive (1)\clean_images\cattle\ayrshire\ayrshire_0104.jpg,cattle,ayrshire,cattle_ayrshire
D:\B.Tech\CE-AI\Sem 7\MP\Datasets\archive (1)\clean_images\cattle\rathi\rathi_0081.jpg,cattle,rathi,cattle_rathi
D:\B.Tech\CE-AI\Sem 7\MP\Datasets\archive (1)\clean_images\cattle\ayrshire\ayrshire_0138.jpg,cattle,ayrshire,cattle_ayrshire
D:\B.Tech\CE-AI\Sem 7\MP\Datasets\archive (1)\clean_images\cattle\ayrshire\ayrshire_0462.jpg,cattle,ayrshire,cattle_ayrshire
D:\B.Tech\CE-AI\Sem 7\MP\Datasets\archive (1)\clean_images\cattle\krishna_valley\krishna_valley_0115.jpg,cattle,krishna_valley,cattle_krishna_valley
D:\B.Tech\CE-AI\Sem 7\MP\Datasets\archive (1)\clean_images\buffalo\jaffarabadi\jaffarabadi_0091.png,buffalo,jaffarabadi,buffalo_jaffarabadi
D:\B.Tech\CE-AI\Sem 7\MP\Datasets\archive (1)\clean_images\cattle\holstein-friesian\holstein-friesian_0333.jpg,cattle,holstein-friesian,cattle_holstein-friesian
D:\B.Tech\CE-AI\Sem 7\MP\Datasets\archive (1)\clean_images\cattle\malnad_gidda\malnad_gidda_0066.png,cattle,malnad_gidda,cattle_malnad_gidda
D:\B.Tech\CE-AI\Sem 7\MP\Datasets\archive (1)\clean_images\cattle\gir\gir_0498.jpg,cattle,gir,cattle_gir
D:\B.Tech\CE-AI\Sem 7\MP\Datasets\archive (1)\clean_images\cattle\pulikulam\pulikulam_0121.jpg,cattle,pulikulam,cattle_pulikulam
D:\B.Tech\CE-AI\Sem 7\MP\Datasets\archive (1)\clean_images\cattle\kenkatha\kenkatha_0046.jpg,cattle,kenkatha,cattle_kenkatha
D:\B.Tech\CE-AI\Sem 7\MP\Datasets\archive (1)\clean_images\cattle\sahiwal\sahiwal_0137.jpg,cattle,sahiwal,cattle_sahiwal
D:\B.Tech\CE-AI\Sem 7\MP\Datasets\archive (1)\clean_images\cattle\sahiwal\sahiwal_0363.jpg,cattle,sahiwal,cattle_sahiwal
D:\B.Tech\CE-AI\Sem 7\MP\Datasets\archive (1)\clean_images\cattle\nimari\nimari_0039.jpg,cattle,nimari,cattle_nimari
D:\B.Tech\CE-AI\Sem 7\MP\Datasets\archive (1)\clean_images\buffalo\alambadi\alambadi_0129.png,buffalo,alambadi,buffalo_alambadi
D:\B.Tech\CE-AI\Sem 7\MP\Datasets\archive (1)\clean_images\cattle\ayrshire\ayrshire_0638.jpg,cattle,ayrshire,cattle_ayrshire
D:\B.Tech\CE-AI\Sem 7\MP\Datasets\archive (1)\clean_images\cattle\ayrshire\ayrshire_0612.jpg,cattle,ayrshire,cattle_ayrshire
D:\B.Tech\CE-AI\Sem 7\MP\Datasets\archive (1)\clean_images\cattle\gir\gir_0393.jpg,cattle,gir,cattle_gir
D:\B.Tech\CE-AI\Sem 7\MP\Datasets\archive (1)\clean_images\cattle\gir\gir_0730.jpg,cattle,gir,cattle_gir
D:\B.Tech\CE-AI\Sem 7\MP\Datasets\archive (1)\clean_images\cattle\holstein-friesian\holstein-friesian_0492.jpg,cattle,holstein-friesian,cattle_holstein-friesian
D:\B.Tech\CE-AI\Sem 7\MP\Datasets\archive (1)\clean_images\cattle\kangayam\kangayam_0035.jpg,cattle,kangayam,cattle_kangayam
D:\B.Tech\CE-AI\Sem 7\MP\Datasets\archive (1)\clean_images\cattle\red_sindhi\red_sindhi_0064.png,cattle,red_sindhi,cattle_red_sindhi
D:\B.Tech\CE-AI\Sem 7\MP\Datasets\archive (1)\clean_images\cattle\rathi\rathi_0064.jpg,cattle,rathi,cattle_rathi
D:\B.Tech\CE-AI\Sem 7\MP\Datasets\archive (1)\clean_images\cattle\nagori\nagori_0058.png,cattle,nagori,cattle_nagori
D:\B.Tech\CE-AI\Sem 7\MP\Datasets\archive (1)\clean_images\buffalo\alambadi\alambadi_0056.jpg,buffalo,alambadi,buffalo_alambadi
D:\B.Tech\CE-AI\Sem 7\MP\Datasets\archive (1)\clean_images\cattle\red_dane\red_dane_0117.jpg,cattle,red_dane,cattle_red_dane
D:\B.Tech\CE-AI\Sem 7\MP\Datasets\archive (1)\clean_images\cattle\pulikulam\pulikulam_0022.jpg,cattle,pulikulam,cattle_pulikulam
D:\B.Tech\CE-AI\Sem 7\MP\Datasets\archive (1)\clean_images\buffalo\toda\toda_0096.jpg,buffalo,toda,buffalo_toda
D:\B.Tech\CE-AI\Sem 7\MP\Datasets\archive (1)\clean_images\cattle\vechur\vechur_0041.jpg,cattle,vechur,cattle_vechur
D:\B.Tech\CE-AI\Sem 7\MP\Datasets\archive (1)\clean_images\buffalo\alambadi\alambadi_0106.jpg,buffalo,alambadi,buffalo_alambadi
D:\B.Tech\CE-AI\Sem 7\MP\Datasets\archive (1)\clean_images\cattle\brown_swiss\brown_swiss_0138.jpg,cattle,brown_swiss,cattle_brown_swiss
D:\B.Tech\CE-AI\Sem 7\MP\Datasets\archive (1)\clean_images\cattle\hallikar\hallikar_0232.jpg,cattle,hallikar,cattle_hallikar
D:\B.Tech\CE-AI\Sem 7\MP\Datasets\archive (1)\clean_images\cattle\guernsey\guernsey_0199.jpg,cattle,guernsey,cattle_guernsey
D:\B.Tech\CE-AI\Sem 7\MP\Datasets\archive (1)\clean_images\cattle\brown_swiss\brown_swiss_0373.jpg,cattle,brown_swiss,cattle_brown_swiss
D:\B.Tech\CE-AI\Sem 7\MP\Datasets\archive (1)\clean_images\cattle\gir\gir_0212.jpg,cattle,gir,cattle_gir
D:\B.Tech\CE-AI\Sem 7\MP\Datasets\archive (1)\clean_images\cattle\gir\gir_0425.jpg,cattle,gir,cattle_gir
D:\B.Tech\CE-AI\Sem 7\MP\Datasets\archive (1)\clean_images\cattle\holstein-friesian\holstein-friesian_0096.jpg,cattle,holstein-friesian,cattle_holstein-friesian
D:\B.Tech\CE-AI\Sem 7\MP\Datasets\archive (1)\clean_images\cattle\hallikar\hallikar_0116.jpg,cattle,hallikar,cattle_hallikar
D:\B.Tech\CE-AI\Sem 7\MP\Datasets\archive (1)\clean_images\cattle\holstein-friesian\holstein-friesian_0165.jpg,cattle,holstein-friesian,cattle_holstein-friesian
D:\B.Tech\CE-AI\Sem 7\MP\Datasets\archive (1)\clean_images\cattle\hallikar\hallikar_0247.png,cattle,hallikar,cattle_hallikar
D:\B.Tech\CE-AI\Sem 7\MP\Datasets\archive (1)\clean_images\cattle\vechur\vechur_0063.jpg,cattle,vechur,cattle_vechur
D:\B.Tech\CE-AI\Sem 7\MP\Datasets\archive (1)\clean_images\cattle\holstein-friesian\holstein-friesian_0520.jpg,cattle,holstein-friesian,cattle_holstein-friesian
D:\B.Tech\CE-AI\Sem 7\MP\Datasets\archive (1)\clean_images\cattle\gir\gir_0071.jpg,cattle,gir,cattle_gir
D:\B.Tech\CE-AI\Sem 7\MP\Datasets\archive (1)\clean_images\cattle\brown_swiss\brown_swiss_0460.jpg,cattle,brown_swiss,cattle_brown_swiss
D:\B.Tech\CE-AI\Sem 7\MP\Datasets\archive (1)\clean_images\cattle\bargur\bargur_0050.png,cattle,bargur,cattle_bargur
D:\B.Tech\CE-AI\Sem 7\MP\Datasets\archive (1)\clean_images\cattle\brown_swiss\brown_swiss_0329.jpg,cattle,brown_swiss,cattle_brown_swiss
D:\B.Tech\CE-AI\Sem 7\MP\Datasets\archive (1)\clean_images\cattle\gir\gir_0259.jpg,cattle,gir,cattle_gir
D:\B.Tech\CE-AI\Sem 7\MP\Datasets\archive (1)\clean_images\cattle\nimari\nimari_0015.jpg,cattle,nimari,cattle_nimari
D:\B.Tech\CE-AI\Sem 7\MP\Datasets\archive (1)\clean_images\cattle\hariana\hariana_0032.jpg,cattle,hariana,cattle_hariana
D:\B.Tech\CE-AI\Sem 7\MP\Datasets\archive (1)\clean_images\cattle\pulikulam\pulikulam_0110.jpg,cattle,pulikulam,cattle_pulikulam
D:\B.Tech\CE-AI\Sem 7\MP\Datasets\archive (1)\clean_images\cattle\deoni\deoni_0084.jpg,cattle,deoni,cattle_deoni
D:\B.Tech\CE-AI\Sem 7\MP\Datasets\archive (1)\clean_images\cattle\tharparkar\tharparkar_0087.png,cattle,tharparkar,cattle_tharparkar
D:\B.Tech\CE-AI\Sem 7\MP\Datasets\archive (1)\clean_images\cattle\amritmahal\amritmahal_0026.jpg,cattle,amritmahal,cattle_amritmahal
D:\B.Tech\CE-AI\Sem 7\MP\Datasets\archive (1)\clean_images\buffalo\alambadi\alambadi_0066.jpg,buffalo,alambadi,buffalo_alambadi
D:\B.Tech\CE-AI\Sem 7\MP\Datasets\archive (1)\clean_images\cattle\hariana\hariana_0074.png,cattle,hariana,cattle_hariana
D:\B.Tech\CE-AI\Sem 7\MP\Datasets\archive (1)\clean_images\cattle\sahiwal\sahiwal_0374.jpg,cattle,sahiwal,cattle_sahiwal
D:\B.Tech\CE-AI\Sem 7\MP\Datasets\archive (1)\clean_images\cattle\bargur\bargur_0080.jpg,cattle,bargur,cattle_bargur
D:\B.Tech\CE-AI\Sem 7\MP\Datasets\archive (1)\clean_images\cattle\sahiwal\sahiwal_0430.jpg,cattle,sahiwal,cattle_sahiwal
D:\B.Tech\CE-AI\Sem 7\MP\Datasets\archive (1)\clean_images\cattle\tharparkar\tharparkar_0190.jpeg,cattle,tharparkar,cattle_tharparkar
D:\B.Tech\CE-AI\Sem 7\MP\Datasets\archive (1)\clean_images\cattle\deoni\deoni_0054.jpg,cattle,deoni,cattle_deoni
D:\B.Tech\CE-AI\Sem 7\MP\Datasets\archive (1)\clean_images\buffalo\jaffarabadi\jaffarabadi_0098.jpg,buffalo,jaffarabadi,buffalo_jaffarabadi
D:\B.Tech\CE-AI\Sem 7\MP\Datasets\archive (1)\clean_images\cattle\gir\gir_0530.jpg,cattle,gir,cattle_gir
D:\B.Tech\CE-AI\Sem 7\MP\Datasets\archive (1)\clean_images\cattle\hariana\hariana_0030.jpg,cattle,hariana,cattle_hariana
D:\B.Tech\CE-AI\Sem 7\MP\Datasets\archive (1)\clean_images\buffalo\nagpuri\nagpuri_0009.jpg,buffalo,nagpuri,buffalo_nagpuri
D:\B.Tech\CE-AI\Sem 7\MP\Datasets\archive (1)\clean_images\cattle\ayrshire\ayrshire_0042.jpg,cattle,ayrshire,cattle_ayrshire
D:\B.Tech\CE-AI\Sem 7\MP\Datasets\archive (1)\clean_images\cattle\umblachery\umblachery_0027.png,cattle,umblachery,cattle_umblachery
D:\B.Tech\CE-AI\Sem 7\MP\Datasets\archive (1)\clean_images\cattle\deoni\deoni_0159.jpg,cattle,deoni,cattle_deoni
D:\B.Tech\CE-AI\Sem 7\MP\Datasets\archive (1)\clean_images\cattle\gir\gir_0299.jpg,cattle,gir,cattle_gir
D:\B.Tech\CE-AI\Sem 7\MP\Datasets\archive (1)\clean_images\cattle\khillar\khillar_0010.jpg,cattle,khillar,cattle_khillar
D:\B.Tech\CE-AI\Sem 7\MP\Datasets\archive (1)\clean_images\cattle\umblachery\umblachery_0061.jpg,cattle,umblachery,cattle_umblachery
D:\B.Tech\CE-AI\Sem 7\MP\Datasets\archive (1)\clean_images\cattle\brown_swiss\brown_swiss_0094.jpg,cattle,brown_swiss,cattle_brown_swiss
D:\B.Tech\CE-AI\Sem 7\MP\Datasets\archive (1)\clean_images\cattle\deoni\deoni_0188.png,cattle,deoni,cattle_deoni
D:\B.Tech\CE-AI\Sem 7\MP\Datasets\archive (1)\clean_images\buffalo\bhadawari\bhadawari_0014.jpg,buffalo,bhadawari,buffalo_bhadawari
D:\B.Tech\CE-AI\Sem 7\MP\Datasets\archive (1)\clean_images\cattle\brown_swiss\brown_swiss_0187.jpg,cattle,brown_swiss,cattle_brown_swiss
D:\B.Tech\CE-AI\Sem 7\MP\Datasets\archive (1)\clean_images\cattle\guernsey\guernsey_0236.jpg,cattle,guernsey,cattle_guernsey
D:\B.Tech\CE-AI\Sem 7\MP\Datasets\archive (1)\clean_images\buffalo\surti\surti_0021.jpeg,buffalo,surti,buffalo_surti
D:\B.Tech\CE-AI\Sem 7\MP\Datasets\archive (1)\clean_images\buffalo\banni\banni_0025.jpg,buffalo,banni,buffalo_banni
D:\B.Tech\CE-AI\Sem 7\MP\Datasets\archive (1)\clean_images\cattle\amritmahal\amritmahal_0079.jpg,cattle,amritmahal,cattle_amritmahal
D:\B.Tech\CE-AI\Sem 7\MP\Datasets\archive (1)\clean_images\cattle\ongole\ongole_0083.jpg,cattle,ongole,cattle_ongole
D:\B.Tech\CE-AI\Sem 7\MP\Datasets\archive (1)\clean_images\buffalo\mehsana\mehsana_0029.png,buffalo,mehsana,buffalo_mehsana
D:\B.Tech\CE-AI\Sem 7\MP\Datasets\archive (1)\clean_images\cattle\deoni\deoni_0039.jpg,cattle,deoni,cattle_deoni
D:\B.Tech\CE-AI\Sem 7\MP\Datasets\archive (1)\clean_images\cattle\rathi\rathi_0142.png,cattle,rathi,cattle_rathi
D:\B.Tech\CE-AI\Sem 7\MP\Datasets\archive (1)\clean_images\cattle\jersey\jersey_0176.jpg,cattle,jersey,cattle_jersey
D:\B.Tech\CE-AI\Sem 7\MP\Datasets\archive (1)\clean_images\cattle\kherigarh\kherigarh_0005.jpg,cattle,kherigarh,cattle_kherigarh
D:\B.Tech\CE-AI\Sem 7\MP\Datasets\archive (1)\clean_images\cattle\red_sindhi\red_sindhi_0159.png,cattle,red_sindhi,cattle_red_sindhi
D:\B.Tech\CE-AI\Sem 7\MP\Datasets\archive (1)\clean_images\buffalo\jaffarabadi\jaffarabadi_0059.png,buffalo,jaffarabadi,buffalo_jaffarabadi
D:\B.Tech\CE-AI\Sem 7\MP\Datasets\archive (1)\clean_images\cattle\gir\gir_0469.jpg,cattle,gir,cattle_gir
D:\B.Tech\CE-AI\Sem 7\MP\Datasets\archive (1)\clean_images\cattle\ayrshire\ayrshire_0326.jpg,cattle,ayrshire,cattle_ayrshire
D:\B.Tech\CE-AI\Sem 7\MP\Datasets\archive (1)\clean_images\buffalo\jaffarabadi\jaffarabadi_0023.png,buffalo,jaffarabadi,buffalo_jaffarabadi
D:\B.Tech\CE-AI\Sem 7\MP\Datasets\archive (1)\clean_images\cattle\tharparkar\tharparkar_0148.png,cattle,tharparkar,cattle_tharparkar
D:\B.Tech\CE-AI\Sem 7\MP\Datasets\archive (1)\clean_images\buffalo\jaffarabadi\jaffarabadi_0011.png,buffalo,jaffarabadi,buffalo_jaffarabadi
D:\B.Tech\CE-AI\Sem 7\MP\Datasets\archive (1)\clean_images\cattle\brown_swiss\brown_swiss_0413.jpg,cattle,brown_swiss,cattle_brown_swiss
D:\B.Tech\CE-AI\Sem 7\MP\Datasets\archive (1)\clean_images\cattle\nagori\nagori_0023.jpg,cattle,nagori,cattle_nagori
D:\B.Tech\CE-AI\Sem 7\MP\Datasets\archive (1)\clean_images\cattle\dangi\dangi_0026.jpg,cattle,dangi,cattle_dangi
D:\B.Tech\CE-AI\Sem 7\MP\Datasets\archive (1)\clean_images\cattle\jersey\jersey_0198.jpg,cattle,jersey,cattle_jersey
D:\B.Tech\CE-AI\Sem 7\MP\Datasets\archive (1)\clean_images\buffalo\toda\toda_0064.jpg,buffalo,toda,buffalo_toda
D:\B.Tech\CE-AI\Sem 7\MP\Datasets\archive (1)\clean_images\cattle\deoni\deoni_0180.png,cattle,deoni,cattle_deoni
D:\B.Tech\CE-AI\Sem 7\MP\Datasets\archive (1)\clean_images\buffalo\toda\toda_0058.jpg,buffalo,toda,buffalo_toda
D:\B.Tech\CE-AI\Sem 7\MP\Datasets\archive (1)\clean_images\cattle\red_sindhi\red_sindhi_0006.jpg,cattle,red_sindhi,cattle_red_sindhi
D:\B.Tech\CE-AI\Sem 7\MP\Datasets\archive (1)\clean_images\cattle\gir\gir_0199.jpg,cattle,gir,cattle_gir
D:\B.Tech\CE-AI\Sem 7\MP\Datasets\archive (1)\clean_images\cattle\brown_swiss\brown_swiss_0317.jpg,cattle,brown_swiss,cattle_brown_swiss
D:\B.Tech\CE-AI\Sem 7\MP\Datasets\archive (1)\clean_images\cattle\gir\gir_0135.jpg,cattle,gir,cattle_gir
D:\B.Tech\CE-AI\Sem 7\MP\Datasets\archive (1)\clean_images\cattle\gir\gir_0606.jpg,cattle,gir,cattle_gir
D:\B.Tech\CE-AI\Sem 7\MP\Datasets\archive (1)\clean_images\buffalo\mehsana\mehsana_0013.png,buffalo,mehsana,buffalo_mehsana
D:\B.Tech\CE-AI\Sem 7\MP\Datasets\archive (1)\clean_images\cattle\sahiwal\sahiwal_0082.jpg,cattle,sahiwal,cattle_sahiwal
D:\B.Tech\CE-AI\Sem 7\MP\Datasets\archive (1)\clean_images\cattle\ayrshire\ayrshire_0039.jpg,cattle,ayrshire,cattle_ayrshire
D:\B.Tech\CE-AI\Sem 7\MP\Datasets\archive (1)\clean_images\cattle\khillar\khillar_0107.png,cattle,khillar,cattle_khillar
D:\B.Tech\CE-AI\Sem 7\MP\Datasets\archive (1)\clean_images\cattle\holstein-friesian\holstein-friesian_0132.jpg,cattle,holstein-friesian,cattle_holstein-friesian
D:\B.Tech\CE-AI\Sem 7\MP\Datasets\archive (1)\clean_images\cattle\nimari\nimari_0088.png,cattle,nimari,cattle_nimari
D:\B.Tech\CE-AI\Sem 7\MP\Datasets\archive (1)\clean_images\cattle\brown_swiss\brown_swiss_0365.jpg,cattle,brown_swiss,cattle_brown_swiss
D:\B.Tech\CE-AI\Sem 7\MP\Datasets\archive (1)\clean_images\cattle\ongole\ongole_0023.jpg,cattle,ongole,cattle_ongole
D:\B.Tech\CE-AI\Sem 7\MP\Datasets\archive (1)\clean_images\cattle\nimari\nimari_0056.jpg,cattle,nimari,cattle_nimari
D:\B.Tech\CE-AI\Sem 7\MP\Datasets\archive (1)\clean_images\cattle\brown_swiss\brown_swiss_0324.jpg,cattle,brown_swiss,cattle_brown_swiss
D:\B.Tech\CE-AI\Sem 7\MP\Datasets\archive (1)\clean_images\cattle\guernsey\guernsey_0204.jpg,cattle,guernsey,cattle_guernsey
D:\B.Tech\CE-AI\Sem 7\MP\Datasets\archive (1)\clean_images\cattle\sahiwal\sahiwal_0366.jpeg,cattle,sahiwal,cattle_sahiwal
D:\B.Tech\CE-AI\Sem 7\MP\Datasets\archive (1)\clean_images\buffalo\nagpuri\nagpuri_0140.jpg,buffalo,nagpuri,buffalo_nagpuri
D:\B.Tech\CE-AI\Sem 7\MP\Datasets\archive (1)\clean_images\buffalo\nagpuri\nagpuri_0137.jpg,buffalo,nagpuri,buffalo_nagpuri
D:\B.Tech\CE-AI\Sem 7\MP\Datasets\archive (1)\clean_images\cattle\kenkatha\kenkatha_0001.jpg,cattle,kenkatha,cattle_kenkatha
D:\B.Tech\CE-AI\Sem 7\MP\Datasets\archive (1)\clean_images\cattle\deoni\deoni_0124.jpg,cattle,deoni,cattle_deoni
D:\B.Tech\CE-AI\Sem 7\MP\Datasets\archive (1)\clean_images\cattle\kankrej\kankrej_0058.jpg,cattle,kankrej,cattle_kankrej
D:\B.Tech\CE-AI\Sem 7\MP\Datasets\archive (1)\clean_images\cattle\krishna_valley\krishna_valley_0053.jpg,cattle,krishna_valley,cattle_krishna_valley
D:\B.Tech\CE-AI\Sem 7\MP\Datasets\archive (1)\clean_images\cattle\amritmahal\amritmahal_0157.png,cattle,amritmahal,cattle_amritmahal
D:\B.Tech\CE-AI\Sem 7\MP\Datasets\archive (1)\clean_images\cattle\ayrshire\ayrshire_0322.jpg,cattle,ayrshire,cattle_ayrshire
D:\B.Tech\CE-AI\Sem 7\MP\Datasets\archive (1)\clean_images\buffalo\alambadi\alambadi_0196.jpg,buffalo,alambadi,buffalo_alambadi
D:\B.Tech\CE-AI\Sem 7\MP\Datasets\archive (1)\clean_images\cattle\ayrshire\ayrshire_0491.jpg,cattle,ayrshire,cattle_ayrshire
D:\B.Tech\CE-AI\Sem 7\MP\Datasets\archive (1)\clean_images\cattle\kherigarh\kherigarh_0027.jpg,cattle,kherigarh,cattle_kherigarh
D:\B.Tech\CE-AI\Sem 7\MP\Datasets\archive (1)\clean_images\cattle\deoni\deoni_0104.jpg,cattle,deoni,cattle_deoni
D:\B.Tech\CE-AI\Sem 7\MP\Datasets\archive (1)\clean_images\cattle\guernsey\guernsey_0086.jpg,cattle,guernsey,cattle_guernsey
D:\B.Tech\CE-AI\Sem 7\MP\Datasets\archive (1)\clean_images\cattle\pulikulam\pulikulam_0072.jpg,cattle,pulikulam,cattle_pulikulam
D:\B.Tech\CE-AI\Sem 7\MP\Datasets\archive (1)\clean_images\cattle\pulikulam\pulikulam_0117.jpg,cattle,pulikulam,cattle_pulikulam
D:\B.Tech\CE-AI\Sem 7\MP\Datasets\archive (1)\clean_images\cattle\brown_swiss\brown_swiss_0340.jpg,cattle,brown_swiss,cattle_brown_swiss
D:\B.Tech\CE-AI\Sem 7\MP\Datasets\archive (1)\clean_images\cattle\amritmahal\amritmahal_0140.jpg,cattle,amritmahal,cattle_amritmahal
D:\B.Tech\CE-AI\Sem 7\MP\Datasets\archive (1)\clean_images\cattle\guernsey\guernsey_0193.jpg,cattle,guernsey,cattle_guernsey
D:\B.Tech\CE-AI\Sem 7\MP\Datasets\archive (1)\clean_images\buffalo\murrah\murrah_0163.jpg,buffalo,murrah,buffalo_murrah
D:\B.Tech\CE-AI\Sem 7\MP\Datasets\archive (1)\clean_images\cattle\holstein-friesian\holstein-friesian_0286.jpg,cattle,holstein-friesian,cattle_holstein-friesian
D:\B.Tech\CE-AI\Sem 7\MP\Datasets\archive (1)\clean_images\cattle\hallikar\hallikar_0122.jpg,cattle,hallikar,cattle_hallikar
D:\B.Tech\CE-AI\Sem 7\MP\Datasets\archive (1)\clean_images\buffalo\banni\banni_0002.jpg,buffalo,banni,buffalo_banni
D:\B.Tech\CE-AI\Sem 7\MP\Datasets\archive (1)\clean_images\buffalo\nagpuri\nagpuri_0073.jpg,buffalo,nagpuri,buffalo_nagpuri
D:\B.Tech\CE-AI\Sem 7\MP\Datasets\archive (1)\clean_images\cattle\sahiwal\sahiwal_0361.jpg,cattle,sahiwal,cattle_sahiwal
D:\B.Tech\CE-AI\Sem 7\MP\Datasets\archive (1)\clean_images\cattle\amritmahal\amritmahal_0010.jpg,cattle,amritmahal,cattle_amritmahal
D:\B.Tech\CE-AI\Sem 7\MP\Datasets\archive (1)\clean_images\cattle\hallikar\hallikar_0147.jpg,cattle,hallikar,cattle_hallikar
D:\B.Tech\CE-AI\Sem 7\MP\Datasets\archive (1)\clean_images\buffalo\toda\toda_0061.jpg,buffalo,toda,buffalo_toda
D:\B.Tech\CE-AI\Sem 7\MP\Datasets\archive (1)\clean_images\cattle\deoni\deoni_0082.jpg,cattle,deoni,cattle_deoni
D:\B.Tech\CE-AI\Sem 7\MP\Datasets\archive (1)\clean_images\cattle\vechur\vechur_0099.jpg,cattle,vechur,cattle_vechur
D:\B.Tech\CE-AI\Sem 7\MP\Datasets\archive (1)\clean_images\cattle\gir\gir_0177.jpg,cattle,gir,cattle_gir
D:\B.Tech\CE-AI\Sem 7\MP\Datasets\archive (1)\clean_images\cattle\red_sindhi\red_sindhi_0092.png,cattle,red_sindhi,cattle_red_sindhi
D:\B.Tech\CE-AI\Sem 7\MP\Datasets\archive (1)\clean_images\buffalo\mehsana\mehsana_0021.jpg,buffalo,mehsana,buffalo_mehsana
D:\B.Tech\CE-AI\Sem 7\MP\Datasets\archive (1)\clean_images\cattle\rathi\rathi_0011.jpg,cattle,rathi,cattle_rathi
D:\B.Tech\CE-AI\Sem 7\MP\Datasets\archive (1)\clean_images\cattle\bargur\bargur_0024.jpg,cattle,bargur,cattle_bargur
D:\B.Tech\CE-AI\Sem 7\MP\Datasets\archive (1)\clean_images\cattle\gir\gir_0195.jpg,cattle,gir,cattle_gir
D:\B.Tech\CE-AI\Sem 7\MP\Datasets\archive (1)\clean_images\cattle\sahiwal\sahiwal_0295.png,cattle,sahiwal,cattle_sahiwal
D:\B.Tech\CE-AI\Sem 7\MP\Datasets\archive (1)\clean_images\cattle\pulikulam\pulikulam_0135.jpg,cattle,pulikulam,cattle_pulikulam
D:\B.Tech\CE-AI\Sem 7\MP\Datasets\archive (1)\clean_images\buffalo\nagpuri\nagpuri_0101.jpg,buffalo,nagpuri,buffalo_nagpuri
D:\B.Tech\CE-AI\Sem 7\MP\Datasets\archive (1)\clean_images\cattle\jersey\jersey_0101.jpg,cattle,jersey,cattle_jersey
D:\B.Tech\CE-AI\Sem 7\MP\Datasets\archive (1)\clean_images\cattle\ayrshire\ayrshire_0132.jpg,cattle,ayrshire,cattle_ayrshire
D:\B.Tech\CE-AI\Sem 7\MP\Datasets\archive (1)\clean_images\cattle\dangi\dangi_0049.jpg,cattle,dangi,cattle_dangi
D:\B.Tech\CE-AI\Sem 7\MP\Datasets\archive (1)\clean_images\cattle\holstein-friesian\holstein-friesian_0262.jpg,cattle,holstein-friesian,cattle_holstein-friesian
D:\B.Tech\CE-AI\Sem 7\MP\Datasets\archive (1)\clean_images\cattle\tharparkar\tharparkar_0187.jpg,cattle,tharparkar,cattle_tharparkar
D:\B.Tech\CE-AI\Sem 7\MP\Datasets\archive (1)\clean_images\cattle\sahiwal\sahiwal_0135.jpg,cattle,sahiwal,cattle_sahiwal
D:\B.Tech\CE-AI\Sem 7\MP\Datasets\archive (1)\clean_images\cattle\jersey\jersey_0009.jpg,cattle,jersey,cattle_jersey
D:\B.Tech\CE-AI\Sem 7\MP\Datasets\archive (1)\clean_images\cattle\kankrej\kankrej_0059.jpg,cattle,kankrej,cattle_kankrej
D:\B.Tech\CE-AI\Sem 7\MP\Datasets\archive (1)\clean_images\cattle\gir\gir_0342.jpg,cattle,gir,cattle_gir
D:\B.Tech\CE-AI\Sem 7\MP\Datasets\archive (1)\clean_images\cattle\brown_swiss\brown_swiss_0179.jpg,cattle,brown_swiss,cattle_brown_swiss
D:\B.Tech\CE-AI\Sem 7\MP\Datasets\archive (1)\clean_images\cattle\holstein-friesian\holstein-friesian_0279.jpg,cattle,holstein-friesian,cattle_holstein-friesian
D:\B.Tech\CE-AI\Sem 7\MP\Datasets\archive (1)\clean_images\cattle\sahiwal\sahiwal_0098.jpg,cattle,sahiwal,cattle_sahiwal
D:\B.Tech\CE-AI\Sem 7\MP\Datasets\archive (1)\clean_images\buffalo\alambadi\alambadi_0206.png,buffalo,alambadi,buffalo_alambadi
D:\B.Tech\CE-AI\Sem 7\MP\Datasets\archive (1)\clean_images\cattle\holstein-friesian\holstein-friesian_0258.jpg,cattle,holstein-friesian,cattle_holstein-friesian
D:\B.Tech\CE-AI\Sem 7\MP\Datasets\archive (1)\clean_images\cattle\amritmahal\amritmahal_0084.jpg,cattle,amritmahal,cattle_amritmahal
D:\B.Tech\CE-AI\Sem 7\MP\Datasets\archive (1)\clean_images\buffalo\murrah\murrah_0047.jpeg,buffalo,murrah,buffalo_murrah
D:\B.Tech\CE-AI\Sem 7\MP\Datasets\archive (1)\clean_images\cattle\red_sindhi\red_sindhi_0142.jpg,cattle,red_sindhi,cattle_red_sindhi
D:\B.Tech\CE-AI\Sem 7\MP\Datasets\archive (1)\clean_images\cattle\guernsey\guernsey_0077.jpg,cattle,guernsey,cattle_guernsey
D:\B.Tech\CE-AI\Sem 7\MP\Datasets\archive (1)\clean_images\cattle\gir\gir_0269.jpg,cattle,gir,cattle_gir
D:\B.Tech\CE-AI\Sem 7\MP\Datasets\archive (1)\clean_images\buffalo\bhadawari\bhadawari_0121.jpg,buffalo,bhadawari,buffalo_bhadawari
D:\B.Tech\CE-AI\Sem 7\MP\Datasets\archive (1)\clean_images\buffalo\nagpuri\nagpuri_0079.gif,buffalo,nagpuri,buffalo_nagpuri
D:\B.Tech\CE-AI\Sem 7\MP\Datasets\archive (1)\clean_images\cattle\kherigarh\kherigarh_0042.png,cattle,kherigarh,cattle_kherigarh
D:\B.Tech\CE-AI\Sem 7\MP\Datasets\archive (1)\clean_images\cattle\holstein-friesian\holstein-friesian_0423.jpg,cattle,holstein-friesian,cattle_holstein-friesian
D:\B.Tech\CE-AI\Sem 7\MP\Datasets\archive (1)\clean_images\cattle\hallikar\hallikar_0221.jpg,cattle,hallikar,cattle_hallikar
D:\B.Tech\CE-AI\Sem 7\MP\Datasets\archive (1)\clean_images\cattle\tharparkar\tharparkar_0011.jpg,cattle,tharparkar,cattle_tharparkar
D:\B.Tech\CE-AI\Sem 7\MP\Datasets\archive (1)\clean_images\cattle\jersey\jersey_0041.jpg,cattle,jersey,cattle_jersey
D:\B.Tech\CE-AI\Sem 7\MP\Datasets\archive (1)\clean_images\cattle\ayrshire\ayrshire_0650.jpg,cattle,ayrshire,cattle_ayrshire
D:\B.Tech\CE-AI\Sem 7\MP\Datasets\archive (1)\clean_images\cattle\hallikar\hallikar_0199.jpg,cattle,hallikar,cattle_hallikar
D:\B.Tech\CE-AI\Sem 7\MP\Datasets\archive (1)\clean_images\cattle\umblachery\umblachery_0064.jpg,cattle,umblachery,cattle_umblachery
D:\B.Tech\CE-AI\Sem 7\MP\Datasets\archive (1)\clean_images\cattle\hallikar\hallikar_0046.jpg,cattle,hallikar,cattle_hallikar
D:\B.Tech\CE-AI\Sem 7\MP\Datasets\archive (1)\clean_images\cattle\sahiwal\sahiwal_0454.png,cattle,sahiwal,cattle_sahiwal
D:\B.Tech\CE-AI\Sem 7\MP\Datasets\archive (1)\clean_images\cattle\gir\gir_0004.jpg,cattle,gir,cattle_gir
D:\B.Tech\CE-AI\Sem 7\MP\Datasets\archive (1)\clean_images\cattle\gir\gir_0047.jpg,cattle,gir,cattle_gir
D:\B.Tech\CE-AI\Sem 7\MP\Datasets\archive (1)\clean_images\cattle\brown_swiss\brown_swiss_0391.jpg,cattle,brown_swiss,cattle_brown_swiss
D:\B.Tech\CE-AI\Sem 7\MP\Datasets\archive (1)\clean_images\cattle\kangayam\kangayam_0061.jpg,cattle,kangayam,cattle_kangayam
D:\B.Tech\CE-AI\Sem 7\MP\Datasets\archive (1)\clean_images\buffalo\murrah\murrah_0103.jpg,buffalo,murrah,buffalo_murrah
D:\B.Tech\CE-AI\Sem 7\MP\Datasets\archive (1)\clean_images\cattle\gir\gir_0347.jpg,cattle,gir,cattle_gir
D:\B.Tech\CE-AI\Sem 7\MP\Datasets\archive (1)\clean_images\cattle\brown_swiss\brown_swiss_0185.jpg,cattle,brown_swiss,cattle_brown_swiss
D:\B.Tech\CE-AI\Sem 7\MP\Datasets\archive (1)\clean_images\cattle\guernsey\guernsey_0179.jpg,cattle,guernsey,cattle_guernsey
D:\B.Tech\CE-AI\Sem 7\MP\Datasets\archive (1)\clean_images\cattle\krishna_valley\krishna_valley_0079.jpg,cattle,krishna_valley,cattle_krishna_valley
D:\B.Tech\CE-AI\Sem 7\MP\Datasets\archive (1)\clean_images\buffalo\alambadi\alambadi_0101.jpg,buffalo,alambadi,buffalo_alambadi
D:\B.Tech\CE-AI\Sem 7\MP\Datasets\archive (1)\clean_images\cattle\ayrshire\ayrshire_0573.jpg,cattle,ayrshire,cattle_ayrshire
D:\B.Tech\CE-AI\Sem 7\MP\Datasets\archive (1)\clean_images\cattle\malnad_gidda\malnad_gidda_0056.jpg,cattle,malnad_gidda,cattle_malnad_gidda
D:\B.Tech\CE-AI\Sem 7\MP\Datasets\archive (1)\clean_images\buffalo\toda\toda_0057.jpg,buffalo,toda,buffalo_toda
D:\B.Tech\CE-AI\Sem 7\MP\Datasets\archive (1)\clean_images\cattle\holstein-friesian\holstein-friesian_0493.jpg,cattle,holstein-friesian,cattle_holstein-friesian
D:\B.Tech\CE-AI\Sem 7\MP\Datasets\archive (1)\clean_images\cattle\sahiwal\sahiwal_0124.jpg,cattle,sahiwal,cattle_sahiwal
D:\B.Tech\CE-AI\Sem 7\MP\Datasets\archive (1)\clean_images\cattle\khillar\khillar_0087.png,cattle,khillar,cattle_khillar
D:\B.Tech\CE-AI\Sem 7\MP\Datasets\archive (1)\clean_images\cattle\brown_swiss\brown_swiss_0007.jpg,cattle,brown_swiss,cattle_brown_swiss
D:\B.Tech\CE-AI\Sem 7\MP\Datasets\archive (1)\clean_images\cattle\red_sindhi\red_sindhi_0149.jpg,cattle,red_sindhi,cattle_red_sindhi
D:\B.Tech\CE-AI\Sem 7\MP\Datasets\archive (1)\clean_images\cattle\brown_swiss\brown_swiss_0292.jpg,cattle,brown_swiss,cattle_brown_swiss
D:\B.Tech\CE-AI\Sem 7\MP\Datasets\archive (1)\clean_images\cattle\hallikar\hallikar_0242.jpg,cattle,hallikar,cattle_hallikar
D:\B.Tech\CE-AI\Sem 7\MP\Datasets\archive (1)\clean_images\cattle\kenkatha\kenkatha_0030.png,cattle,kenkatha,cattle_kenkatha
D:\B.Tech\CE-AI\Sem 7\MP\Datasets\archive (1)\clean_images\cattle\gir\gir_0187.jpg,cattle,gir,cattle_gir
D:\B.Tech\CE-AI\Sem 7\MP\Datasets\archive (1)\clean_images\cattle\ayrshire\ayrshire_0708.jpg,cattle,ayrshire,cattle_ayrshire
D:\B.Tech\CE-AI\Sem 7\MP\Datasets\archive (1)\clean_images\buffalo\alambadi\alambadi_0080.jpg,buffalo,alambadi,buffalo_alambadi
D:\B.Tech\CE-AI\Sem 7\MP\Datasets\archive (1)\clean_images\cattle\gir\gir_0136.jpg,cattle,gir,cattle_gir
D:\B.Tech\CE-AI\Sem 7\MP\Datasets\archive (1)\clean_images\cattle\holstein-friesian\holstein-friesian_0502.jpg,cattle,holstein-friesian,cattle_holstein-friesian
D:\B.Tech\CE-AI\Sem 7\MP\Datasets\archive (1)\clean_images\buffalo\toda\toda_0094.jpg,buffalo,toda,buffalo_toda
D:\B.Tech\CE-AI\Sem 7\MP\Datasets\archive (1)\clean_images\cattle\sahiwal\sahiwal_0003.jpg,cattle,sahiwal,cattle_sahiwal
D:\B.Tech\CE-AI\Sem 7\MP\Datasets\archive (1)\clean_images\buffalo\nili_ravi\nili_ravi_0010.jpg,buffalo,nili_ravi,buffalo_nili_ravi
D:\B.Tech\CE-AI\Sem 7\MP\Datasets\archive (1)\clean_images\buffalo\jaffarabadi\jaffarabadi_0110.png,buffalo,jaffarabadi,buffalo_jaffarabadi
D:\B.Tech\CE-AI\Sem 7\MP\Datasets\archive (1)\clean_images\cattle\amritmahal\amritmahal_0092.jpg,cattle,amritmahal,cattle_amritmahal
D:\B.Tech\CE-AI\Sem 7\MP\Datasets\archive (1)\clean_images\buffalo\jaffarabadi\jaffarabadi_0002.jpg,buffalo,jaffarabadi,buffalo_jaffarabadi
D:\B.Tech\CE-AI\Sem 7\MP\Datasets\archive (1)\clean_images\cattle\gir\gir_0622.jpg,cattle,gir,cattle_gir
D:\B.Tech\CE-AI\Sem 7\MP\Datasets\archive (1)\clean_images\cattle\tharparkar\tharparkar_0068.png,cattle,tharparkar,cattle_tharparkar
D:\B.Tech\CE-AI\Sem 7\MP\Datasets\archive (1)\clean_images\cattle\brown_swiss\brown_swiss_0282.jpg,cattle,brown_swiss,cattle_brown_swiss
D:\B.Tech\CE-AI\Sem 7\MP\Datasets\archive (1)\clean_images\cattle\ayrshire\ayrshire_0224.jpg,cattle,ayrshire,cattle_ayrshire
D:\B.Tech\CE-AI\Sem 7\MP\Datasets\archive (1)\clean_images\cattle\amritmahal\amritmahal_0023.jpg,cattle,amritmahal,cattle_amritmahal
D:\B.Tech\CE-AI\Sem 7\MP\Datasets\archive (1)\clean_images\cattle\gir\gir_0537.jpg,cattle,gir,cattle_gir
D:\B.Tech\CE-AI\Sem 7\MP\Datasets\archive (1)\clean_images\cattle\kangayam\kangayam_0062.jpg,cattle,kangayam,cattle_kangayam
D:\B.Tech\CE-AI\Sem 7\MP\Datasets\archive (1)\clean_images\cattle\ayrshire\ayrshire_0347.jpg,cattle,ayrshire,cattle_ayrshire
D:\B.Tech\CE-AI\Sem 7\MP\Datasets\archive (1)\clean_images\cattle\ayrshire\ayrshire_0684.jpg,cattle,ayrshire,cattle_ayrshire
D:\B.Tech\CE-AI\Sem 7\MP\Datasets\archive (1)\clean_images\cattle\red_sindhi\red_sindhi_0040.jpg,cattle,red_sindhi,cattle_red_sindhi
D:\B.Tech\CE-AI\Sem 7\MP\Datasets\archive (1)\clean_images\cattle\guernsey\guernsey_0106.jpg,cattle,guernsey,cattle_guernsey
D:\B.Tech\CE-AI\Sem 7\MP\Datasets\archive (1)\clean_images\cattle\holstein-friesian\holstein-friesian_0030.jpg,cattle,holstein-friesian,cattle_holstein-friesian
D:\B.Tech\CE-AI\Sem 7\MP\Datasets\archive (1)\clean_images\cattle\gir\gir_0655.jpg,cattle,gir,cattle_gir
D:\B.Tech\CE-AI\Sem 7\MP\Datasets\archive (1)\clean_images\cattle\nimari\nimari_0058.jpg,cattle,nimari,cattle_nimari
D:\B.Tech\CE-AI\Sem 7\MP\Datasets\archive (1)\clean_images\cattle\sahiwal\sahiwal_0175.jpeg,cattle,sahiwal,cattle_sahiwal
D:\B.Tech\CE-AI\Sem 7\MP\Datasets\archive (1)\clean_images\cattle\gir\gir_0285.jpg,cattle,gir,cattle_gir
D:\B.Tech\CE-AI\Sem 7\MP\Datasets\archive (1)\clean_images\cattle\sahiwal\sahiwal_0186.jpg,cattle,sahiwal,cattle_sahiwal
D:\B.Tech\CE-AI\Sem 7\MP\Datasets\archive (1)\clean_images\cattle\gir\gir_0356.jpg,cattle,gir,cattle_gir
D:\B.Tech\CE-AI\Sem 7\MP\Datasets\archive (1)\clean_images\buffalo\alambadi\alambadi_0079.jpg,buffalo,alambadi,buffalo_alambadi
D:\B.Tech\CE-AI\Sem 7\MP\Datasets\archive (1)\clean_images\cattle\jersey\jersey_0039.jpg,cattle,jersey,cattle_jersey
D:\B.Tech\CE-AI\Sem 7\MP\Datasets\archive (1)\clean_images\cattle\pulikulam\pulikulam_0041.jpg,cattle,pulikulam,cattle_pulikulam
D:\B.Tech\CE-AI\Sem 7\MP\Datasets\archive (1)\clean_images\cattle\malnad_gidda\malnad_gidda_0086.png,cattle,malnad_gidda,cattle_malnad_gidda
D:\B.Tech\CE-AI\Sem 7\MP\Datasets\archive (1)\clean_images\cattle\sahiwal\sahiwal_0264.jpg,cattle,sahiwal,cattle_sahiwal
D:\B.Tech\CE-AI\Sem 7\MP\Datasets\archive (1)\clean_images\cattle\red_dane\red_dane_0001.jpg,cattle,red_dane,cattle_red_dane
D:\B.Tech\CE-AI\Sem 7\MP\Datasets\archive (1)\clean_images\cattle\ayrshire\ayrshire_0468.jpg,cattle,ayrshire,cattle_ayrshire
D:\B.Tech\CE-AI\Sem 7\MP\Datasets\archive (1)\clean_images\cattle\dangi\dangi_0075.png,cattle,dangi,cattle_dangi
D:\B.Tech\CE-AI\Sem 7\MP\Datasets\archive (1)\clean_images\buffalo\nili_ravi\nili_ravi_0039.jpg,buffalo,nili_ravi,buffalo_nili_ravi
D:\B.Tech\CE-AI\Sem 7\MP\Datasets\archive (1)\clean_images\cattle\ayrshire\ayrshire_0141.jpg,cattle,ayrshire,cattle_ayrshire
D:\B.Tech\CE-AI\Sem 7\MP\Datasets\archive (1)\clean_images\cattle\ayrshire\ayrshire_0718.jpg,cattle,ayrshire,cattle_ayrshire
D:\B.Tech\CE-AI\Sem 7\MP\Datasets\archive (1)\clean_images\cattle\brown_swiss\brown_swiss_0195.jpg,cattle,brown_swiss,cattle_brown_swiss
D:\B.Tech\CE-AI\Sem 7\MP\Datasets\archive (1)\clean_images\cattle\kenkatha\kenkatha_0050.png,cattle,kenkatha,cattle_kenkatha
D:\B.Tech\CE-AI\Sem 7\MP\Datasets\archive (1)\clean_images\cattle\kankrej\kankrej_0135.png,cattle,kankrej,cattle_kankrej
D:\B.Tech\CE-AI\Sem 7\MP\Datasets\archive (1)\clean_images\buffalo\bhadawari\bhadawari_0077.jpg,buffalo,bhadawari,buffalo_bhadawari
D:\B.Tech\CE-AI\Sem 7\MP\Datasets\archive (1)\clean_images\cattle\brown_swiss\brown_swiss_0374.jpg,cattle,brown_swiss,cattle_brown_swiss
D:\B.Tech\CE-AI\Sem 7\MP\Datasets\archive (1)\clean_images\cattle\malnad_gidda\malnad_gidda_0025.jpg,cattle,malnad_gidda,cattle_malnad_gidda
D:\B.Tech\CE-AI\Sem 7\MP\Datasets\archive (1)\clean_images\cattle\pulikulam\pulikulam_0017.jpg,cattle,pulikulam,cattle_pulikulam
D:\B.Tech\CE-AI\Sem 7\MP\Datasets\archive (1)\clean_images\cattle\kankrej\kankrej_0173.jpg,cattle,kankrej,cattle_kankrej
D:\B.Tech\CE-AI\Sem 7\MP\Datasets\archive (1)\clean_images\cattle\red_sindhi\red_sindhi_0147.jpg,cattle,red_sindhi,cattle_red_sindhi
D:\B.Tech\CE-AI\Sem 7\MP\Datasets\archive (1)\clean_images\cattle\rathi\rathi_0003.jpg,cattle,rathi,cattle_rathi
D:\B.Tech\CE-AI\Sem 7\MP\Datasets\archive (1)\clean_images\cattle\jersey\jersey_0159.jpg,cattle,jersey,cattle_jersey
D:\B.Tech\CE-AI\Sem 7\MP\Datasets\archive (1)\clean_images\cattle\jersey\jersey_0171.jpg,cattle,jersey,cattle_jersey
D:\B.Tech\CE-AI\Sem 7\MP\Datasets\archive (1)\clean_images\cattle\holstein-friesian\holstein-friesian_0314.jpg,cattle,holstein-friesian,cattle_holstein-friesian
D:\B.Tech\CE-AI\Sem 7\MP\Datasets\archive (1)\clean_images\cattle\rathi\rathi_0022.jpeg,cattle,rathi,cattle_rathi
D:\B.Tech\CE-AI\Sem 7\MP\Datasets\archive (1)\clean_images\cattle\sahiwal\sahiwal_0301.png,cattle,sahiwal,cattle_sahiwal
D:\B.Tech\CE-AI\Sem 7\MP\Datasets\archive (1)\clean_images\cattle\holstein-friesian\holstein-friesian_0057.jpg,cattle,holstein-friesian,cattle_holstein-friesian
D:\B.Tech\CE-AI\Sem 7\MP\Datasets\archive (1)\clean_images\cattle\brown_swiss\brown_swiss_0303.jpg,cattle,brown_swiss,cattle_brown_swiss
D:\B.Tech\CE-AI\Sem 7\MP\Datasets\archive (1)\clean_images\cattle\khillar\khillar_0081.jpg,cattle,khillar,cattle_khillar
D:\B.Tech\CE-AI\Sem 7\MP\Datasets\archive (1)\clean_images\cattle\jersey\jersey_0151.jpg,cattle,jersey,cattle_jersey
D:\B.Tech\CE-AI\Sem 7\MP\Datasets\archive (1)\clean_images\cattle\holstein-friesian\holstein-friesian_0545.jpg,cattle,holstein-friesian,cattle_holstein-friesian
D:\B.Tech\CE-AI\Sem 7\MP\Datasets\archive (1)\clean_images\cattle\rathi\rathi_0102.jpg,cattle,rathi,cattle_rathi
D:\B.Tech\CE-AI\Sem 7\MP\Datasets\archive (1)\clean_images\cattle\hallikar\hallikar_0175.jpg,cattle,hallikar,cattle_hallikar
D:\B.Tech\CE-AI\Sem 7\MP\Datasets\archive (1)\clean_images\cattle\kherigarh\kherigarh_0020.jpg,cattle,kherigarh,cattle_kherigarh
D:\B.Tech\CE-AI\Sem 7\MP\Datasets\archive (1)\clean_images\cattle\gir\gir_0693.png,cattle,gir,cattle_gir
D:\B.Tech\CE-AI\Sem 7\MP\Datasets\archive (1)\clean_images\cattle\jersey\jersey_0001.jpg,cattle,jersey,cattle_jersey
D:\B.Tech\CE-AI\Sem 7\MP\Datasets\archive (1)\clean_images\buffalo\murrah\murrah_0048.jpg,buffalo,murrah,buffalo_murrah
D:\B.Tech\CE-AI\Sem 7\MP\Datasets\archive (1)\clean_images\buffalo\nagpuri\nagpuri_0098.jpg,buffalo,nagpuri,buffalo_nagpuri
D:\B.Tech\CE-AI\Sem 7\MP\Datasets\archive (1)\clean_images\cattle\hallikar\hallikar_0183.jpg,cattle,hallikar,cattle_hallikar
D:\B.Tech\CE-AI\Sem 7\MP\Datasets\archive (1)\clean_images\buffalo\bargur\bargur_0062.jpg,buffalo,bargur,buffalo_bargur
D:\B.Tech\CE-AI\Sem 7\MP\Datasets\archive (1)\clean_images\cattle\hariana\hariana_0077.jpg,cattle,hariana,cattle_hariana
D:\B.Tech\CE-AI\Sem 7\MP\Datasets\archive (1)\clean_images\cattle\amritmahal\amritmahal_0165.jpg,cattle,amritmahal,cattle_amritmahal
D:\B.Tech\CE-AI\Sem 7\MP\Datasets\archive (1)\clean_images\buffalo\alambadi\alambadi_0083.jpg,buffalo,alambadi,buffalo_alambadi
D:\B.Tech\CE-AI\Sem 7\MP\Datasets\archive (1)\clean_images\cattle\red_dane\red_dane_0110.jpg,cattle,red_dane,cattle_red_dane
D:\B.Tech\CE-AI\Sem 7\MP\Datasets\archive (1)\clean_images\buffalo\surti\surti_0033.jpg,buffalo,surti,buffalo_surti
D:\B.Tech\CE-AI\Sem 7\MP\Datasets\archive (1)\clean_images\cattle\guernsey\guernsey_0152.jpg,cattle,guernsey,cattle_guernsey
D:\B.Tech\CE-AI\Sem 7\MP\Datasets\archive (1)\clean_images\cattle\ayrshire\ayrshire_0292.jpg,cattle,ayrshire,cattle_ayrshire
D:\B.Tech\CE-AI\Sem 7\MP\Datasets\archive (1)\clean_images\cattle\red_sindhi\red_sindhi_0152.jpg,cattle,red_sindhi,cattle_red_sindhi
D:\B.Tech\CE-AI\Sem 7\MP\Datasets\archive (1)\clean_images\cattle\ayrshire\ayrshire_0545.jpg,cattle,ayrshire,cattle_ayrshire
D:\B.Tech\CE-AI\Sem 7\MP\Datasets\archive (1)\clean_images\cattle\hallikar\hallikar_0045.jpg,cattle,hallikar,cattle_hallikar
D:\B.Tech\CE-AI\Sem 7\MP\Datasets\archive (1)\clean_images\cattle\brown_swiss\brown_swiss_0043.jpg,cattle,brown_swiss,cattle_brown_swiss
D:\B.Tech\CE-AI\Sem 7\MP\Datasets\archive (1)\clean_images\cattle\jersey\jersey_0115.jpg,cattle,jersey,cattle_jersey
D:\B.Tech\CE-AI\Sem 7\MP\Datasets\archive (1)\clean_images\cattle\gir\gir_0144.jpg,cattle,gir,cattle_gir
D:\B.Tech\CE-AI\Sem 7\MP\Datasets\archive (1)\clean_images\cattle\ayrshire\ayrshire_0488.jpg,cattle,ayrshire,cattle_ayrshire
D:\B.Tech\CE-AI\Sem 7\MP\Datasets\archive (1)\clean_images\cattle\brown_swiss\brown_swiss_0124.jpg,cattle,brown_swiss,cattle_brown_swiss
D:\B.Tech\CE-AI\Sem 7\MP\Datasets\archive (1)\clean_images\cattle\holstein-friesian\holstein-friesian_0249.jpg,cattle,holstein-friesian,cattle_holstein-friesian
D:\B.Tech\CE-AI\Sem 7\MP\Datasets\archive (1)\clean_images\buffalo\jaffarabadi\jaffarabadi_0081.png,buffalo,jaffarabadi,buffalo_jaffarabadi
D:\B.Tech\CE-AI\Sem 7\MP\Datasets\archive (1)\clean_images\buffalo\murrah\murrah_0116.jpg,buffalo,murrah,buffalo_murrah
D:\B.Tech\CE-AI\Sem 7\MP\Datasets\archive (1)\clean_images\cattle\kherigarh\kherigarh_0046.png,cattle,kherigarh,cattle_kherigarh
D:\B.Tech\CE-AI\Sem 7\MP\Datasets\archive (1)\clean_images\cattle\gir\gir_0088.jpg,cattle,gir,cattle_gir
D:\B.Tech\CE-AI\Sem 7\MP\Datasets\archive (1)\clean_images\cattle\pulikulam\pulikulam_0005.jpg,cattle,pulikulam,cattle_pulikulam
D:\B.Tech\CE-AI\Sem 7\MP\Datasets\archive (1)\clean_images\cattle\bargur\bargur_0016.png,cattle,bargur,cattle_bargur
D:\B.Tech\CE-AI\Sem 7\MP\Datasets\archive (1)\clean_images\cattle\sahiwal\sahiwal_0404.jpg,cattle,sahiwal,cattle_sahiwal
D:\B.Tech\CE-AI\Sem 7\MP\Datasets\archive (1)\clean_images\cattle\tharparkar\tharparkar_0006.jpg,cattle,tharparkar,cattle_tharparkar
D:\B.Tech\CE-AI\Sem 7\MP\Datasets\archive (1)\clean_images\cattle\krishna_valley\krishna_valley_0051.jpg,cattle,krishna_valley,cattle_krishna_valley
D:\B.Tech\CE-AI\Sem 7\MP\Datasets\archive (1)\clean_images\cattle\brown_swiss\brown_swiss_0177.jpg,cattle,brown_swiss,cattle_brown_swiss
D:\B.Tech\CE-AI\Sem 7\MP\Datasets\archive (1)\clean_images\cattle\ayrshire\ayrshire_0587.jpg,cattle,ayrshire,cattle_ayrshire
D:\B.Tech\CE-AI\Sem 7\MP\Datasets\archive (1)\clean_images\buffalo\jaffarabadi\jaffarabadi_0101.png,buffalo,jaffarabadi,buffalo_jaffarabadi
D:\B.Tech\CE-AI\Sem 7\MP\Datasets\archive (1)\clean_images\cattle\tharparkar\tharparkar_0170.jpg,cattle,tharparkar,cattle_tharparkar
D:\B.Tech\CE-AI\Sem 7\MP\Datasets\archive (1)\clean_images\buffalo\alambadi\alambadi_0168.png,buffalo,alambadi,buffalo_alambadi
D:\B.Tech\CE-AI\Sem 7\MP\Datasets\archive (1)\clean_images\buffalo\mehsana\mehsana_0072.jpg,buffalo,mehsana,buffalo_mehsana
D:\B.Tech\CE-AI\Sem 7\MP\Datasets\archive (1)\clean_images\cattle\sahiwal\sahiwal_0142.jpg,cattle,sahiwal,cattle_sahiwal
D:\B.Tech\CE-AI\Sem 7\MP\Datasets\archive (1)\clean_images\cattle\kankrej\kankrej_0159.jpg,cattle,kankrej,cattle_kankrej
D:\B.Tech\CE-AI\Sem 7\MP\Datasets\archive (1)\clean_images\buffalo\murrah\murrah_0092.jpg,buffalo,murrah,buffalo_murrah
D:\B.Tech\CE-AI\Sem 7\MP\Datasets\archive (1)\clean_images\buffalo\mehsana\mehsana_0090.jpg,buffalo,mehsana,buffalo_mehsana
D:\B.Tech\CE-AI\Sem 7\MP\Datasets\archive (1)\clean_images\cattle\guernsey\guernsey_0184.jpg,cattle,guernsey,cattle_guernsey
D:\B.Tech\CE-AI\Sem 7\MP\Datasets\archive (1)\clean_images\cattle\deoni\deoni_0151.jpg,cattle,deoni,cattle_deoni
D:\B.Tech\CE-AI\Sem 7\MP\Datasets\archive (1)\clean_images\cattle\kangayam\kangayam_0086.jpg,cattle,kangayam,cattle_kangayam
D:\B.Tech\CE-AI\Sem 7\MP\Datasets\archive (1)\clean_images\buffalo\murrah\murrah_0029.jpeg,buffalo,murrah,buffalo_murrah
D:\B.Tech\CE-AI\Sem 7\MP\Datasets\archive (1)\clean_images\buffalo\nili_ravi\nili_ravi_0086.jpg,buffalo,nili_ravi,buffalo_nili_ravi
D:\B.Tech\CE-AI\Sem 7\MP\Datasets\archive (1)\clean_images\buffalo\mehsana\mehsana_0044.png,buffalo,mehsana,buffalo_mehsana
D:\B.Tech\CE-AI\Sem 7\MP\Datasets\archive (1)\clean_images\cattle\bargur\bargur_0087.jpg,cattle,bargur,cattle_bargur
D:\B.Tech\CE-AI\Sem 7\MP\Datasets\archive (1)\clean_images\cattle\deoni\deoni_0202.jpg,cattle,deoni,cattle_deoni
D:\B.Tech\CE-AI\Sem 7\MP\Datasets\archive (1)\clean_images\cattle\kenkatha\kenkatha_0066.jpg,cattle,kenkatha,cattle_kenkatha
D:\B.Tech\CE-AI\Sem 7\MP\Datasets\archive (1)\clean_images\cattle\gir\gir_0189.jpg,cattle,gir,cattle_gir
D:\B.Tech\CE-AI\Sem 7\MP\Datasets\archive (1)\clean_images\buffalo\alambadi\alambadi_0095.jpg,buffalo,alambadi,buffalo_alambadi
D:\B.Tech\CE-AI\Sem 7\MP\Datasets\archive (1)\clean_images\cattle\gir\gir_0008.jpg,cattle,gir,cattle_gir
D:\B.Tech\CE-AI\Sem 7\MP\Datasets\archive (1)\clean_images\buffalo\bargur\bargur_0075.jpg,buffalo,bargur,buffalo_bargur
D:\B.Tech\CE-AI\Sem 7\MP\Datasets\archive (1)\clean_images\cattle\gir\gir_0398.jpg,cattle,gir,cattle_gir
D:\B.Tech\CE-AI\Sem 7\MP\Datasets\archive (1)\clean_images\cattle\red_dane\red_dane_0116.jpg,cattle,red_dane,cattle_red_dane
D:\B.Tech\CE-AI\Sem 7\MP\Datasets\archive (1)\clean_images\cattle\holstein-friesian\holstein-friesian_0508.jpg,cattle,holstein-friesian,cattle_holstein-friesian
D:\B.Tech\CE-AI\Sem 7\MP\Datasets\archive (1)\clean_images\cattle\ayrshire\ayrshire_0724.jpg,cattle,ayrshire,cattle_ayrshire
D:\B.Tech\CE-AI\Sem 7\MP\Datasets\archive (1)\clean_images\buffalo\banni\banni_0119.jpg,buffalo,banni,buffalo_banni
D:\B.Tech\CE-AI\Sem 7\MP\Datasets\archive (1)\clean_images\cattle\brown_swiss\brown_swiss_0332.jpg,cattle,brown_swiss,cattle_brown_swiss
D:\B.Tech\CE-AI\Sem 7\MP\Datasets\archive (1)\clean_images\cattle\amritmahal\amritmahal_0002.jpg,cattle,amritmahal,cattle_amritmahal
D:\B.Tech\CE-AI\Sem 7\MP\Datasets\archive (1)\clean_images\cattle\pulikulam\pulikulam_0090.jpg,cattle,pulikulam,cattle_pulikulam
D:\B.Tech\CE-AI\Sem 7\MP\Datasets\archive (1)\clean_images\cattle\guernsey\guernsey_0087.jpg,cattle,guernsey,cattle_guernsey
D:\B.Tech\CE-AI\Sem 7\MP\Datasets\archive (1)\clean_images\buffalo\alambadi\alambadi_0112.png,buffalo,alambadi,buffalo_alambadi
D:\B.Tech\CE-AI\Sem 7\MP\Datasets\archive (1)\clean_images\cattle\gir\gir_0340.jpg,cattle,gir,cattle_gir
D:\B.Tech\CE-AI\Sem 7\MP\Datasets\archive (1)\clean_images\cattle\ayrshire\ayrshire_0005.jpg,cattle,ayrshire,cattle_ayrshire
D:\B.Tech\CE-AI\Sem 7\MP\Datasets\archive (1)\clean_images\cattle\pulikulam\pulikulam_0028.jpg,cattle,pulikulam,cattle_pulikulam
D:\B.Tech\CE-AI\Sem 7\MP\Datasets\archive (1)\clean_images\cattle\sahiwal\sahiwal_0370.jpg,cattle,sahiwal,cattle_sahiwal
D:\B.Tech\CE-AI\Sem 7\MP\Datasets\archive (1)\clean_images\cattle\red_dane\red_dane_0031.jpg,cattle,red_dane,cattle_red_dane
D:\B.Tech\CE-AI\Sem 7\MP\Datasets\archive (1)\clean_images\cattle\ayrshire\ayrshire_0263.jpg,cattle,ayrshire,cattle_ayrshire
D:\B.Tech\CE-AI\Sem 7\MP\Datasets\archive (1)\clean_images\buffalo\bhadawari\bhadawari_0036.jpg,buffalo,bhadawari,buffalo_bhadawari
D:\B.Tech\CE-AI\Sem 7\MP\Datasets\archive (1)\clean_images\cattle\gir\gir_0672.jpg,cattle,gir,cattle_gir
D:\B.Tech\CE-AI\Sem 7\MP\Datasets\archive (1)\clean_images\cattle\guernsey\guernsey_0224.jpg,cattle,guernsey,cattle_guernsey
D:\B.Tech\CE-AI\Sem 7\MP\Datasets\archive (1)\clean_images\cattle\sahiwal\sahiwal_0206.jpg,cattle,sahiwal,cattle_sahiwal
D:\B.Tech\CE-AI\Sem 7\MP\Datasets\archive (1)\clean_images\cattle\pulikulam\pulikulam_0047.png,cattle,pulikulam,cattle_pulikulam
D:\B.Tech\CE-AI\Sem 7\MP\Datasets\archive (1)\clean_images\cattle\hallikar\hallikar_0044.jpg,cattle,hallikar,cattle_hallikar
D:\B.Tech\CE-AI\Sem 7\MP\Datasets\archive (1)\clean_images\cattle\holstein-friesian\holstein-friesian_0246.jpg,cattle,holstein-friesian,cattle_holstein-friesian
D:\B.Tech\CE-AI\Sem 7\MP\Datasets\archive (1)\clean_images\cattle\deoni\deoni_0184.png,cattle,deoni,cattle_deoni
D:\B.Tech\CE-AI\Sem 7\MP\Datasets\archive (1)\clean_images\cattle\vechur\vechur_0082.jpg,cattle,vechur,cattle_vechur
D:\B.Tech\CE-AI\Sem 7\MP\Datasets\archive (1)\clean_images\cattle\holstein-friesian\holstein-friesian_0240.jpg,cattle,holstein-friesian,cattle_holstein-friesian
D:\B.Tech\CE-AI\Sem 7\MP\Datasets\archive (1)\clean_images\cattle\krishna_valley\krishna_valley_0033.jpg,cattle,krishna_valley,cattle_krishna_valley
D:\B.Tech\CE-AI\Sem 7\MP\Datasets\archive (1)\clean_images\buffalo\nili_ravi\nili_ravi_0040.jpg,buffalo,nili_ravi,buffalo_nili_ravi
D:\B.Tech\CE-AI\Sem 7\MP\Datasets\archive (1)\clean_images\buffalo\toda\toda_0050.jpg,buffalo,toda,buffalo_toda
D:\B.Tech\CE-AI\Sem 7\MP\Datasets\archive (1)\clean_images\cattle\holstein-friesian\holstein-friesian_0552.jpg,cattle,holstein-friesian,cattle_holstein-friesian
D:\B.Tech\CE-AI\Sem 7\MP\Datasets\archive (1)\clean_images\buffalo\nagpuri\nagpuri_0099.png,buffalo,nagpuri,buffalo_nagpuri
D:\B.Tech\CE-AI\Sem 7\MP\Datasets\archive (1)\clean_images\cattle\hallikar\hallikar_0008.jpg,cattle,hallikar,cattle_hallikar
D:\B.Tech\CE-AI\Sem 7\MP\Datasets\archive (1)\clean_images\buffalo\surti\surti_0074.jpg,buffalo,surti,buffalo_surti
D:\B.Tech\CE-AI\Sem 7\MP\Datasets\archive (1)\clean_images\cattle\tharparkar\tharparkar_0131.png,cattle,tharparkar,cattle_tharparkar
D:\B.Tech\CE-AI\Sem 7\MP\Datasets\archive (1)\clean_images\buffalo\bhadawari\bhadawari_0032.jpg,buffalo,bhadawari,buffalo_bhadawari
D:\B.Tech\CE-AI\Sem 7\MP\Datasets\archive (1)\clean_images\cattle\nimari\nimari_0079.png,cattle,nimari,cattle_nimari
D:\B.Tech\CE-AI\Sem 7\MP\Datasets\archive (1)\clean_images\cattle\gir\gir_0197.jpg,cattle,gir,cattle_gir
D:\B.Tech\CE-AI\Sem 7\MP\Datasets\archive (1)\clean_images\cattle\brown_swiss\brown_swiss_0220.jpg,cattle,brown_swiss,cattle_brown_swiss
D:\B.Tech\CE-AI\Sem 7\MP\Datasets\archive (1)\clean_images\buffalo\bargur\bargur_0101.jpg,buffalo,bargur,buffalo_bargur
D:\B.Tech\CE-AI\Sem 7\MP\Datasets\archive (1)\clean_images\cattle\umblachery\umblachery_0007.jpg,cattle,umblachery,cattle_umblachery
D:\B.Tech\CE-AI\Sem 7\MP\Datasets\archive (1)\clean_images\cattle\bargur\bargur_0054.png,cattle,bargur,cattle_bargur
D:\B.Tech\CE-AI\Sem 7\MP\Datasets\archive (1)\clean_images\cattle\deoni\deoni_0153.jpg,cattle,deoni,cattle_deoni
D:\B.Tech\CE-AI\Sem 7\MP\Datasets\archive (1)\clean_images\buffalo\nili_ravi\nili_ravi_0043.jpg,buffalo,nili_ravi,buffalo_nili_ravi
D:\B.Tech\CE-AI\Sem 7\MP\Datasets\archive (1)\clean_images\cattle\ayrshire\ayrshire_0409.jpg,cattle,ayrshire,cattle_ayrshire
D:\B.Tech\CE-AI\Sem 7\MP\Datasets\archive (1)\clean_images\cattle\ayrshire\ayrshire_0519.jpg,cattle,ayrshire,cattle_ayrshire
D:\B.Tech\CE-AI\Sem 7\MP\Datasets\archive (1)\clean_images\cattle\hallikar\hallikar_0287.jpg,cattle,hallikar,cattle_hallikar
D:\B.Tech\CE-AI\Sem 7\MP\Datasets\archive (1)\clean_images\cattle\ayrshire\ayrshire_0178.jpg,cattle,ayrshire,cattle_ayrshire
D:\B.Tech\CE-AI\Sem 7\MP\Datasets\archive (1)\clean_images\cattle\kankrej\kankrej_0085.jpg,cattle,kankrej,cattle_kankrej
D:\B.Tech\CE-AI\Sem 7\MP\Datasets\archive (1)\clean_images\buffalo\mehsana\mehsana_0081.png,buffalo,mehsana,buffalo_mehsana
D:\B.Tech\CE-AI\Sem 7\MP\Datasets\archive (1)\clean_images\cattle\malnad_gidda\malnad_gidda_0080.png,cattle,malnad_gidda,cattle_malnad_gidda
D:\B.Tech\CE-AI\Sem 7\MP\Datasets\archive (1)\clean_images\cattle\tharparkar\tharparkar_0153.jpg,cattle,tharparkar,cattle_tharparkar
D:\B.Tech\CE-AI\Sem 7\MP\Datasets\archive (1)\clean_images\cattle\holstein-friesian\holstein-friesian_0102.jpg,cattle,holstein-friesian,cattle_holstein-friesian
D:\B.Tech\CE-AI\Sem 7\MP\Datasets\archive (1)\clean_images\cattle\umblachery\umblachery_0039.png,cattle,umblachery,cattle_umblachery
D:\B.Tech\CE-AI\Sem 7\MP\Datasets\archive (1)\clean_images\cattle\ayrshire\ayrshire_0185.jpg,cattle,ayrshire,cattle_ayrshire
D:\B.Tech\CE-AI\Sem 7\MP\Datasets\archive (1)\clean_images\cattle\gir\gir_0714.jpg,cattle,gir,cattle_gir
D:\B.Tech\CE-AI\Sem 7\MP\Datasets\archive (1)\clean_images\cattle\gir\gir_0223.jpg,cattle,gir,cattle_gir
D:\B.Tech\CE-AI\Sem 7\MP\Datasets\archive (1)\clean_images\cattle\sahiwal\sahiwal_0031.jpg,cattle,sahiwal,cattle_sahiwal
D:\B.Tech\CE-AI\Sem 7\MP\Datasets\archive (1)\clean_images\cattle\hallikar\hallikar_0007.jpg,cattle,hallikar,cattle_hallikar
D:\B.Tech\CE-AI\Sem 7\MP\Datasets\archive (1)\clean_images\cattle\gir\gir_0630.jpg,cattle,gir,cattle_gir
D:\B.Tech\CE-AI\Sem 7\MP\Datasets\archive (1)\clean_images\cattle\hallikar\hallikar_0237.jpg,cattle,hallikar,cattle_hallikar
D:\B.Tech\CE-AI\Sem 7\MP\Datasets\archive (1)\clean_images\cattle\holstein-friesian\holstein-friesian_0121.jpg,cattle,holstein-friesian,cattle_holstein-friesian
D:\B.Tech\CE-AI\Sem 7\MP\Datasets\archive (1)\clean_images\cattle\gir\gir_0463.jpg,cattle,gir,cattle_gir
D:\B.Tech\CE-AI\Sem 7\MP\Datasets\archive (1)\clean_images\cattle\khillar\khillar_0068.jpg,cattle,khillar,cattle_khillar
D:\B.Tech\CE-AI\Sem 7\MP\Datasets\archive (1)\clean_images\cattle\guernsey\guernsey_0022.jpg,cattle,guernsey,cattle_guernsey
D:\B.Tech\CE-AI\Sem 7\MP\Datasets\archive (1)\clean_images\cattle\ayrshire\ayrshire_0505.jpg,cattle,ayrshire,cattle_ayrshire
D:\B.Tech\CE-AI\Sem 7\MP\Datasets\archive (1)\clean_images\buffalo\nili_ravi\nili_ravi_0065.jpg,buffalo,nili_ravi,buffalo_nili_ravi
D:\B.Tech\CE-AI\Sem 7\MP\Datasets\archive (1)\clean_images\cattle\kherigarh\kherigarh_0011.jpg,cattle,kherigarh,cattle_kherigarh
D:\B.Tech\CE-AI\Sem 7\MP\Datasets\archive (1)\clean_images\cattle\tharparkar\tharparkar_0189.png,cattle,tharparkar,cattle_tharparkar
D:\B.Tech\CE-AI\Sem 7\MP\Datasets\archive (1)\clean_images\cattle\red_sindhi\red_sindhi_0157.jpg,cattle,red_sindhi,cattle_red_sindhi
D:\B.Tech\CE-AI\Sem 7\MP\Datasets\archive (1)\clean_images\cattle\amritmahal\amritmahal_0078.jpg,cattle,amritmahal,cattle_amritmahal
D:\B.Tech\CE-AI\Sem 7\MP\Datasets\archive (1)\clean_images\cattle\holstein-friesian\holstein-friesian_0190.jpg,cattle,holstein-friesian,cattle_holstein-friesian
D:\B.Tech\CE-AI\Sem 7\MP\Datasets\archive (1)\clean_images\cattle\dangi\dangi_0082.png,cattle,dangi,cattle_dangi
D:\B.Tech\CE-AI\Sem 7\MP\Datasets\archive (1)\clean_images\cattle\bargur\bargur_0039.png,cattle,bargur,cattle_bargur
D:\B.Tech\CE-AI\Sem 7\MP\Datasets\archive (1)\clean_images\cattle\sahiwal\sahiwal_0248.png,cattle,sahiwal,cattle_sahiwal
D:\B.Tech\CE-AI\Sem 7\MP\Datasets\archive (1)\clean_images\buffalo\nagpuri\nagpuri_0089.jpg,buffalo,nagpuri,buffalo_nagpuri
D:\B.Tech\CE-AI\Sem 7\MP\Datasets\archive (1)\clean_images\buffalo\toda\toda_0031.jpg,buffalo,toda,buffalo_toda
D:\B.Tech\CE-AI\Sem 7\MP\Datasets\archive (1)\clean_images\cattle\amritmahal\amritmahal_0016.jpg,cattle,amritmahal,cattle_amritmahal
D:\B.Tech\CE-AI\Sem 7\MP\Datasets\archive (1)\clean_images\cattle\deoni\deoni_0106.jpg,cattle,deoni,cattle_deoni
D:\B.Tech\CE-AI\Sem 7\MP\Datasets\archive (1)\clean_images\cattle\kankrej\kankrej_0034.jpg,cattle,kankrej,cattle_kankrej
D:\B.Tech\CE-AI\Sem 7\MP\Datasets\archive (1)\clean_images\cattle\brown_swiss\brown_swiss_0246.jpg,cattle,brown_swiss,cattle_brown_swiss
D:\B.Tech\CE-AI\Sem 7\MP\Datasets\archive (1)\clean_images\cattle\ayrshire\ayrshire_0265.jpg,cattle,ayrshire,cattle_ayrshire
D:\B.Tech\CE-AI\Sem 7\MP\Datasets\archive (1)\clean_images\cattle\tharparkar\tharparkar_0126.jpg,cattle,tharparkar,cattle_tharparkar
D:\B.Tech\CE-AI\Sem 7\MP\Datasets\archive (1)\clean_images\cattle\holstein-friesian\holstein-friesian_0560.jpg,cattle,holstein-friesian,cattle_holstein-friesian
D:\B.Tech\CE-AI\Sem 7\MP\Datasets\archive (1)\clean_images\cattle\holstein-friesian\holstein-friesian_0557.jpg,cattle,holstein-friesian,cattle_holstein-friesian
D:\B.Tech\CE-AI\Sem 7\MP\Datasets\archive (1)\clean_images\cattle\red_sindhi\red_sindhi_0029.png,cattle,red_sindhi,cattle_red_sindhi
D:\B.Tech\CE-AI\Sem 7\MP\Datasets\archive (1)\clean_images\cattle\brown_swiss\brown_swiss_0298.jpg,cattle,brown_swiss,cattle_brown_swiss
D:\B.Tech\CE-AI\Sem 7\MP\Datasets\archive (1)\clean_images\cattle\kankrej\kankrej_0134.png,cattle,kankrej,cattle_kankrej
D:\B.Tech\CE-AI\Sem 7\MP\Datasets\archive (1)\clean_images\cattle\vechur\vechur_0121.png,cattle,vechur,cattle_vechur
D:\B.Tech\CE-AI\Sem 7\MP\Datasets\archive (1)\clean_images\cattle\pulikulam\pulikulam_0131.jpg,cattle,pulikulam,cattle_pulikulam
D:\B.Tech\CE-AI\Sem 7\MP\Datasets\archive (1)\clean_images\cattle\ayrshire\ayrshire_0417.jpg,cattle,ayrshire,cattle_ayrshire
D:\B.Tech\CE-AI\Sem 7\MP\Datasets\archive (1)\clean_images\cattle\guernsey\guernsey_0041.jpg,cattle,guernsey,cattle_guernsey
D:\B.Tech\CE-AI\Sem 7\MP\Datasets\archive (1)\clean_images\buffalo\nagpuri\nagpuri_0060.png,buffalo,nagpuri,buffalo_nagpuri
D:\B.Tech\CE-AI\Sem 7\MP\Datasets\archive (1)\clean_images\cattle\gir\gir_0026.jpg,cattle,gir,cattle_gir
D:\B.Tech\CE-AI\Sem 7\MP\Datasets\archive (1)\clean_images\buffalo\bargur\bargur_0056.jpg,buffalo,bargur,buffalo_bargur
D:\B.Tech\CE-AI\Sem 7\MP\Datasets\archive (1)\clean_images\buffalo\alambadi\alambadi_0157.png,buffalo,alambadi,buffalo_alambadi
D:\B.Tech\CE-AI\Sem 7\MP\Datasets\archive (1)\clean_images\cattle\gir\gir_0478.jpg,cattle,gir,cattle_gir
D:\B.Tech\CE-AI\Sem 7\MP\Datasets\archive (1)\clean_images\buffalo\jaffarabadi\jaffarabadi_0038.jpg,buffalo,jaffarabadi,buffalo_jaffarabadi
D:\B.Tech\CE-AI\Sem 7\MP\Datasets\archive (1)\clean_images\buffalo\alambadi\alambadi_0063.jpg,buffalo,alambadi,buffalo_alambadi
D:\B.Tech\CE-AI\Sem 7\MP\Datasets\archive (1)\clean_images\cattle\guernsey\guernsey_0118.jpg,cattle,guernsey,cattle_guernsey
D:\B.Tech\CE-AI\Sem 7\MP\Datasets\archive (1)\clean_images\buffalo\bhadawari\bhadawari_0054.jpg,buffalo,bhadawari,buffalo_bhadawari
D:\B.Tech\CE-AI\Sem 7\MP\Datasets\archive (1)\clean_images\buffalo\nagpuri\nagpuri_0114.jpg,buffalo,nagpuri,buffalo_nagpuri
D:\B.Tech\CE-AI\Sem 7\MP\Datasets\archive (1)\clean_images\cattle\sahiwal\sahiwal_0401.jpg,cattle,sahiwal,cattle_sahiwal
D:\B.Tech\CE-AI\Sem 7\MP\Datasets\archive (1)\clean_images\cattle\rathi\rathi_0036.jpeg,cattle,rathi,cattle_rathi
D:\B.Tech\CE-AI\Sem 7\MP\Datasets\archive (1)\clean_images\cattle\kangayam\kangayam_0056.jpg,cattle,kangayam,cattle_kangayam
D:\B.Tech\CE-AI\Sem 7\MP\Datasets\archive (1)\clean_images\cattle\jersey\jersey_0182.jpg,cattle,jersey,cattle_jersey
D:\B.Tech\CE-AI\Sem 7\MP\Datasets\archive (1)\clean_images\buffalo\banni\banni_0113.jpg,buffalo,banni,buffalo_banni
D:\B.Tech\CE-AI\Sem 7\MP\Datasets\archive (1)\clean_images\cattle\red_dane\red_dane_0157.jpg,cattle,red_dane,cattle_red_dane
D:\B.Tech\CE-AI\Sem 7\MP\Datasets\archive (1)\clean_images\cattle\vechur\vechur_0109.jpg,cattle,vechur,cattle_vechur
D:\B.Tech\CE-AI\Sem 7\MP\Datasets\archive (1)\clean_images\cattle\dangi\dangi_0024.jpg,cattle,dangi,cattle_dangi
D:\B.Tech\CE-AI\Sem 7\MP\Datasets\archive (1)\clean_images\cattle\sahiwal\sahiwal_0209.jpg,cattle,sahiwal,cattle_sahiwal
D:\B.Tech\CE-AI\Sem 7\MP\Datasets\archive (1)\clean_images\cattle\bargur\bargur_0005.jpg,cattle,bargur,cattle_bargur
D:\B.Tech\CE-AI\Sem 7\MP\Datasets\archive (1)\clean_images\buffalo\bhadawari\bhadawari_0048.jpg,buffalo,bhadawari,buffalo_bhadawari
D:\B.Tech\CE-AI\Sem 7\MP\Datasets\archive (1)\clean_images\cattle\ayrshire\ayrshire_0113.jpg,cattle,ayrshire,cattle_ayrshire
D:\B.Tech\CE-AI\Sem 7\MP\Datasets\archive (1)\clean_images\buffalo\alambadi\alambadi_0186.png,buffalo,alambadi,buffalo_alambadi
D:\B.Tech\CE-AI\Sem 7\MP\Datasets\archive (1)\clean_images\cattle\gir\gir_0217.jpg,cattle,gir,cattle_gir
D:\B.Tech\CE-AI\Sem 7\MP\Datasets\archive (1)\clean_images\buffalo\nagpuri\nagpuri_0142.jpg,buffalo,nagpuri,buffalo_nagpuri
D:\B.Tech\CE-AI\Sem 7\MP\Datasets\archive (1)\clean_images\cattle\rathi\rathi_0110.jpeg,cattle,rathi,cattle_rathi
D:\B.Tech\CE-AI\Sem 7\MP\Datasets\archive (1)\clean_images\cattle\guernsey\guernsey_0045.jpg,cattle,guernsey,cattle_guernsey
D:\B.Tech\CE-AI\Sem 7\MP\Datasets\archive (1)\clean_images\cattle\guernsey\guernsey_0095.jpg,cattle,guernsey,cattle_guernsey
D:\B.Tech\CE-AI\Sem 7\MP\Datasets\archive (1)\clean_images\buffalo\bargur\bargur_0086.jpg,buffalo,bargur,buffalo_bargur
D:\B.Tech\CE-AI\Sem 7\MP\Datasets\archive (1)\clean_images\cattle\gir\gir_0044.jpg,cattle,gir,cattle_gir
D:\B.Tech\CE-AI\Sem 7\MP\Datasets\archive (1)\clean_images\cattle\ayrshire\ayrshire_0614.jpg,cattle,ayrshire,cattle_ayrshire
D:\B.Tech\CE-AI\Sem 7\MP\Datasets\archive (1)\clean_images\cattle\kankrej\kankrej_0062.jpg,cattle,kankrej,cattle_kankrej
D:\B.Tech\CE-AI\Sem 7\MP\Datasets\archive (1)\clean_images\cattle\hallikar\hallikar_0080.jpg,cattle,hallikar,cattle_hallikar
D:\B.Tech\CE-AI\Sem 7\MP\Datasets\archive (1)\clean_images\buffalo\alambadi\alambadi_0144.png,buffalo,alambadi,buffalo_alambadi
D:\B.Tech\CE-AI\Sem 7\MP\Datasets\archive (1)\clean_images\buffalo\bhadawari\bhadawari_0075.jpg,buffalo,bhadawari,buffalo_bhadawari
D:\B.Tech\CE-AI\Sem 7\MP\Datasets\archive (1)\clean_images\cattle\red_dane\red_dane_0134.jpg,cattle,red_dane,cattle_red_dane
D:\B.Tech\CE-AI\Sem 7\MP\Datasets\archive (1)\clean_images\cattle\jersey\jersey_0097.jpg,cattle,jersey,cattle_jersey
D:\B.Tech\CE-AI\Sem 7\MP\Datasets\archive (1)\clean_images\cattle\bargur\bargur_0068.jpg,cattle,bargur,cattle_bargur
D:\B.Tech\CE-AI\Sem 7\MP\Datasets\archive (1)\clean_images\cattle\hallikar\hallikar_0235.png,cattle,hallikar,cattle_hallikar
D:\B.Tech\CE-AI\Sem 7\MP\Datasets\archive (1)\clean_images\cattle\sahiwal\sahiwal_0200.jpg,cattle,sahiwal,cattle_sahiwal
D:\B.Tech\CE-AI\Sem 7\MP\Datasets\archive (1)\clean_images\cattle\holstein-friesian\holstein-friesian_0097.jpg,cattle,holstein-friesian,cattle_holstein-friesian
D:\B.Tech\CE-AI\Sem 7\MP\Datasets\archive (1)\clean_images\cattle\hallikar\hallikar_0051.jpg,cattle,hallikar,cattle_hallikar
D:\B.Tech\CE-AI\Sem 7\MP\Datasets\archive (1)\clean_images\cattle\sahiwal\sahiwal_0407.jpg,cattle,sahiwal,cattle_sahiwal
D:\B.Tech\CE-AI\Sem 7\MP\Datasets\archive (1)\clean_images\cattle\tharparkar\tharparkar_0057.jpg,cattle,tharparkar,cattle_tharparkar
D:\B.Tech\CE-AI\Sem 7\MP\Datasets\archive (1)\clean_images\cattle\pulikulam\pulikulam_0099.jpg,cattle,pulikulam,cattle_pulikulam
D:\B.Tech\CE-AI\Sem 7\MP\Datasets\archive (1)\clean_images\cattle\hallikar\hallikar_0136.jpg,cattle,hallikar,cattle_hallikar
D:\B.Tech\CE-AI\Sem 7\MP\Datasets\archive (1)\clean_images\cattle\amritmahal\amritmahal_0149.png,cattle,amritmahal,cattle_amritmahal
D:\B.Tech\CE-AI\Sem 7\MP\Datasets\archive (1)\clean_images\cattle\holstein-friesian\holstein-friesian_0133.jpg,cattle,holstein-friesian,cattle_holstein-friesian
D:\B.Tech\CE-AI\Sem 7\MP\Datasets\archive (1)\clean_images\cattle\pulikulam\pulikulam_0003.jpg,cattle,pulikulam,cattle_pulikulam
D:\B.Tech\CE-AI\Sem 7\MP\Datasets\archive (1)\clean_images\cattle\sahiwal\sahiwal_0422.jpg,cattle,sahiwal,cattle_sahiwal
D:\B.Tech\CE-AI\Sem 7\MP\Datasets\archive (1)\clean_images\cattle\vechur\vechur_0125.png,cattle,vechur,cattle_vechur
D:\B.Tech\CE-AI\Sem 7\MP\Datasets\archive (1)\clean_images\buffalo\surti\surti_0019.jpg,buffalo,surti,buffalo_surti
D:\B.Tech\CE-AI\Sem 7\MP\Datasets\archive (1)\clean_images\cattle\nagori\nagori_0040.jpg,cattle,nagori,cattle_nagori
D:\B.Tech\CE-AI\Sem 7\MP\Datasets\archive (1)\clean_images\cattle\krishna_valley\krishna_valley_0034.jpg,cattle,krishna_valley,cattle_krishna_valley
D:\B.Tech\CE-AI\Sem 7\MP\Datasets\archive (1)\clean_images\cattle\nimari\nimari_0052.jpg,cattle,nimari,cattle_nimari
D:\B.Tech\CE-AI\Sem 7\MP\Datasets\archive (1)\clean_images\cattle\holstein-friesian\holstein-friesian_0348.jpg,cattle,holstein-friesian,cattle_holstein-friesian
D:\B.Tech\CE-AI\Sem 7\MP\Datasets\archive (1)\clean_images\cattle\guernsey\guernsey_0133.jpg,cattle,guernsey,cattle_guernsey
D:\B.Tech\CE-AI\Sem 7\MP\Datasets\archive (1)\clean_images\cattle\bargur\bargur_0019.jpg,cattle,bargur,cattle_bargur
D:\B.Tech\CE-AI\Sem 7\MP\Datasets\archive (1)\clean_images\cattle\hallikar\hallikar_0042.jpg,cattle,hallikar,cattle_hallikar
D:\B.Tech\CE-AI\Sem 7\MP\Datasets\archive (1)\clean_images\cattle\rathi\rathi_0153.png,cattle,rathi,cattle_rathi
D:\B.Tech\CE-AI\Sem 7\MP\Datasets\archive (1)\clean_images\cattle\sahiwal\sahiwal_0253.jpg,cattle,sahiwal,cattle_sahiwal
D:\B.Tech\CE-AI\Sem 7\MP\Datasets\archive (1)\clean_images\cattle\sahiwal\sahiwal_0290.png,cattle,sahiwal,cattle_sahiwal
D:\B.Tech\CE-AI\Sem 7\MP\Datasets\archive (1)\clean_images\cattle\sahiwal\sahiwal_0368.jpg,cattle,sahiwal,cattle_sahiwal
D:\B.Tech\CE-AI\Sem 7\MP\Datasets\archive (1)\clean_images\buffalo\alambadi\alambadi_0172.png,buffalo,alambadi,buffalo_alambadi
D:\B.Tech\CE-AI\Sem 7\MP\Datasets\archive (1)\clean_images\cattle\gir\gir_0726.jpg,cattle,gir,cattle_gir
D:\B.Tech\CE-AI\Sem 7\MP\Datasets\archive (1)\clean_images\buffalo\murrah\murrah_0125.jpg,buffalo,murrah,buffalo_murrah
D:\B.Tech\CE-AI\Sem 7\MP\Datasets\archive (1)\clean_images\cattle\ayrshire\ayrshire_0190.jpg,cattle,ayrshire,cattle_ayrshire
D:\B.Tech\CE-AI\Sem 7\MP\Datasets\archive (1)\clean_images\cattle\ayrshire\ayrshire_0189.jpg,cattle,ayrshire,cattle_ayrshire
D:\B.Tech\CE-AI\Sem 7\MP\Datasets\archive (1)\clean_images\cattle\hallikar\hallikar_0217.jpg,cattle,hallikar,cattle_hallikar
D:\B.Tech\CE-AI\Sem 7\MP\Datasets\archive (1)\clean_images\buffalo\toda\toda_0100.jpg,buffalo,toda,buffalo_toda
D:\B.Tech\CE-AI\Sem 7\MP\Datasets\archive (1)\clean_images\buffalo\nagpuri\nagpuri_0194.jpg,buffalo,nagpuri,buffalo_nagpuri
D:\B.Tech\CE-AI\Sem 7\MP\Datasets\archive (1)\clean_images\cattle\brown_swiss\brown_swiss_0457.jpg,cattle,brown_swiss,cattle_brown_swiss
D:\B.Tech\CE-AI\Sem 7\MP\Datasets\archive (1)\clean_images\cattle\ayrshire\ayrshire_0129.jpg,cattle,ayrshire,cattle_ayrshire
D:\B.Tech\CE-AI\Sem 7\MP\Datasets\archive (1)\clean_images\cattle\amritmahal\amritmahal_0033.jpg,cattle,amritmahal,cattle_amritmahal
D:\B.Tech\CE-AI\Sem 7\MP\Datasets\archive (1)\clean_images\cattle\kangayam\kangayam_0003.jpg,cattle,kangayam,cattle_kangayam
D:\B.Tech\CE-AI\Sem 7\MP\Datasets\archive (1)\clean_images\cattle\gir\gir_0314.jpg,cattle,gir,cattle_gir
D:\B.Tech\CE-AI\Sem 7\MP\Datasets\archive (1)\clean_images\cattle\umblachery\umblachery_0008.jpg,cattle,umblachery,cattle_umblachery
D:\B.Tech\CE-AI\Sem 7\MP\Datasets\archive (1)\clean_images\cattle\gir\gir_0037.jpg,cattle,gir,cattle_gir
D:\B.Tech\CE-AI\Sem 7\MP\Datasets\archive (1)\clean_images\buffalo\bhadawari\bhadawari_0134.jpg,buffalo,bhadawari,buffalo_bhadawari
D:\B.Tech\CE-AI\Sem 7\MP\Datasets\archive (1)\clean_images\cattle\ayrshire\ayrshire_0721.jpg,cattle,ayrshire,cattle_ayrshire
D:\B.Tech\CE-AI\Sem 7\MP\Datasets\archive (1)\clean_images\buffalo\bhadawari\bhadawari_0070.jpg,buffalo,bhadawari,buffalo_bhadawari
D:\B.Tech\CE-AI\Sem 7\MP\Datasets\archive (1)\clean_images\buffalo\nili_ravi\nili_ravi_0069.jpg,buffalo,nili_ravi,buffalo_nili_ravi
D:\B.Tech\CE-AI\Sem 7\MP\Datasets\archive (1)\clean_images\cattle\holstein-friesian\holstein-friesian_0503.jpg,cattle,holstein-friesian,cattle_holstein-friesian
D:\B.Tech\CE-AI\Sem 7\MP\Datasets\archive (1)\clean_images\cattle\holstein-friesian\holstein-friesian_0100.jpg,cattle,holstein-friesian,cattle_holstein-friesian
D:\B.Tech\CE-AI\Sem 7\MP\Datasets\archive (1)\clean_images\buffalo\jaffarabadi\jaffarabadi_0022.png,buffalo,jaffarabadi,buffalo_jaffarabadi
D:\B.Tech\CE-AI\Sem 7\MP\Datasets\archive (1)\clean_images\cattle\gir\gir_0318.jpg,cattle,gir,cattle_gir
D:\B.Tech\CE-AI\Sem 7\MP\Datasets\archive (1)\clean_images\cattle\brown_swiss\brown_swiss_0117.jpg,cattle,brown_swiss,cattle_brown_swiss
D:\B.Tech\CE-AI\Sem 7\MP\Datasets\archive (1)\clean_images\cattle\ayrshire\ayrshire_0278.jpg,cattle,ayrshire,cattle_ayrshire
D:\B.Tech\CE-AI\Sem 7\MP\Datasets\archive (1)\clean_images\cattle\pulikulam\pulikulam_0060.jpg,cattle,pulikulam,cattle_pulikulam
D:\B.Tech\CE-AI\Sem 7\MP\Datasets\archive (1)\clean_images\cattle\kenkatha\kenkatha_0038.jpg,cattle,kenkatha,cattle_kenkatha
D:\B.Tech\CE-AI\Sem 7\MP\Datasets\archive (1)\clean_images\cattle\holstein-friesian\holstein-friesian_0092.jpg,cattle,holstein-friesian,cattle_holstein-friesian
D:\B.Tech\CE-AI\Sem 7\MP\Datasets\archive (1)\clean_images\cattle\hallikar\hallikar_0272.png,cattle,hallikar,cattle_hallikar
D:\B.Tech\CE-AI\Sem 7\MP\Datasets\archive (1)\clean_images\cattle\ayrshire\ayrshire_0634.jpg,cattle,ayrshire,cattle_ayrshire
D:\B.Tech\CE-AI\Sem 7\MP\Datasets\archive (1)\clean_images\cattle\krishna_valley\krishna_valley_0057.jpg,cattle,krishna_valley,cattle_krishna_valley
D:\B.Tech\CE-AI\Sem 7\MP\Datasets\archive (1)\clean_images\cattle\amritmahal\amritmahal_0007.jpg,cattle,amritmahal,cattle_amritmahal
D:\B.Tech\CE-AI\Sem 7\MP\Datasets\archive (1)\clean_images\cattle\tharparkar\tharparkar_0158.jpg,cattle,tharparkar,cattle_tharparkar
D:\B.Tech\CE-AI\Sem 7\MP\Datasets\archive (1)\clean_images\cattle\ayrshire\ayrshire_0466.jpg,cattle,ayrshire,cattle_ayrshire
D:\B.Tech\CE-AI\Sem 7\MP\Datasets\archive (1)\clean_images\cattle\sahiwal\sahiwal_0168.jpg,cattle,sahiwal,cattle_sahiwal
D:\B.Tech\CE-AI\Sem 7\MP\Datasets\archive (1)\clean_images\buffalo\bargur\bargur_0010.jpg,buffalo,bargur,buffalo_bargur
D:\B.Tech\CE-AI\Sem 7\MP\Datasets\archive (1)\clean_images\buffalo\alambadi\alambadi_0181.png,buffalo,alambadi,buffalo_alambadi
D:\B.Tech\CE-AI\Sem 7\MP\Datasets\archive (1)\clean_images\cattle\ayrshire\ayrshire_0647.jpg,cattle,ayrshire,cattle_ayrshire
D:\B.Tech\CE-AI\Sem 7\MP\Datasets\archive (1)\clean_images\buffalo\bargur\bargur_0008.jpg,buffalo,bargur,buffalo_bargur
D:\B.Tech\CE-AI\Sem 7\MP\Datasets\archive (1)\clean_images\cattle\umblachery\umblachery_0052.png,cattle,umblachery,cattle_umblachery
D:\B.Tech\CE-AI\Sem 7\MP\Datasets\archive (1)\clean_images\buffalo\banni\banni_0010.jpg,buffalo,banni,buffalo_banni
D:\B.Tech\CE-AI\Sem 7\MP\Datasets\archive (1)\clean_images\cattle\umblachery\umblachery_0071.jpg,cattle,umblachery,cattle_umblachery
D:\B.Tech\CE-AI\Sem 7\MP\Datasets\archive (1)\clean_images\cattle\brown_swiss\brown_swiss_0133.jpg,cattle,brown_swiss,cattle_brown_swiss
D:\B.Tech\CE-AI\Sem 7\MP\Datasets\archive (1)\clean_images\cattle\krishna_valley\krishna_valley_0025.jpg,cattle,krishna_valley,cattle_krishna_valley
D:\B.Tech\CE-AI\Sem 7\MP\Datasets\archive (1)\clean_images\cattle\ayrshire\ayrshire_0529.jpg,cattle,ayrshire,cattle_ayrshire
D:\B.Tech\CE-AI\Sem 7\MP\Datasets\archive (1)\clean_images\cattle\ayrshire\ayrshire_0442.jpg,cattle,ayrshire,cattle_ayrshire
D:\B.Tech\CE-AI\Sem 7\MP\Datasets\archive (1)\clean_images\cattle\gir\gir_0764.jpg,cattle,gir,cattle_gir
D:\B.Tech\CE-AI\Sem 7\MP\Datasets\archive (1)\clean_images\cattle\amritmahal\amritmahal_0118.jpg,cattle,amritmahal,cattle_amritmahal
D:\B.Tech\CE-AI\Sem 7\MP\Datasets\archive (1)\clean_images\cattle\malnad_gidda\malnad_gidda_0028.jpg,cattle,malnad_gidda,cattle_malnad_gidda
D:\B.Tech\CE-AI\Sem 7\MP\Datasets\archive (1)\clean_images\cattle\khillar\khillar_0097.jpg,cattle,khillar,cattle_khillar
D:\B.Tech\CE-AI\Sem 7\MP\Datasets\archive (1)\clean_images\buffalo\bargur\bargur_0079.jpg,buffalo,bargur,buffalo_bargur
D:\B.Tech\CE-AI\Sem 7\MP\Datasets\archive (1)\clean_images\cattle\kangayam\kangayam_0024.jpg,cattle,kangayam,cattle_kangayam
D:\B.Tech\CE-AI\Sem 7\MP\Datasets\archive (1)\clean_images\cattle\krishna_valley\krishna_valley_0137.jpg,cattle,krishna_valley,cattle_krishna_valley
D:\B.Tech\CE-AI\Sem 7\MP\Datasets\archive (1)\clean_images\cattle\pulikulam\pulikulam_0010.jpg,cattle,pulikulam,cattle_pulikulam
D:\B.Tech\CE-AI\Sem 7\MP\Datasets\archive (1)\clean_images\cattle\sahiwal\sahiwal_0453.jpg,cattle,sahiwal,cattle_sahiwal
D:\B.Tech\CE-AI\Sem 7\MP\Datasets\archive (1)\clean_images\cattle\ayrshire\ayrshire_0219.jpg,cattle,ayrshire,cattle_ayrshire
D:\B.Tech\CE-AI\Sem 7\MP\Datasets\archive (1)\clean_images\cattle\guernsey\guernsey_0007.jpg,cattle,guernsey,cattle_guernsey
D:\B.Tech\CE-AI\Sem 7\MP\Datasets\archive (1)\clean_images\cattle\tharparkar\tharparkar_0167.jpg,cattle,tharparkar,cattle_tharparkar
D:\B.Tech\CE-AI\Sem 7\MP\Datasets\archive (1)\clean_images\cattle\khillar\khillar_0003.jpg,cattle,khillar,cattle_khillar
D:\B.Tech\CE-AI\Sem 7\MP\Datasets\archive (1)\clean_images\cattle\ayrshire\ayrshire_0541.jpg,cattle,ayrshire,cattle_ayrshire
D:\B.Tech\CE-AI\Sem 7\MP\Datasets\archive (1)\clean_images\cattle\ongole\ongole_0149.jpg,cattle,ongole,cattle_ongole
D:\B.Tech\CE-AI\Sem 7\MP\Datasets\archive (1)\clean_images\cattle\holstein-friesian\holstein-friesian_0359.jpg,cattle,holstein-friesian,cattle_holstein-friesian
D:\B.Tech\CE-AI\Sem 7\MP\Datasets\archive (1)\clean_images\cattle\tharparkar\tharparkar_0083.png,cattle,tharparkar,cattle_tharparkar
D:\B.Tech\CE-AI\Sem 7\MP\Datasets\archive (1)\clean_images\cattle\red_dane\red_dane_0003.jpg,cattle,red_dane,cattle_red_dane
D:\B.Tech\CE-AI\Sem 7\MP\Datasets\archive (1)\clean_images\cattle\ayrshire\ayrshire_0098.jpg,cattle,ayrshire,cattle_ayrshire
D:\B.Tech\CE-AI\Sem 7\MP\Datasets\archive (1)\clean_images\cattle\jersey\jersey_0164.jpg,cattle,jersey,cattle_jersey
D:\B.Tech\CE-AI\Sem 7\MP\Datasets\archive (1)\clean_images\buffalo\murrah\murrah_0177.png,buffalo,murrah,buffalo_murrah
D:\B.Tech\CE-AI\Sem 7\MP\Datasets\archive (1)\clean_images\buffalo\murrah\murrah_0049.jpeg,buffalo,murrah,buffalo_murrah
D:\B.Tech\CE-AI\Sem 7\MP\Datasets\archive (1)\clean_images\cattle\pulikulam\pulikulam_0111.jpg,cattle,pulikulam,cattle_pulikulam
D:\B.Tech\CE-AI\Sem 7\MP\Datasets\archive (1)\clean_images\cattle\hallikar\hallikar_0131.jpg,cattle,hallikar,cattle_hallikar
D:\B.Tech\CE-AI\Sem 7\MP\Datasets\archive (1)\clean_images\cattle\holstein-friesian\holstein-friesian_0091.jpg,cattle,holstein-friesian,cattle_holstein-friesian
D:\B.Tech\CE-AI\Sem 7\MP\Datasets\archive (1)\clean_images\cattle\holstein-friesian\holstein-friesian_0382.jpg,cattle,holstein-friesian,cattle_holstein-friesian
D:\B.Tech\CE-AI\Sem 7\MP\Datasets\archive (1)\clean_images\cattle\pulikulam\pulikulam_0042.jpg,cattle,pulikulam,cattle_pulikulam
D:\B.Tech\CE-AI\Sem 7\MP\Datasets\archive (1)\clean_images\cattle\guernsey\guernsey_0159.jpg,cattle,guernsey,cattle_guernsey
D:\B.Tech\CE-AI\Sem 7\MP\Datasets\archive (1)\clean_images\cattle\umblachery\umblachery_0035.png,cattle,umblachery,cattle_umblachery
D:\B.Tech\CE-AI\Sem 7\MP\Datasets\archive (1)\clean_images\cattle\holstein-friesian\holstein-friesian_0135.jpg,cattle,holstein-friesian,cattle_holstein-friesian
D:\B.Tech\CE-AI\Sem 7\MP\Datasets\archive (1)\clean_images\cattle\gir\gir_0276.jpg,cattle,gir,cattle_gir
D:\B.Tech\CE-AI\Sem 7\MP\Datasets\archive (1)\clean_images\cattle\gir\gir_0056.jpg,cattle,gir,cattle_gir
D:\B.Tech\CE-AI\Sem 7\MP\Datasets\archive (1)\clean_images\cattle\deoni\deoni_0144.png,cattle,deoni,cattle_deoni
D:\B.Tech\CE-AI\Sem 7\MP\Datasets\archive (1)\clean_images\cattle\gir\gir_0449.jpg,cattle,gir,cattle_gir
D:\B.Tech\CE-AI\Sem 7\MP\Datasets\archive (1)\clean_images\cattle\guernsey\guernsey_0103.jpg,cattle,guernsey,cattle_guernsey
D:\B.Tech\CE-AI\Sem 7\MP\Datasets\archive (1)\clean_images\cattle\kenkatha\kenkatha_0017.jpg,cattle,kenkatha,cattle_kenkatha
D:\B.Tech\CE-AI\Sem 7\MP\Datasets\archive (1)\clean_images\cattle\malnad_gidda\malnad_gidda_0010.jpg,cattle,malnad_gidda,cattle_malnad_gidda
D:\B.Tech\CE-AI\Sem 7\MP\Datasets\archive (1)\clean_images\cattle\tharparkar\tharparkar_0050.jpg,cattle,tharparkar,cattle_tharparkar
D:\B.Tech\CE-AI\Sem 7\MP\Datasets\archive (1)\clean_images\cattle\holstein-friesian\holstein-friesian_0009.jpg,cattle,holstein-friesian,cattle_holstein-friesian
D:\B.Tech\CE-AI\Sem 7\MP\Datasets\archive (1)\clean_images\cattle\vechur\vechur_0015.jpg,cattle,vechur,cattle_vechur
D:\B.Tech\CE-AI\Sem 7\MP\Datasets\archive (1)\clean_images\cattle\kherigarh\kherigarh_0004.jpg,cattle,kherigarh,cattle_kherigarh
D:\B.Tech\CE-AI\Sem 7\MP\Datasets\archive (1)\clean_images\cattle\rathi\rathi_0043.jpg,cattle,rathi,cattle_rathi
D:\B.Tech\CE-AI\Sem 7\MP\Datasets\archive (1)\clean_images\cattle\dangi\dangi_0043.jpg,cattle,dangi,cattle_dangi
D:\B.Tech\CE-AI\Sem 7\MP\Datasets\archive (1)\clean_images\cattle\ayrshire\ayrshire_0150.jpg,cattle,ayrshire,cattle_ayrshire
D:\B.Tech\CE-AI\Sem 7\MP\Datasets\archive (1)\clean_images\cattle\tharparkar\tharparkar_0171.jpg,cattle,tharparkar,cattle_tharparkar
D:\B.Tech\CE-AI\Sem 7\MP\Datasets\archive (1)\clean_images\cattle\gir\gir_0176.jpg,cattle,gir,cattle_gir
D:\B.Tech\CE-AI\Sem 7\MP\Datasets\archive (1)\clean_images\cattle\brown_swiss\brown_swiss_0060.jpg,cattle,brown_swiss,cattle_brown_swiss
D:\B.Tech\CE-AI\Sem 7\MP\Datasets\archive (1)\clean_images\cattle\holstein-friesian\holstein-friesian_0436.jpg,cattle,holstein-friesian,cattle_holstein-friesian
D:\B.Tech\CE-AI\Sem 7\MP\Datasets\archive (1)\clean_images\cattle\vechur\vechur_0040.jpg,cattle,vechur,cattle_vechur
D:\B.Tech\CE-AI\Sem 7\MP\Datasets\archive (1)\clean_images\cattle\ayrshire\ayrshire_0077.jpg,cattle,ayrshire,cattle_ayrshire
D:\B.Tech\CE-AI\Sem 7\MP\Datasets\archive (1)\clean_images\buffalo\nagpuri\nagpuri_0062.gif,buffalo,nagpuri,buffalo_nagpuri
D:\B.Tech\CE-AI\Sem 7\MP\Datasets\archive (1)\clean_images\cattle\red_dane\red_dane_0035.jpg,cattle,red_dane,cattle_red_dane
D:\B.Tech\CE-AI\Sem 7\MP\Datasets\archive (1)\clean_images\buffalo\alambadi\alambadi_0149.png,buffalo,alambadi,buffalo_alambadi
D:\B.Tech\CE-AI\Sem 7\MP\Datasets\archive (1)\clean_images\cattle\tharparkar\tharparkar_0119.jpg,cattle,tharparkar,cattle_tharparkar
D:\B.Tech\CE-AI\Sem 7\MP\Datasets\archive (1)\clean_images\cattle\holstein-friesian\holstein-friesian_0204.jpg,cattle,holstein-friesian,cattle_holstein-friesian
D:\B.Tech\CE-AI\Sem 7\MP\Datasets\archive (1)\clean_images\cattle\bargur\bargur_0101.jpg,cattle,bargur,cattle_bargur
D:\B.Tech\CE-AI\Sem 7\MP\Datasets\archive (1)\clean_images\cattle\jersey\jersey_0118.jpg,cattle,jersey,cattle_jersey
D:\B.Tech\CE-AI\Sem 7\MP\Datasets\archive (1)\clean_images\cattle\malnad_gidda\malnad_gidda_0098.png,cattle,malnad_gidda,cattle_malnad_gidda
D:\B.Tech\CE-AI\Sem 7\MP\Datasets\archive (1)\clean_images\cattle\amritmahal\amritmahal_0131.png,cattle,amritmahal,cattle_amritmahal
D:\B.Tech\CE-AI\Sem 7\MP\Datasets\archive (1)\clean_images\cattle\gir\gir_0738.png,cattle,gir,cattle_gir
D:\B.Tech\CE-AI\Sem 7\MP\Datasets\archive (1)\clean_images\cattle\gir\gir_0166.jpg,cattle,gir,cattle_gir
D:\B.Tech\CE-AI\Sem 7\MP\Datasets\archive (1)\clean_images\cattle\holstein-friesian\holstein-friesian_0532.jpg,cattle,holstein-friesian,cattle_holstein-friesian
D:\B.Tech\CE-AI\Sem 7\MP\Datasets\archive (1)\clean_images\cattle\kankrej\kankrej_0093.jpg,cattle,kankrej,cattle_kankrej
D:\B.Tech\CE-AI\Sem 7\MP\Datasets\archive (1)\clean_images\buffalo\bargur\bargur_0074.jpg,buffalo,bargur,buffalo_bargur
D:\B.Tech\CE-AI\Sem 7\MP\Datasets\archive (1)\clean_images\cattle\ongole\ongole_0118.png,cattle,ongole,cattle_ongole
D:\B.Tech\CE-AI\Sem 7\MP\Datasets\archive (1)\clean_images\cattle\sahiwal\sahiwal_0173.jpg,cattle,sahiwal,cattle_sahiwal
D:\B.Tech\CE-AI\Sem 7\MP\Datasets\archive (1)\clean_images\buffalo\alambadi\alambadi_0057.jpg,buffalo,alambadi,buffalo_alambadi
D:\B.Tech\CE-AI\Sem 7\MP\Datasets\archive (1)\clean_images\cattle\hallikar\hallikar_0030.jpg,cattle,hallikar,cattle_hallikar
D:\B.Tech\CE-AI\Sem 7\MP\Datasets\archive (1)\clean_images\cattle\amritmahal\amritmahal_0172.png,cattle,amritmahal,cattle_amritmahal
D:\B.Tech\CE-AI\Sem 7\MP\Datasets\archive (1)\clean_images\cattle\holstein-friesian\holstein-friesian_0183.jpg,cattle,holstein-friesian,cattle_holstein-friesian
D:\B.Tech\CE-AI\Sem 7\MP\Datasets\archive (1)\clean_images\buffalo\alambadi\alambadi_0067.jpg,buffalo,alambadi,buffalo_alambadi
D:\B.Tech\CE-AI\Sem 7\MP\Datasets\archive (1)\clean_images\buffalo\murrah\murrah_0104.jpeg,buffalo,murrah,buffalo_murrah
D:\B.Tech\CE-AI\Sem 7\MP\Datasets\archive (1)\clean_images\cattle\hallikar\hallikar_0100.jpg,cattle,hallikar,cattle_hallikar
D:\B.Tech\CE-AI\Sem 7\MP\Datasets\archive (1)\clean_images\cattle\ayrshire\ayrshire_0283.jpg,cattle,ayrshire,cattle_ayrshire
D:\B.Tech\CE-AI\Sem 7\MP\Datasets\archive (1)\clean_images\cattle\kankrej\kankrej_0003.jpg,cattle,kankrej,cattle_kankrej
D:\B.Tech\CE-AI\Sem 7\MP\Datasets\archive (1)\clean_images\cattle\sahiwal\sahiwal_0079.png,cattle,sahiwal,cattle_sahiwal
D:\B.Tech\CE-AI\Sem 7\MP\Datasets\archive (1)\clean_images\buffalo\surti\surti_0056.png,buffalo,surti,buffalo_surti
D:\B.Tech\CE-AI\Sem 7\MP\Datasets\archive (1)\clean_images\cattle\ayrshire\ayrshire_0216.jpg,cattle,ayrshire,cattle_ayrshire
D:\B.Tech\CE-AI\Sem 7\MP\Datasets\archive (1)\clean_images\cattle\ayrshire\ayrshire_0518.jpg,cattle,ayrshire,cattle_ayrshire
D:\B.Tech\CE-AI\Sem 7\MP\Datasets\archive (1)\clean_images\buffalo\surti\surti_0023.jpg,buffalo,surti,buffalo_surti
D:\B.Tech\CE-AI\Sem 7\MP\Datasets\archive (1)\clean_images\cattle\rathi\rathi_0070.jpg,cattle,rathi,cattle_rathi
D:\B.Tech\CE-AI\Sem 7\MP\Datasets\archive (1)\clean_images\cattle\kankrej\kankrej_0143.png,cattle,kankrej,cattle_kankrej
D:\B.Tech\CE-AI\Sem 7\MP\Datasets\archive (1)\clean_images\cattle\umblachery\umblachery_0026.png,cattle,umblachery,cattle_umblachery
D:\B.Tech\CE-AI\Sem 7\MP\Datasets\archive (1)\clean_images\cattle\rathi\rathi_0057.jpg,cattle,rathi,cattle_rathi
D:\B.Tech\CE-AI\Sem 7\MP\Datasets\archive (1)\clean_images\buffalo\mehsana\mehsana_0037.png,buffalo,mehsana,buffalo_mehsana
D:\B.Tech\CE-AI\Sem 7\MP\Datasets\archive (1)\clean_images\buffalo\nagpuri\nagpuri_0085.jpg,buffalo,nagpuri,buffalo_nagpuri
D:\B.Tech\CE-AI\Sem 7\MP\Datasets\archive (1)\clean_images\cattle\kankrej\kankrej_0189.jpg,cattle,kankrej,cattle_kankrej
D:\B.Tech\CE-AI\Sem 7\MP\Datasets\archive (1)\clean_images\cattle\hallikar\hallikar_0084.jpg,cattle,hallikar,cattle_hallikar
D:\B.Tech\CE-AI\Sem 7\MP\Datasets\archive (1)\clean_images\cattle\gir\gir_0178.jpg,cattle,gir,cattle_gir
D:\B.Tech\CE-AI\Sem 7\MP\Datasets\archive (1)\clean_images\cattle\nagori\nagori_0076.png,cattle,nagori,cattle_nagori
D:\B.Tech\CE-AI\Sem 7\MP\Datasets\archive (1)\clean_images\cattle\bargur\bargur_0056.jpg,cattle,bargur,cattle_bargur
D:\B.Tech\CE-AI\Sem 7\MP\Datasets\archive (1)\clean_images\cattle\brown_swiss\brown_swiss_0266.jpg,cattle,brown_swiss,cattle_brown_swiss
D:\B.Tech\CE-AI\Sem 7\MP\Datasets\archive (1)\clean_images\cattle\gir\gir_0226.jpg,cattle,gir,cattle_gir
D:\B.Tech\CE-AI\Sem 7\MP\Datasets\archive (1)\clean_images\cattle\red_sindhi\red_sindhi_0046.png,cattle,red_sindhi,cattle_red_sindhi
D:\B.Tech\CE-AI\Sem 7\MP\Datasets\archive (1)\clean_images\cattle\guernsey\guernsey_0160.jpg,cattle,guernsey,cattle_guernsey
D:\B.Tech\CE-AI\Sem 7\MP\Datasets\archive (1)\clean_images\cattle\brown_swiss\brown_swiss_0253.jpg,cattle,brown_swiss,cattle_brown_swiss
D:\B.Tech\CE-AI\Sem 7\MP\Datasets\archive (1)\clean_images\cattle\ayrshire\ayrshire_0547.jpg,cattle,ayrshire,cattle_ayrshire
D:\B.Tech\CE-AI\Sem 7\MP\Datasets\archive (1)\clean_images\cattle\ayrshire\ayrshire_0174.jpg,cattle,ayrshire,cattle_ayrshire
D:\B.Tech\CE-AI\Sem 7\MP\Datasets\archive (1)\clean_images\buffalo\mehsana\mehsana_0077.png,buffalo,mehsana,buffalo_mehsana
D:\B.Tech\CE-AI\Sem 7\MP\Datasets\archive (1)\clean_images\buffalo\surti\surti_0007.jpg,buffalo,surti,buffalo_surti
D:\B.Tech\CE-AI\Sem 7\MP\Datasets\archive (1)\clean_images\cattle\brown_swiss\brown_swiss_0251.jpg,cattle,brown_swiss,cattle_brown_swiss
D:\B.Tech\CE-AI\Sem 7\MP\Datasets\archive (1)\clean_images\cattle\rathi\rathi_0136.png,cattle,rathi,cattle_rathi
D:\B.Tech\CE-AI\Sem 7\MP\Datasets\archive (1)\clean_images\cattle\ayrshire\ayrshire_0653.jpg,cattle,ayrshire,cattle_ayrshire
D:\B.Tech\CE-AI\Sem 7\MP\Datasets\archive (1)\clean_images\cattle\deoni\deoni_0165.jpg,cattle,deoni,cattle_deoni
D:\B.Tech\CE-AI\Sem 7\MP\Datasets\archive (1)\clean_images\cattle\ongole\ongole_0045.jpg,cattle,ongole,cattle_ongole
D:\B.Tech\CE-AI\Sem 7\MP\Datasets\archive (1)\clean_images\cattle\gir\gir_0146.jpg,cattle,gir,cattle_gir
D:\B.Tech\CE-AI\Sem 7\MP\Datasets\archive (1)\clean_images\buffalo\murrah\murrah_0035.jpeg,buffalo,murrah,buffalo_murrah
D:\B.Tech\CE-AI\Sem 7\MP\Datasets\archive (1)\clean_images\cattle\hariana\hariana_0108.png,cattle,hariana,cattle_hariana
D:\B.Tech\CE-AI\Sem 7\MP\Datasets\archive (1)\clean_images\cattle\guernsey\guernsey_0182.jpg,cattle,guernsey,cattle_guernsey
D:\B.Tech\CE-AI\Sem 7\MP\Datasets\archive (1)\clean_images\cattle\red_dane\red_dane_0037.jpg,cattle,red_dane,cattle_red_dane
D:\B.Tech\CE-AI\Sem 7\MP\Datasets\archive (1)\clean_images\cattle\sahiwal\sahiwal_0346.jpg,cattle,sahiwal,cattle_sahiwal
D:\B.Tech\CE-AI\Sem 7\MP\Datasets\archive (1)\clean_images\cattle\dangi\dangi_0009.jpg,cattle,dangi,cattle_dangi
D:\B.Tech\CE-AI\Sem 7\MP\Datasets\archive (1)\clean_images\cattle\guernsey\guernsey_0243.jpg,cattle,guernsey,cattle_guernsey
D:\B.Tech\CE-AI\Sem 7\MP\Datasets\archive (1)\clean_images\cattle\gir\gir_0658.png,cattle,gir,cattle_gir
D:\B.Tech\CE-AI\Sem 7\MP\Datasets\archive (1)\clean_images\buffalo\nili_ravi\nili_ravi_0063.jpg,buffalo,nili_ravi,buffalo_nili_ravi
D:\B.Tech\CE-AI\Sem 7\MP\Datasets\archive (1)\clean_images\buffalo\alambadi\alambadi_0145.png,buffalo,alambadi,buffalo_alambadi
D:\B.Tech\CE-AI\Sem 7\MP\Datasets\archive (1)\clean_images\cattle\red_dane\red_dane_0163.jpg,cattle,red_dane,cattle_red_dane
D:\B.Tech\CE-AI\Sem 7\MP\Datasets\archive (1)\clean_images\cattle\ongole\ongole_0033.png,cattle,ongole,cattle_ongole
D:\B.Tech\CE-AI\Sem 7\MP\Datasets\archive (1)\clean_images\cattle\ayrshire\ayrshire_0402.jpg,cattle,ayrshire,cattle_ayrshire
D:\B.Tech\CE-AI\Sem 7\MP\Datasets\archive (1)\clean_images\cattle\rathi\rathi_0121.jpg,cattle,rathi,cattle_rathi
D:\B.Tech\CE-AI\Sem 7\MP\Datasets\archive (1)\clean_images\cattle\gir\gir_0052.jpg,cattle,gir,cattle_gir
D:\B.Tech\CE-AI\Sem 7\MP\Datasets\archive (1)\clean_images\buffalo\bargur\bargur_0116.jpg,buffalo,bargur,buffalo_bargur
D:\B.Tech\CE-AI\Sem 7\MP\Datasets\archive (1)\clean_images\cattle\ongole\ongole_0043.png,cattle,ongole,cattle_ongole
D:\B.Tech\CE-AI\Sem 7\MP\Datasets\archive (1)\clean_images\cattle\ongole\ongole_0198.png,cattle,ongole,cattle_ongole
D:\B.Tech\CE-AI\Sem 7\MP\Datasets\archive (1)\clean_images\cattle\nagori\nagori_0003.jpg,cattle,nagori,cattle_nagori
D:\B.Tech\CE-AI\Sem 7\MP\Datasets\archive (1)\clean_images\cattle\hallikar\hallikar_0261.png,cattle,hallikar,cattle_hallikar
D:\B.Tech\CE-AI\Sem 7\MP\Datasets\archive (1)\clean_images\cattle\hariana\hariana_0115.jpg,cattle,hariana,cattle_hariana
D:\B.Tech\CE-AI\Sem 7\MP\Datasets\archive (1)\clean_images\cattle\gir\gir_0609.jpg,cattle,gir,cattle_gir
D:\B.Tech\CE-AI\Sem 7\MP\Datasets\archive (1)\clean_images\cattle\kangayam\kangayam_0028.jpg,cattle,kangayam,cattle_kangayam
D:\B.Tech\CE-AI\Sem 7\MP\Datasets\archive (1)\clean_images\cattle\pulikulam\pulikulam_0086.jpg,cattle,pulikulam,cattle_pulikulam
D:\B.Tech\CE-AI\Sem 7\MP\Datasets\archive (1)\clean_images\cattle\red_dane\red_dane_0065.jpg,cattle,red_dane,cattle_red_dane
D:\B.Tech\CE-AI\Sem 7\MP\Datasets\archive (1)\clean_images\buffalo\nagpuri\nagpuri_0091.jpg,buffalo,nagpuri,buffalo_nagpuri
D:\B.Tech\CE-AI\Sem 7\MP\Datasets\archive (1)\clean_images\buffalo\nagpuri\nagpuri_0025.jpg,buffalo,nagpuri,buffalo_nagpuri
D:\B.Tech\CE-AI\Sem 7\MP\Datasets\archive (1)\clean_images\buffalo\alambadi\alambadi_0169.jpg,buffalo,alambadi,buffalo_alambadi
D:\B.Tech\CE-AI\Sem 7\MP\Datasets\archive (1)\clean_images\cattle\holstein-friesian\holstein-friesian_0139.jpg,cattle,holstein-friesian,cattle_holstein-friesian
D:\B.Tech\CE-AI\Sem 7\MP\Datasets\archive (1)\clean_images\cattle\hallikar\hallikar_0228.png,cattle,hallikar,cattle_hallikar
D:\B.Tech\CE-AI\Sem 7\MP\Datasets\archive (1)\clean_images\cattle\krishna_valley\krishna_valley_0042.jpg,cattle,krishna_valley,cattle_krishna_valley
D:\B.Tech\CE-AI\Sem 7\MP\Datasets\archive (1)\clean_images\buffalo\bhadawari\bhadawari_0180.jpg,buffalo,bhadawari,buffalo_bhadawari
D:\B.Tech\CE-AI\Sem 7\MP\Datasets\archive (1)\clean_images\cattle\deoni\deoni_0122.jpg,cattle,deoni,cattle_deoni
D:\B.Tech\CE-AI\Sem 7\MP\Datasets\archive (1)\clean_images\cattle\bargur\bargur_0053.png,cattle,bargur,cattle_bargur
D:\B.Tech\CE-AI\Sem 7\MP\Datasets\archive (1)\clean_images\cattle\red_dane\red_dane_0147.jpg,cattle,red_dane,cattle_red_dane
D:\B.Tech\CE-AI\Sem 7\MP\Datasets\archive (1)\clean_images\buffalo\alambadi\alambadi_0141.png,buffalo,alambadi,buffalo_alambadi
D:\B.Tech\CE-AI\Sem 7\MP\Datasets\archive (1)\clean_images\buffalo\nili_ravi\nili_ravi_0093.jpg,buffalo,nili_ravi,buffalo_nili_ravi
D:\B.Tech\CE-AI\Sem 7\MP\Datasets\archive (1)\clean_images\cattle\kankrej\kankrej_0055.jpg,cattle,kankrej,cattle_kankrej
D:\B.Tech\CE-AI\Sem 7\MP\Datasets\archive (1)\clean_images\cattle\gir\gir_0610.jpg,cattle,gir,cattle_gir
D:\B.Tech\CE-AI\Sem 7\MP\Datasets\archive (1)\clean_images\cattle\red_sindhi\red_sindhi_0143.gif,cattle,red_sindhi,cattle_red_sindhi
D:\B.Tech\CE-AI\Sem 7\MP\Datasets\archive (1)\clean_images\buffalo\surti\surti_0014.jpg,buffalo,surti,buffalo_surti
D:\B.Tech\CE-AI\Sem 7\MP\Datasets\archive (1)\clean_images\cattle\hallikar\hallikar_0013.jpg,cattle,hallikar,cattle_hallikar
D:\B.Tech\CE-AI\Sem 7\MP\Datasets\archive (1)\clean_images\cattle\sahiwal\sahiwal_0016.jpg,cattle,sahiwal,cattle_sahiwal
D:\B.Tech\CE-AI\Sem 7\MP\Datasets\archive (1)\clean_images\buffalo\toda\toda_0107.jpg,buffalo,toda,buffalo_toda
D:\B.Tech\CE-AI\Sem 7\MP\Datasets\archive (1)\clean_images\cattle\deoni\deoni_0046.jpg,cattle,deoni,cattle_deoni
D:\B.Tech\CE-AI\Sem 7\MP\Datasets\archive (1)\clean_images\cattle\sahiwal\sahiwal_0061.jpg,cattle,sahiwal,cattle_sahiwal
D:\B.Tech\CE-AI\Sem 7\MP\Datasets\archive (1)\clean_images\cattle\brown_swiss\brown_swiss_0437.jpg,cattle,brown_swiss,cattle_brown_swiss
D:\B.Tech\CE-AI\Sem 7\MP\Datasets\archive (1)\clean_images\cattle\sahiwal\sahiwal_0340.jpg,cattle,sahiwal,cattle_sahiwal
D:\B.Tech\CE-AI\Sem 7\MP\Datasets\archive (1)\clean_images\cattle\krishna_valley\krishna_valley_0110.jpg,cattle,krishna_valley,cattle_krishna_valley
D:\B.Tech\CE-AI\Sem 7\MP\Datasets\archive (1)\clean_images\cattle\sahiwal\sahiwal_0177.jpg,cattle,sahiwal,cattle_sahiwal
D:\B.Tech\CE-AI\Sem 7\MP\Datasets\archive (1)\clean_images\buffalo\alambadi\alambadi_0074.jpg,buffalo,alambadi,buffalo_alambadi
D:\B.Tech\CE-AI\Sem 7\MP\Datasets\archive (1)\clean_images\cattle\sahiwal\sahiwal_0403.jpg,cattle,sahiwal,cattle_sahiwal
D:\B.Tech\CE-AI\Sem 7\MP\Datasets\archive (1)\clean_images\cattle\gir\gir_0397.jpg,cattle,gir,cattle_gir
D:\B.Tech\CE-AI\Sem 7\MP\Datasets\archive (1)\clean_images\buffalo\alambadi\alambadi_0085.jpg,buffalo,alambadi,buffalo_alambadi
D:\B.Tech\CE-AI\Sem 7\MP\Datasets\archive (1)\clean_images\cattle\rathi\rathi_0039.jpg,cattle,rathi,cattle_rathi
D:\B.Tech\CE-AI\Sem 7\MP\Datasets\archive (1)\clean_images\cattle\kankrej\kankrej_0011.jpg,cattle,kankrej,cattle_kankrej
D:\B.Tech\CE-AI\Sem 7\MP\Datasets\archive (1)\clean_images\cattle\hariana\hariana_0053.png,cattle,hariana,cattle_hariana
D:\B.Tech\CE-AI\Sem 7\MP\Datasets\archive (1)\clean_images\cattle\ayrshire\ayrshire_0233.jpg,cattle,ayrshire,cattle_ayrshire
D:\B.Tech\CE-AI\Sem 7\MP\Datasets\archive (1)\clean_images\cattle\ayrshire\ayrshire_0507.jpg,cattle,ayrshire,cattle_ayrshire
D:\B.Tech\CE-AI\Sem 7\MP\Datasets\archive (1)\clean_images\cattle\hallikar\hallikar_0163.jpg,cattle,hallikar,cattle_hallikar
D:\B.Tech\CE-AI\Sem 7\MP\Datasets\archive (1)\clean_images\cattle\khillar\khillar_0022.jpg,cattle,khillar,cattle_khillar
D:\B.Tech\CE-AI\Sem 7\MP\Datasets\archive (1)\clean_images\cattle\nimari\nimari_0001.jpg,cattle,nimari,cattle_nimari
D:\B.Tech\CE-AI\Sem 7\MP\Datasets\archive (1)\clean_images\cattle\brown_swiss\brown_swiss_0291.jpg,cattle,brown_swiss,cattle_brown_swiss
D:\B.Tech\CE-AI\Sem 7\MP\Datasets\archive (1)\clean_images\cattle\hallikar\hallikar_0130.jpg,cattle,hallikar,cattle_hallikar
D:\B.Tech\CE-AI\Sem 7\MP\Datasets\archive (1)\clean_images\cattle\gir\gir_0561.jpg,cattle,gir,cattle_gir
D:\B.Tech\CE-AI\Sem 7\MP\Datasets\archive (1)\clean_images\cattle\ayrshire\ayrshire_0444.jpg,cattle,ayrshire,cattle_ayrshire
D:\B.Tech\CE-AI\Sem 7\MP\Datasets\archive (1)\clean_images\cattle\ayrshire\ayrshire_0180.jpg,cattle,ayrshire,cattle_ayrshire
D:\B.Tech\CE-AI\Sem 7\MP\Datasets\archive (1)\clean_images\buffalo\bhadawari\bhadawari_0135.jpg,buffalo,bhadawari,buffalo_bhadawari
D:\B.Tech\CE-AI\Sem 7\MP\Datasets\archive (1)\clean_images\cattle\sahiwal\sahiwal_0255.jpg,cattle,sahiwal,cattle_sahiwal
D:\B.Tech\CE-AI\Sem 7\MP\Datasets\archive (1)\clean_images\cattle\red_sindhi\red_sindhi_0022.jpg,cattle,red_sindhi,cattle_red_sindhi
D:\B.Tech\CE-AI\Sem 7\MP\Datasets\archive (1)\clean_images\cattle\holstein-friesian\holstein-friesian_0369.jpg,cattle,holstein-friesian,cattle_holstein-friesian
D:\B.Tech\CE-AI\Sem 7\MP\Datasets\archive (1)\clean_images\cattle\deoni\deoni_0017.jpg,cattle,deoni,cattle_deoni
D:\B.Tech\CE-AI\Sem 7\MP\Datasets\archive (1)\clean_images\cattle\dangi\dangi_0019.jpg,cattle,dangi,cattle_dangi
D:\B.Tech\CE-AI\Sem 7\MP\Datasets\archive (1)\clean_images\cattle\nagori\nagori_0050.jpg,cattle,nagori,cattle_nagori
D:\B.Tech\CE-AI\Sem 7\MP\Datasets\archive (1)\clean_images\cattle\brown_swiss\brown_swiss_0197.jpg,cattle,brown_swiss,cattle_brown_swiss
D:\B.Tech\CE-AI\Sem 7\MP\Datasets\archive (1)\clean_images\cattle\amritmahal\amritmahal_0188.jpg,cattle,amritmahal,cattle_amritmahal
D:\B.Tech\CE-AI\Sem 7\MP\Datasets\archive (1)\clean_images\cattle\tharparkar\tharparkar_0089.jpg,cattle,tharparkar,cattle_tharparkar
D:\B.Tech\CE-AI\Sem 7\MP\Datasets\archive (1)\clean_images\buffalo\bhadawari\bhadawari_0088.jpg,buffalo,bhadawari,buffalo_bhadawari
D:\B.Tech\CE-AI\Sem 7\MP\Datasets\archive (1)\clean_images\cattle\vechur\vechur_0124.png,cattle,vechur,cattle_vechur
D:\B.Tech\CE-AI\Sem 7\MP\Datasets\archive (1)\clean_images\cattle\ayrshire\ayrshire_0535.jpg,cattle,ayrshire,cattle_ayrshire
D:\B.Tech\CE-AI\Sem 7\MP\Datasets\archive (1)\clean_images\cattle\ongole\ongole_0052.png,cattle,ongole,cattle_ongole
D:\B.Tech\CE-AI\Sem 7\MP\Datasets\archive (1)\clean_images\cattle\hallikar\hallikar_0087.jpg,cattle,hallikar,cattle_hallikar
D:\B.Tech\CE-AI\Sem 7\MP\Datasets\archive (1)\clean_images\cattle\guernsey\guernsey_0082.jpg,cattle,guernsey,cattle_guernsey
D:\B.Tech\CE-AI\Sem 7\MP\Datasets\archive (1)\clean_images\cattle\hallikar\hallikar_0017.jpg,cattle,hallikar,cattle_hallikar
D:\B.Tech\CE-AI\Sem 7\MP\Datasets\archive (1)\clean_images\cattle\kankrej\kankrej_0122.png,cattle,kankrej,cattle_kankrej
D:\B.Tech\CE-AI\Sem 7\MP\Datasets\archive (1)\clean_images\cattle\sahiwal\sahiwal_0377.jpg,cattle,sahiwal,cattle_sahiwal
D:\B.Tech\CE-AI\Sem 7\MP\Datasets\archive (1)\clean_images\cattle\krishna_valley\krishna_valley_0056.jpg,cattle,krishna_valley,cattle_krishna_valley
D:\B.Tech\CE-AI\Sem 7\MP\Datasets\archive (1)\clean_images\cattle\gir\gir_0009.jpg,cattle,gir,cattle_gir
D:\B.Tech\CE-AI\Sem 7\MP\Datasets\archive (1)\clean_images\cattle\gir\gir_0736.jpg,cattle,gir,cattle_gir
D:\B.Tech\CE-AI\Sem 7\MP\Datasets\archive (1)\clean_images\cattle\gir\gir_0339.jpg,cattle,gir,cattle_gir
D:\B.Tech\CE-AI\Sem 7\MP\Datasets\archive (1)\clean_images\cattle\sahiwal\sahiwal_0008.jpg,cattle,sahiwal,cattle_sahiwal
D:\B.Tech\CE-AI\Sem 7\MP\Datasets\archive (1)\clean_images\cattle\gir\gir_0274.jpg,cattle,gir,cattle_gir
D:\B.Tech\CE-AI\Sem 7\MP\Datasets\archive (1)\clean_images\buffalo\surti\surti_0069.jpg,buffalo,surti,buffalo_surti
D:\B.Tech\CE-AI\Sem 7\MP\Datasets\archive (1)\clean_images\cattle\rathi\rathi_0127.png,cattle,rathi,cattle_rathi
D:\B.Tech\CE-AI\Sem 7\MP\Datasets\archive (1)\clean_images\cattle\ayrshire\ayrshire_0003.jpg,cattle,ayrshire,cattle_ayrshire
D:\B.Tech\CE-AI\Sem 7\MP\Datasets\archive (1)\clean_images\cattle\red_sindhi\red_sindhi_0126.jpg,cattle,red_sindhi,cattle_red_sindhi
D:\B.Tech\CE-AI\Sem 7\MP\Datasets\archive (1)\clean_images\cattle\dangi\dangi_0077.png,cattle,dangi,cattle_dangi
D:\B.Tech\CE-AI\Sem 7\MP\Datasets\archive (1)\clean_images\cattle\ayrshire\ayrshire_0490.jpg,cattle,ayrshire,cattle_ayrshire
D:\B.Tech\CE-AI\Sem 7\MP\Datasets\archive (1)\clean_images\cattle\brown_swiss\brown_swiss_0396.jpg,cattle,brown_swiss,cattle_brown_swiss
D:\B.Tech\CE-AI\Sem 7\MP\Datasets\archive (1)\clean_images\buffalo\murrah\murrah_0077.jpg,buffalo,murrah,buffalo_murrah
D:\B.Tech\CE-AI\Sem 7\MP\Datasets\archive (1)\clean_images\cattle\holstein-friesian\holstein-friesian_0306.jpg,cattle,holstein-friesian,cattle_holstein-friesian
D:\B.Tech\CE-AI\Sem 7\MP\Datasets\archive (1)\clean_images\cattle\bargur\bargur_0042.png,cattle,bargur,cattle_bargur
D:\B.Tech\CE-AI\Sem 7\MP\Datasets\archive (1)\clean_images\cattle\amritmahal\amritmahal_0112.png,cattle,amritmahal,cattle_amritmahal
D:\B.Tech\CE-AI\Sem 7\MP\Datasets\archive (1)\clean_images\cattle\umblachery\umblachery_0080.png,cattle,umblachery,cattle_umblachery
D:\B.Tech\CE-AI\Sem 7\MP\Datasets\archive (1)\clean_images\cattle\kankrej\kankrej_0009.jpg,cattle,kankrej,cattle_kankrej
D:\B.Tech\CE-AI\Sem 7\MP\Datasets\archive (1)\clean_images\cattle\vechur\vechur_0080.jpg,cattle,vechur,cattle_vechur
D:\B.Tech\CE-AI\Sem 7\MP\Datasets\archive (1)\clean_images\cattle\brown_swiss\brown_swiss_0139.jpg,cattle,brown_swiss,cattle_brown_swiss
D:\B.Tech\CE-AI\Sem 7\MP\Datasets\archive (1)\clean_images\cattle\gir\gir_0418.jpg,cattle,gir,cattle_gir
D:\B.Tech\CE-AI\Sem 7\MP\Datasets\archive (1)\clean_images\cattle\rathi\rathi_0150.png,cattle,rathi,cattle_rathi
D:\B.Tech\CE-AI\Sem 7\MP\Datasets\archive (1)\clean_images\cattle\khillar\khillar_0038.jpg,cattle,khillar,cattle_khillar
D:\B.Tech\CE-AI\Sem 7\MP\Datasets\archive (1)\clean_images\cattle\red_dane\red_dane_0103.jpg,cattle,red_dane,cattle_red_dane
D:\B.Tech\CE-AI\Sem 7\MP\Datasets\archive (1)\clean_images\cattle\brown_swiss\brown_swiss_0155.jpg,cattle,brown_swiss,cattle_brown_swiss
D:\B.Tech\CE-AI\Sem 7\MP\Datasets\archive (1)\clean_images\cattle\gir\gir_0016.jpg,cattle,gir,cattle_gir
D:\B.Tech\CE-AI\Sem 7\MP\Datasets\archive (1)\clean_images\cattle\gir\gir_0103.jpg,cattle,gir,cattle_gir
D:\B.Tech\CE-AI\Sem 7\MP\Datasets\archive (1)\clean_images\cattle\hallikar\hallikar_0291.png,cattle,hallikar,cattle_hallikar
D:\B.Tech\CE-AI\Sem 7\MP\Datasets\archive (1)\clean_images\cattle\ayrshire\ayrshire_0275.jpg,cattle,ayrshire,cattle_ayrshire
D:\B.Tech\CE-AI\Sem 7\MP\Datasets\archive (1)\clean_images\cattle\sahiwal\sahiwal_0096.jpg,cattle,sahiwal,cattle_sahiwal
D:\B.Tech\CE-AI\Sem 7\MP\Datasets\archive (1)\clean_images\cattle\red_dane\red_dane_0105.jpg,cattle,red_dane,cattle_red_dane
D:\B.Tech\CE-AI\Sem 7\MP\Datasets\archive (1)\clean_images\cattle\hallikar\hallikar_0109.jpg,cattle,hallikar,cattle_hallikar
D:\B.Tech\CE-AI\Sem 7\MP\Datasets\archive (1)\clean_images\cattle\brown_swiss\brown_swiss_0242.jpg,cattle,brown_swiss,cattle_brown_swiss
D:\B.Tech\CE-AI\Sem 7\MP\Datasets\archive (1)\clean_images\cattle\sahiwal\sahiwal_0427.png,cattle,sahiwal,cattle_sahiwal
D:\B.Tech\CE-AI\Sem 7\MP\Datasets\archive (1)\clean_images\cattle\gir\gir_0281.jpg,cattle,gir,cattle_gir
D:\B.Tech\CE-AI\Sem 7\MP\Datasets\archive (1)\clean_images\buffalo\nagpuri\nagpuri_0080.png,buffalo,nagpuri,buffalo_nagpuri
D:\B.Tech\CE-AI\Sem 7\MP\Datasets\archive (1)\clean_images\cattle\red_sindhi\red_sindhi_0073.png,cattle,red_sindhi,cattle_red_sindhi
D:\B.Tech\CE-AI\Sem 7\MP\Datasets\archive (1)\clean_images\cattle\sahiwal\sahiwal_0302.png,cattle,sahiwal,cattle_sahiwal
D:\B.Tech\CE-AI\Sem 7\MP\Datasets\archive (1)\clean_images\cattle\pulikulam\pulikulam_0039.jpg,cattle,pulikulam,cattle_pulikulam
D:\B.Tech\CE-AI\Sem 7\MP\Datasets\archive (1)\clean_images\cattle\tharparkar\tharparkar_0205.png,cattle,tharparkar,cattle_tharparkar
D:\B.Tech\CE-AI\Sem 7\MP\Datasets\archive (1)\clean_images\cattle\dangi\dangi_0094.png,cattle,dangi,cattle_dangi
D:\B.Tech\CE-AI\Sem 7\MP\Datasets\archive (1)\clean_images\cattle\red_sindhi\red_sindhi_0045.jpg,cattle,red_sindhi,cattle_red_sindhi
D:\B.Tech\CE-AI\Sem 7\MP\Datasets\archive (1)\clean_images\cattle\tharparkar\tharparkar_0105.png,cattle,tharparkar,cattle_tharparkar
D:\B.Tech\CE-AI\Sem 7\MP\Datasets\archive (1)\clean_images\cattle\holstein-friesian\holstein-friesian_0317.jpg,cattle,holstein-friesian,cattle_holstein-friesian
D:\B.Tech\CE-AI\Sem 7\MP\Datasets\archive (1)\clean_images\cattle\nagori\nagori_0055.png,cattle,nagori,cattle_nagori
D:\B.Tech\CE-AI\Sem 7\MP\Datasets\archive (1)\clean_images\buffalo\mehsana\mehsana_0095.png,buffalo,mehsana,buffalo_mehsana
D:\B.Tech\CE-AI\Sem 7\MP\Datasets\archive (1)\clean_images\cattle\bargur\bargur_0078.jpg,cattle,bargur,cattle_bargur
D:\B.Tech\CE-AI\Sem 7\MP\Datasets\archive (1)\clean_images\cattle\jersey\jersey_0036.jpg,cattle,jersey,cattle_jersey
D:\B.Tech\CE-AI\Sem 7\MP\Datasets\archive (1)\clean_images\cattle\guernsey\guernsey_0107.jpg,cattle,guernsey,cattle_guernsey
D:\B.Tech\CE-AI\Sem 7\MP\Datasets\archive (1)\clean_images\cattle\ongole\ongole_0108.jpg,cattle,ongole,cattle_ongole
D:\B.Tech\CE-AI\Sem 7\MP\Datasets\archive (1)\clean_images\cattle\ayrshire\ayrshire_0144.jpg,cattle,ayrshire,cattle_ayrshire
D:\B.Tech\CE-AI\Sem 7\MP\Datasets\archive (1)\clean_images\buffalo\bhadawari\bhadawari_0194.jpg,buffalo,bhadawari,buffalo_bhadawari
D:\B.Tech\CE-AI\Sem 7\MP\Datasets\archive (1)\clean_images\cattle\pulikulam\pulikulam_0074.png,cattle,pulikulam,cattle_pulikulam
D:\B.Tech\CE-AI\Sem 7\MP\Datasets\archive (1)\clean_images\cattle\sahiwal\sahiwal_0278.jpg,cattle,sahiwal,cattle_sahiwal
D:\B.Tech\CE-AI\Sem 7\MP\Datasets\archive (1)\clean_images\cattle\hariana\hariana_0070.jpg,cattle,hariana,cattle_hariana
D:\B.Tech\CE-AI\Sem 7\MP\Datasets\archive (1)\clean_images\buffalo\alambadi\alambadi_0087.jpg,buffalo,alambadi,buffalo_alambadi
D:\B.Tech\CE-AI\Sem 7\MP\Datasets\archive (1)\clean_images\buffalo\nagpuri\nagpuri_0126.png,buffalo,nagpuri,buffalo_nagpuri
D:\B.Tech\CE-AI\Sem 7\MP\Datasets\archive (1)\clean_images\cattle\holstein-friesian\holstein-friesian_0483.jpg,cattle,holstein-friesian,cattle_holstein-friesian
D:\B.Tech\CE-AI\Sem 7\MP\Datasets\archive (1)\clean_images\cattle\sahiwal\sahiwal_0271.jpg,cattle,sahiwal,cattle_sahiwal
D:\B.Tech\CE-AI\Sem 7\MP\Datasets\archive (1)\clean_images\buffalo\surti\surti_0035.jpg,buffalo,surti,buffalo_surti
D:\B.Tech\CE-AI\Sem 7\MP\Datasets\archive (1)\clean_images\cattle\holstein-friesian\holstein-friesian_0267.jpg,cattle,holstein-friesian,cattle_holstein-friesian
D:\B.Tech\CE-AI\Sem 7\MP\Datasets\archive (1)\clean_images\cattle\sahiwal\sahiwal_0022.jpg,cattle,sahiwal,cattle_sahiwal
D:\B.Tech\CE-AI\Sem 7\MP\Datasets\archive (1)\clean_images\cattle\tharparkar\tharparkar_0222.jpg,cattle,tharparkar,cattle_tharparkar
D:\B.Tech\CE-AI\Sem 7\MP\Datasets\archive (1)\clean_images\cattle\hallikar\hallikar_0028.jpg,cattle,hallikar,cattle_hallikar
D:\B.Tech\CE-AI\Sem 7\MP\Datasets\archive (1)\clean_images\cattle\hariana\hariana_0089.jpg,cattle,hariana,cattle_hariana
D:\B.Tech\CE-AI\Sem 7\MP\Datasets\archive (1)\clean_images\cattle\sahiwal\sahiwal_0218.jpg,cattle,sahiwal,cattle_sahiwal
D:\B.Tech\CE-AI\Sem 7\MP\Datasets\archive (1)\clean_images\cattle\hallikar\hallikar_0254.png,cattle,hallikar,cattle_hallikar
D:\B.Tech\CE-AI\Sem 7\MP\Datasets\archive (1)\clean_images\cattle\kankrej\kankrej_0115.jpg,cattle,kankrej,cattle_kankrej
D:\B.Tech\CE-AI\Sem 7\MP\Datasets\archive (1)\clean_images\cattle\brown_swiss\brown_swiss_0079.jpg,cattle,brown_swiss,cattle_brown_swiss
D:\B.Tech\CE-AI\Sem 7\MP\Datasets\archive (1)\clean_images\cattle\gir\gir_0386.jpg,cattle,gir,cattle_gir
D:\B.Tech\CE-AI\Sem 7\MP\Datasets\archive (1)\clean_images\buffalo\nili_ravi\nili_ravi_0090.jpg,buffalo,nili_ravi,buffalo_nili_ravi
D:\B.Tech\CE-AI\Sem 7\MP\Datasets\archive (1)\clean_images\cattle\ongole\ongole_0174.png,cattle,ongole,cattle_ongole
D:\B.Tech\CE-AI\Sem 7\MP\Datasets\archive (1)\clean_images\cattle\ayrshire\ayrshire_0355.jpg,cattle,ayrshire,cattle_ayrshire
D:\B.Tech\CE-AI\Sem 7\MP\Datasets\archive (1)\clean_images\cattle\red_dane\red_dane_0027.jpg,cattle,red_dane,cattle_red_dane
D:\B.Tech\CE-AI\Sem 7\MP\Datasets\archive (1)\clean_images\cattle\dangi\dangi_0078.png,cattle,dangi,cattle_dangi
D:\B.Tech\CE-AI\Sem 7\MP\Datasets\archive (1)\clean_images\cattle\dangi\dangi_0044.jpg,cattle,dangi,cattle_dangi
D:\B.Tech\CE-AI\Sem 7\MP\Datasets\archive (1)\clean_images\cattle\brown_swiss\brown_swiss_0164.jpg,cattle,brown_swiss,cattle_brown_swiss
D:\B.Tech\CE-AI\Sem 7\MP\Datasets\archive (1)\clean_images\cattle\sahiwal\sahiwal_0195.jpg,cattle,sahiwal,cattle_sahiwal
D:\B.Tech\CE-AI\Sem 7\MP\Datasets\archive (1)\clean_images\cattle\sahiwal\sahiwal_0229.jpg,cattle,sahiwal,cattle_sahiwal
D:\B.Tech\CE-AI\Sem 7\MP\Datasets\archive (1)\clean_images\cattle\red_dane\red_dane_0005.jpg,cattle,red_dane,cattle_red_dane
D:\B.Tech\CE-AI\Sem 7\MP\Datasets\archive (1)\clean_images\cattle\kangayam\kangayam_0087.png,cattle,kangayam,cattle_kangayam
D:\B.Tech\CE-AI\Sem 7\MP\Datasets\archive (1)\clean_images\cattle\sahiwal\sahiwal_0183.png,cattle,sahiwal,cattle_sahiwal
D:\B.Tech\CE-AI\Sem 7\MP\Datasets\archive (1)\clean_images\cattle\gir\gir_0021.jpg,cattle,gir,cattle_gir
D:\B.Tech\CE-AI\Sem 7\MP\Datasets\archive (1)\clean_images\buffalo\mehsana\mehsana_0039.jpg,buffalo,mehsana,buffalo_mehsana
D:\B.Tech\CE-AI\Sem 7\MP\Datasets\archive (1)\clean_images\buffalo\nagpuri\nagpuri_0193.jpg,buffalo,nagpuri,buffalo_nagpuri
D:\B.Tech\CE-AI\Sem 7\MP\Datasets\archive (1)\clean_images\cattle\malnad_gidda\malnad_gidda_0090.png,cattle,malnad_gidda,cattle_malnad_gidda
D:\B.Tech\CE-AI\Sem 7\MP\Datasets\archive (1)\clean_images\cattle\rathi\rathi_0134.png,cattle,rathi,cattle_rathi
D:\B.Tech\CE-AI\Sem 7\MP\Datasets\archive (1)\clean_images\cattle\holstein-friesian\holstein-friesian_0411.jpg,cattle,holstein-friesian,cattle_holstein-friesian
D:\B.Tech\CE-AI\Sem 7\MP\Datasets\archive (1)\clean_images\cattle\ayrshire\ayrshire_0029.jpg,cattle,ayrshire,cattle_ayrshire
D:\B.Tech\CE-AI\Sem 7\MP\Datasets\archive (1)\clean_images\cattle\gir\gir_0085.jpg,cattle,gir,cattle_gir
D:\B.Tech\CE-AI\Sem 7\MP\Datasets\archive (1)\clean_images\cattle\gir\gir_0396.jpg,cattle,gir,cattle_gir
D:\B.Tech\CE-AI\Sem 7\MP\Datasets\archive (1)\clean_images\buffalo\mehsana\mehsana_0097.png,buffalo,mehsana,buffalo_mehsana
D:\B.Tech\CE-AI\Sem 7\MP\Datasets\archive (1)\clean_images\cattle\khillar\khillar_0095.jpg,cattle,khillar,cattle_khillar
D:\B.Tech\CE-AI\Sem 7\MP\Datasets\archive (1)\clean_images\cattle\ongole\ongole_0193.png,cattle,ongole,cattle_ongole
D:\B.Tech\CE-AI\Sem 7\MP\Datasets\archive (1)\clean_images\cattle\dangi\dangi_0081.png,cattle,dangi,cattle_dangi
D:\B.Tech\CE-AI\Sem 7\MP\Datasets\archive (1)\clean_images\cattle\red_dane\red_dane_0107.jpg,cattle,red_dane,cattle_red_dane
D:\B.Tech\CE-AI\Sem 7\MP\Datasets\archive (1)\clean_images\cattle\guernsey\guernsey_0135.jpg,cattle,guernsey,cattle_guernsey
D:\B.Tech\CE-AI\Sem 7\MP\Datasets\archive (1)\clean_images\cattle\brown_swiss\brown_swiss_0093.jpg,cattle,brown_swiss,cattle_brown_swiss
D:\B.Tech\CE-AI\Sem 7\MP\Datasets\archive (1)\clean_images\cattle\krishna_valley\krishna_valley_0100.jpg,cattle,krishna_valley,cattle_krishna_valley
D:\B.Tech\CE-AI\Sem 7\MP\Datasets\archive (1)\clean_images\cattle\jersey\jersey_0193.jpg,cattle,jersey,cattle_jersey
D:\B.Tech\CE-AI\Sem 7\MP\Datasets\archive (1)\clean_images\cattle\sahiwal\sahiwal_0399.jpg,cattle,sahiwal,cattle_sahiwal
D:\B.Tech\CE-AI\Sem 7\MP\Datasets\archive (1)\clean_images\cattle\red_sindhi\red_sindhi_0025.jpg,cattle,red_sindhi,cattle_red_sindhi
D:\B.Tech\CE-AI\Sem 7\MP\Datasets\archive (1)\clean_images\cattle\umblachery\umblachery_0084.jpeg,cattle,umblachery,cattle_umblachery
D:\B.Tech\CE-AI\Sem 7\MP\Datasets\archive (1)\clean_images\cattle\tharparkar\tharparkar_0217.jpg,cattle,tharparkar,cattle_tharparkar
D:\B.Tech\CE-AI\Sem 7\MP\Datasets\archive (1)\clean_images\cattle\pulikulam\pulikulam_0112.jpg,cattle,pulikulam,cattle_pulikulam
D:\B.Tech\CE-AI\Sem 7\MP\Datasets\archive (1)\clean_images\cattle\umblachery\umblachery_0034.png,cattle,umblachery,cattle_umblachery
D:\B.Tech\CE-AI\Sem 7\MP\Datasets\archive (1)\clean_images\cattle\guernsey\guernsey_0050.jpg,cattle,guernsey,cattle_guernsey
D:\B.Tech\CE-AI\Sem 7\MP\Datasets\archive (1)\clean_images\cattle\holstein-friesian\holstein-friesian_0186.jpg,cattle,holstein-friesian,cattle_holstein-friesian
D:\B.Tech\CE-AI\Sem 7\MP\Datasets\archive (1)\clean_images\cattle\hariana\hariana_0073.png,cattle,hariana,cattle_hariana
D:\B.Tech\CE-AI\Sem 7\MP\Datasets\archive (1)\clean_images\cattle\nagori\nagori_0061.png,cattle,nagori,cattle_nagori
D:\B.Tech\CE-AI\Sem 7\MP\Datasets\archive (1)\clean_images\cattle\ayrshire\ayrshire_0239.jpg,cattle,ayrshire,cattle_ayrshire
D:\B.Tech\CE-AI\Sem 7\MP\Datasets\archive (1)\clean_images\cattle\ayrshire\ayrshire_0664.jpg,cattle,ayrshire,cattle_ayrshire
D:\B.Tech\CE-AI\Sem 7\MP\Datasets\archive (1)\clean_images\cattle\red_sindhi\red_sindhi_0154.jpg,cattle,red_sindhi,cattle_red_sindhi
D:\B.Tech\CE-AI\Sem 7\MP\Datasets\archive (1)\clean_images\cattle\gir\gir_0413.jpg,cattle,gir,cattle_gir
D:\B.Tech\CE-AI\Sem 7\MP\Datasets\archive (1)\clean_images\cattle\deoni\deoni_0207.png,cattle,deoni,cattle_deoni
D:\B.Tech\CE-AI\Sem 7\MP\Datasets\archive (1)\clean_images\cattle\kankrej\kankrej_0014.jpg,cattle,kankrej,cattle_kankrej
D:\B.Tech\CE-AI\Sem 7\MP\Datasets\archive (1)\clean_images\cattle\ayrshire\ayrshire_0554.jpg,cattle,ayrshire,cattle_ayrshire
D:\B.Tech\CE-AI\Sem 7\MP\Datasets\archive (1)\clean_images\cattle\holstein-friesian\holstein-friesian_0284.jpg,cattle,holstein-friesian,cattle_holstein-friesian
D:\B.Tech\CE-AI\Sem 7\MP\Datasets\archive (1)\clean_images\cattle\hallikar\hallikar_0160.png,cattle,hallikar,cattle_hallikar
D:\B.Tech\CE-AI\Sem 7\MP\Datasets\archive (1)\clean_images\cattle\tharparkar\tharparkar_0209.jpg,cattle,tharparkar,cattle_tharparkar
D:\B.Tech\CE-AI\Sem 7\MP\Datasets\archive (1)\clean_images\cattle\ongole\ongole_0131.png,cattle,ongole,cattle_ongole
D:\B.Tech\CE-AI\Sem 7\MP\Datasets\archive (1)\clean_images\cattle\tharparkar\tharparkar_0219.jpg,cattle,tharparkar,cattle_tharparkar
D:\B.Tech\CE-AI\Sem 7\MP\Datasets\archive (1)\clean_images\cattle\krishna_valley\krishna_valley_0094.jpg,cattle,krishna_valley,cattle_krishna_valley
D:\B.Tech\CE-AI\Sem 7\MP\Datasets\archive (1)\clean_images\cattle\brown_swiss\brown_swiss_0427.jpg,cattle,brown_swiss,cattle_brown_swiss
D:\B.Tech\CE-AI\Sem 7\MP\Datasets\archive (1)\clean_images\cattle\brown_swiss\brown_swiss_0412.jpg,cattle,brown_swiss,cattle_brown_swiss
D:\B.Tech\CE-AI\Sem 7\MP\Datasets\archive (1)\clean_images\cattle\hallikar\hallikar_0250.png,cattle,hallikar,cattle_hallikar
D:\B.Tech\CE-AI\Sem 7\MP\Datasets\archive (1)\clean_images\cattle\amritmahal\amritmahal_0176.jpg,cattle,amritmahal,cattle_amritmahal
D:\B.Tech\CE-AI\Sem 7\MP\Datasets\archive (1)\clean_images\cattle\kangayam\kangayam_0057.jpg,cattle,kangayam,cattle_kangayam
D:\B.Tech\CE-AI\Sem 7\MP\Datasets\archive (1)\clean_images\cattle\rathi\rathi_0143.png,cattle,rathi,cattle_rathi
D:\B.Tech\CE-AI\Sem 7\MP\Datasets\archive (1)\clean_images\cattle\guernsey\guernsey_0170.jpg,cattle,guernsey,cattle_guernsey
D:\B.Tech\CE-AI\Sem 7\MP\Datasets\archive (1)\clean_images\cattle\sahiwal\sahiwal_0089.jpg,cattle,sahiwal,cattle_sahiwal
D:\B.Tech\CE-AI\Sem 7\MP\Datasets\archive (1)\clean_images\cattle\krishna_valley\krishna_valley_0143.jpg,cattle,krishna_valley,cattle_krishna_valley
D:\B.Tech\CE-AI\Sem 7\MP\Datasets\archive (1)\clean_images\cattle\ongole\ongole_0048.jpg,cattle,ongole,cattle_ongole
D:\B.Tech\CE-AI\Sem 7\MP\Datasets\archive (1)\clean_images\cattle\hariana\hariana_0105.png,cattle,hariana,cattle_hariana
D:\B.Tech\CE-AI\Sem 7\MP\Datasets\archive (1)\clean_images\cattle\gir\gir_0002.jpg,cattle,gir,cattle_gir
D:\B.Tech\CE-AI\Sem 7\MP\Datasets\archive (1)\clean_images\cattle\guernsey\guernsey_0164.jpg,cattle,guernsey,cattle_guernsey
D:\B.Tech\CE-AI\Sem 7\MP\Datasets\archive (1)\clean_images\cattle\ayrshire\ayrshire_0628.jpg,cattle,ayrshire,cattle_ayrshire
D:\B.Tech\CE-AI\Sem 7\MP\Datasets\archive (1)\clean_images\buffalo\bhadawari\bhadawari_0082.jpg,buffalo,bhadawari,buffalo_bhadawari
D:\B.Tech\CE-AI\Sem 7\MP\Datasets\archive (1)\clean_images\cattle\ayrshire\ayrshire_0324.jpg,cattle,ayrshire,cattle_ayrshire
D:\B.Tech\CE-AI\Sem 7\MP\Datasets\archive (1)\clean_images\cattle\gir\gir_0442.jpg,cattle,gir,cattle_gir
D:\B.Tech\CE-AI\Sem 7\MP\Datasets\archive (1)\clean_images\cattle\ongole\ongole_0179.jpg,cattle,ongole,cattle_ongole
D:\B.Tech\CE-AI\Sem 7\MP\Datasets\archive (1)\clean_images\buffalo\nagpuri\nagpuri_0063.jpg,buffalo,nagpuri,buffalo_nagpuri
D:\B.Tech\CE-AI\Sem 7\MP\Datasets\archive (1)\clean_images\cattle\guernsey\guernsey_0013.jpg,cattle,guernsey,cattle_guernsey
D:\B.Tech\CE-AI\Sem 7\MP\Datasets\archive (1)\clean_images\cattle\gir\gir_0458.jpg,cattle,gir,cattle_gir
D:\B.Tech\CE-AI\Sem 7\MP\Datasets\archive (1)\clean_images\cattle\amritmahal\amritmahal_0181.jpg,cattle,amritmahal,cattle_amritmahal
D:\B.Tech\CE-AI\Sem 7\MP\Datasets\archive (1)\clean_images\cattle\ayrshire\ayrshire_0188.jpg,cattle,ayrshire,cattle_ayrshire
D:\B.Tech\CE-AI\Sem 7\MP\Datasets\archive (1)\clean_images\cattle\gir\gir_0190.jpg,cattle,gir,cattle_gir
D:\B.Tech\CE-AI\Sem 7\MP\Datasets\archive (1)\clean_images\cattle\hallikar\hallikar_0184.jpg,cattle,hallikar,cattle_hallikar
D:\B.Tech\CE-AI\Sem 7\MP\Datasets\archive (1)\clean_images\cattle\gir\gir_0198.jpg,cattle,gir,cattle_gir
D:\B.Tech\CE-AI\Sem 7\MP\Datasets\archive (1)\clean_images\cattle\ayrshire\ayrshire_0483.jpg,cattle,ayrshire,cattle_ayrshire
D:\B.Tech\CE-AI\Sem 7\MP\Datasets\archive (1)\clean_images\cattle\brown_swiss\brown_swiss_0275.jpg,cattle,brown_swiss,cattle_brown_swiss
D:\B.Tech\CE-AI\Sem 7\MP\Datasets\archive (1)\clean_images\cattle\holstein-friesian\holstein-friesian_0076.jpg,cattle,holstein-friesian,cattle_holstein-friesian
D:\B.Tech\CE-AI\Sem 7\MP\Datasets\archive (1)\clean_images\cattle\gir\gir_0574.jpg,cattle,gir,cattle_gir
D:\B.Tech\CE-AI\Sem 7\MP\Datasets\archive (1)\clean_images\cattle\kenkatha\kenkatha_0018.jpg,cattle,kenkatha,cattle_kenkatha
D:\B.Tech\CE-AI\Sem 7\MP\Datasets\archive (1)\clean_images\cattle\ayrshire\ayrshire_0613.jpg,cattle,ayrshire,cattle_ayrshire
D:\B.Tech\CE-AI\Sem 7\MP\Datasets\archive (1)\clean_images\cattle\tharparkar\tharparkar_0218.jpg,cattle,tharparkar,cattle_tharparkar
D:\B.Tech\CE-AI\Sem 7\MP\Datasets\archive (1)\clean_images\cattle\deoni\deoni_0058.jpg,cattle,deoni,cattle_deoni
D:\B.Tech\CE-AI\Sem 7\MP\Datasets\archive (1)\clean_images\cattle\gir\gir_0319.jpg,cattle,gir,cattle_gir
D:\B.Tech\CE-AI\Sem 7\MP\Datasets\archive (1)\clean_images\cattle\sahiwal\sahiwal_0284.png,cattle,sahiwal,cattle_sahiwal
D:\B.Tech\CE-AI\Sem 7\MP\Datasets\archive (1)\clean_images\cattle\amritmahal\amritmahal_0150.png,cattle,amritmahal,cattle_amritmahal
D:\B.Tech\CE-AI\Sem 7\MP\Datasets\archive (1)\clean_images\buffalo\bargur\bargur_0073.jpg,buffalo,bargur,buffalo_bargur
D:\B.Tech\CE-AI\Sem 7\MP\Datasets\archive (1)\clean_images\cattle\holstein-friesian\holstein-friesian_0111.jpg,cattle,holstein-friesian,cattle_holstein-friesian
D:\B.Tech\CE-AI\Sem 7\MP\Datasets\archive (1)\clean_images\buffalo\bhadawari\bhadawari_0007.jpg,buffalo,bhadawari,buffalo_bhadawari
D:\B.Tech\CE-AI\Sem 7\MP\Datasets\archive (1)\clean_images\buffalo\surti\surti_0003.jpg,buffalo,surti,buffalo_surti
D:\B.Tech\CE-AI\Sem 7\MP\Datasets\archive (1)\clean_images\cattle\sahiwal\sahiwal_0181.jpg,cattle,sahiwal,cattle_sahiwal
D:\B.Tech\CE-AI\Sem 7\MP\Datasets\archive (1)\clean_images\cattle\deoni\deoni_0193.png,cattle,deoni,cattle_deoni
D:\B.Tech\CE-AI\Sem 7\MP\Datasets\archive (1)\clean_images\cattle\khillar\khillar_0046.jpg,cattle,khillar,cattle_khillar
D:\B.Tech\CE-AI\Sem 7\MP\Datasets\archive (1)\clean_images\cattle\ayrshire\ayrshire_0025.jpg,cattle,ayrshire,cattle_ayrshire
D:\B.Tech\CE-AI\Sem 7\MP\Datasets\archive (1)\clean_images\cattle\hallikar\hallikar_0229.jpg,cattle,hallikar,cattle_hallikar
D:\B.Tech\CE-AI\Sem 7\MP\Datasets\archive (1)\clean_images\cattle\brown_swiss\brown_swiss_0420.jpg,cattle,brown_swiss,cattle_brown_swiss
D:\B.Tech\CE-AI\Sem 7\MP\Datasets\archive (1)\clean_images\buffalo\jaffarabadi\jaffarabadi_0085.jpg,buffalo,jaffarabadi,buffalo_jaffarabadi
D:\B.Tech\CE-AI\Sem 7\MP\Datasets\archive (1)\clean_images\buffalo\bhadawari\bhadawari_0196.jpg,buffalo,bhadawari,buffalo_bhadawari
D:\B.Tech\CE-AI\Sem 7\MP\Datasets\archive (1)\clean_images\buffalo\nagpuri\nagpuri_0160.gif,buffalo,nagpuri,buffalo_nagpuri
D:\B.Tech\CE-AI\Sem 7\MP\Datasets\archive (1)\clean_images\cattle\gir\gir_0656.png,cattle,gir,cattle_gir
D:\B.Tech\CE-AI\Sem 7\MP\Datasets\archive (1)\clean_images\cattle\sahiwal\sahiwal_0138.jpg,cattle,sahiwal,cattle_sahiwal
D:\B.Tech\CE-AI\Sem 7\MP\Datasets\archive (1)\clean_images\cattle\ongole\ongole_0013.png,cattle,ongole,cattle_ongole
D:\B.Tech\CE-AI\Sem 7\MP\Datasets\archive (1)\clean_images\buffalo\murrah\murrah_0087.jpg,buffalo,murrah,buffalo_murrah
D:\B.Tech\CE-AI\Sem 7\MP\Datasets\archive (1)\clean_images\cattle\hallikar\hallikar_0097.jpg,cattle,hallikar,cattle_hallikar
D:\B.Tech\CE-AI\Sem 7\MP\Datasets\archive (1)\clean_images\cattle\vechur\vechur_0081.jpg,cattle,vechur,cattle_vechur
D:\B.Tech\CE-AI\Sem 7\MP\Datasets\archive (1)\clean_images\cattle\sahiwal\sahiwal_0342.jpg,cattle,sahiwal,cattle_sahiwal
D:\B.Tech\CE-AI\Sem 7\MP\Datasets\archive (1)\clean_images\cattle\tharparkar\tharparkar_0172.png,cattle,tharparkar,cattle_tharparkar
D:\B.Tech\CE-AI\Sem 7\MP\Datasets\archive (1)\clean_images\buffalo\banni\banni_0015.jpg,buffalo,banni,buffalo_banni
D:\B.Tech\CE-AI\Sem 7\MP\Datasets\archive (1)\clean_images\cattle\brown_swiss\brown_swiss_0120.jpg,cattle,brown_swiss,cattle_brown_swiss
D:\B.Tech\CE-AI\Sem 7\MP\Datasets\archive (1)\clean_images\cattle\sahiwal\sahiwal_0442.png,cattle,sahiwal,cattle_sahiwal
D:\B.Tech\CE-AI\Sem 7\MP\Datasets\archive (1)\clean_images\buffalo\mehsana\mehsana_0009.jpg,buffalo,mehsana,buffalo_mehsana
D:\B.Tech\CE-AI\Sem 7\MP\Datasets\archive (1)\clean_images\cattle\khillar\khillar_0033.png,cattle,khillar,cattle_khillar
D:\B.Tech\CE-AI\Sem 7\MP\Datasets\archive (1)\clean_images\cattle\brown_swiss\brown_swiss_0006.jpg,cattle,brown_swiss,cattle_brown_swiss
D:\B.Tech\CE-AI\Sem 7\MP\Datasets\archive (1)\clean_images\cattle\rathi\rathi_0152.png,cattle,rathi,cattle_rathi
D:\B.Tech\CE-AI\Sem 7\MP\Datasets\archive (1)\clean_images\cattle\holstein-friesian\holstein-friesian_0385.jpg,cattle,holstein-friesian,cattle_holstein-friesian
D:\B.Tech\CE-AI\Sem 7\MP\Datasets\archive (1)\clean_images\buffalo\alambadi\alambadi_0005.jpg,buffalo,alambadi,buffalo_alambadi
D:\B.Tech\CE-AI\Sem 7\MP\Datasets\archive (1)\clean_images\cattle\holstein-friesian\holstein-friesian_0141.jpg,cattle,holstein-friesian,cattle_holstein-friesian
D:\B.Tech\CE-AI\Sem 7\MP\Datasets\archive (1)\clean_images\cattle\dangi\dangi_0041.jpg,cattle,dangi,cattle_dangi
D:\B.Tech\CE-AI\Sem 7\MP\Datasets\archive (1)\clean_images\buffalo\bargur\bargur_0117.jpg,buffalo,bargur,buffalo_bargur
D:\B.Tech\CE-AI\Sem 7\MP\Datasets\archive (1)\clean_images\cattle\red_dane\red_dane_0138.jpg,cattle,red_dane,cattle_red_dane
D:\B.Tech\CE-AI\Sem 7\MP\Datasets\archive (1)\clean_images\buffalo\nagpuri\nagpuri_0012.png,buffalo,nagpuri,buffalo_nagpuri
D:\B.Tech\CE-AI\Sem 7\MP\Datasets\archive (1)\clean_images\cattle\malnad_gidda\malnad_gidda_0106.png,cattle,malnad_gidda,cattle_malnad_gidda
D:\B.Tech\CE-AI\Sem 7\MP\Datasets\archive (1)\clean_images\buffalo\murrah\murrah_0159.jpg,buffalo,murrah,buffalo_murrah
D:\B.Tech\CE-AI\Sem 7\MP\Datasets\archive (1)\clean_images\cattle\tharparkar\tharparkar_0063.jpg,cattle,tharparkar,cattle_tharparkar
D:\B.Tech\CE-AI\Sem 7\MP\Datasets\archive (1)\clean_images\buffalo\alambadi\alambadi_0028.jpg,buffalo,alambadi,buffalo_alambadi
D:\B.Tech\CE-AI\Sem 7\MP\Datasets\archive (1)\clean_images\cattle\hariana\hariana_0055.png,cattle,hariana,cattle_hariana
D:\B.Tech\CE-AI\Sem 7\MP\Datasets\archive (1)\clean_images\buffalo\alambadi\alambadi_0094.jpg,buffalo,alambadi,buffalo_alambadi
D:\B.Tech\CE-AI\Sem 7\MP\Datasets\archive (1)\clean_images\cattle\nagori\nagori_0071.png,cattle,nagori,cattle_nagori
D:\B.Tech\CE-AI\Sem 7\MP\Datasets\archive (1)\clean_images\cattle\holstein-friesian\holstein-friesian_0328.jpg,cattle,holstein-friesian,cattle_holstein-friesian
D:\B.Tech\CE-AI\Sem 7\MP\Datasets\archive (1)\clean_images\cattle\sahiwal\sahiwal_0447.jpg,cattle,sahiwal,cattle_sahiwal
D:\B.Tech\CE-AI\Sem 7\MP\Datasets\archive (1)\clean_images\cattle\nagori\nagori_0069.png,cattle,nagori,cattle_nagori
D:\B.Tech\CE-AI\Sem 7\MP\Datasets\archive (1)\clean_images\cattle\gir\gir_0154.jpg,cattle,gir,cattle_gir
D:\B.Tech\CE-AI\Sem 7\MP\Datasets\archive (1)\clean_images\cattle\kangayam\kangayam_0014.jpg,cattle,kangayam,cattle_kangayam
D:\B.Tech\CE-AI\Sem 7\MP\Datasets\archive (1)\clean_images\cattle\hallikar\hallikar_0153.jpg,cattle,hallikar,cattle_hallikar
D:\B.Tech\CE-AI\Sem 7\MP\Datasets\archive (1)\clean_images\cattle\amritmahal\amritmahal_0204.jpg,cattle,amritmahal,cattle_amritmahal
D:\B.Tech\CE-AI\Sem 7\MP\Datasets\archive (1)\clean_images\buffalo\bhadawari\bhadawari_0005.jpg,buffalo,bhadawari,buffalo_bhadawari
D:\B.Tech\CE-AI\Sem 7\MP\Datasets\archive (1)\clean_images\cattle\rathi\rathi_0069.jpg,cattle,rathi,cattle_rathi
D:\B.Tech\CE-AI\Sem 7\MP\Datasets\archive (1)\clean_images\cattle\ayrshire\ayrshire_0433.jpg,cattle,ayrshire,cattle_ayrshire
D:\B.Tech\CE-AI\Sem 7\MP\Datasets\archive (1)\clean_images\cattle\brown_swiss\brown_swiss_0063.jpg,cattle,brown_swiss,cattle_brown_swiss
D:\B.Tech\CE-AI\Sem 7\MP\Datasets\archive (1)\clean_images\cattle\vechur\vechur_0002.jpg,cattle,vechur,cattle_vechur
D:\B.Tech\CE-AI\Sem 7\MP\Datasets\archive (1)\clean_images\cattle\brown_swiss\brown_swiss_0454.jpg,cattle,brown_swiss,cattle_brown_swiss
D:\B.Tech\CE-AI\Sem 7\MP\Datasets\archive (1)\clean_images\cattle\amritmahal\amritmahal_0032.jpg,cattle,amritmahal,cattle_amritmahal
D:\B.Tech\CE-AI\Sem 7\MP\Datasets\archive (1)\clean_images\buffalo\surti\surti_0032.jpg,buffalo,surti,buffalo_surti
D:\B.Tech\CE-AI\Sem 7\MP\Datasets\archive (1)\clean_images\cattle\holstein-friesian\holstein-friesian_0467.jpg,cattle,holstein-friesian,cattle_holstein-friesian
D:\B.Tech\CE-AI\Sem 7\MP\Datasets\archive (1)\clean_images\cattle\tharparkar\tharparkar_0194.jpg,cattle,tharparkar,cattle_tharparkar
D:\B.Tech\CE-AI\Sem 7\MP\Datasets\archive (1)\clean_images\cattle\red_sindhi\red_sindhi_0018.png,cattle,red_sindhi,cattle_red_sindhi
D:\B.Tech\CE-AI\Sem 7\MP\Datasets\archive (1)\clean_images\cattle\pulikulam\pulikulam_0113.jpg,cattle,pulikulam,cattle_pulikulam
D:\B.Tech\CE-AI\Sem 7\MP\Datasets\archive (1)\clean_images\cattle\sahiwal\sahiwal_0373.jpg,cattle,sahiwal,cattle_sahiwal
D:\B.Tech\CE-AI\Sem 7\MP\Datasets\archive (1)\clean_images\cattle\jersey\jersey_0091.jpg,cattle,jersey,cattle_jersey
D:\B.Tech\CE-AI\Sem 7\MP\Datasets\archive (1)\clean_images\cattle\red_sindhi\red_sindhi_0050.png,cattle,red_sindhi,cattle_red_sindhi
D:\B.Tech\CE-AI\Sem 7\MP\Datasets\archive (1)\clean_images\buffalo\bargur\bargur_0066.jpg,buffalo,bargur,buffalo_bargur
D:\B.Tech\CE-AI\Sem 7\MP\Datasets\archive (1)\clean_images\cattle\guernsey\guernsey_0125.jpg,cattle,guernsey,cattle_guernsey
D:\B.Tech\CE-AI\Sem 7\MP\Datasets\archive (1)\clean_images\buffalo\alambadi\alambadi_0102.jpg,buffalo,alambadi,buffalo_alambadi
D:\B.Tech\CE-AI\Sem 7\MP\Datasets\archive (1)\clean_images\cattle\jersey\jersey_0089.jpg,cattle,jersey,cattle_jersey
D:\B.Tech\CE-AI\Sem 7\MP\Datasets\archive (1)\clean_images\cattle\holstein-friesian\holstein-friesian_0142.jpg,cattle,holstein-friesian,cattle_holstein-friesian
D:\B.Tech\CE-AI\Sem 7\MP\Datasets\archive (1)\clean_images\cattle\hariana\hariana_0088.jpg,cattle,hariana,cattle_hariana
D:\B.Tech\CE-AI\Sem 7\MP\Datasets\archive (1)\clean_images\cattle\red_dane\red_dane_0080.jpg,cattle,red_dane,cattle_red_dane
D:\B.Tech\CE-AI\Sem 7\MP\Datasets\archive (1)\clean_images\buffalo\nagpuri\nagpuri_0100.png,buffalo,nagpuri,buffalo_nagpuri
D:\B.Tech\CE-AI\Sem 7\MP\Datasets\archive (1)\clean_images\cattle\ayrshire\ayrshire_0034.jpg,cattle,ayrshire,cattle_ayrshire
D:\B.Tech\CE-AI\Sem 7\MP\Datasets\archive (1)\clean_images\cattle\ayrshire\ayrshire_0053.jpg,cattle,ayrshire,cattle_ayrshire
D:\B.Tech\CE-AI\Sem 7\MP\Datasets\archive (1)\clean_images\cattle\hallikar\hallikar_0292.jpg,cattle,hallikar,cattle_hallikar
D:\B.Tech\CE-AI\Sem 7\MP\Datasets\archive (1)\clean_images\cattle\holstein-friesian\holstein-friesian_0500.jpg,cattle,holstein-friesian,cattle_holstein-friesian
D:\B.Tech\CE-AI\Sem 7\MP\Datasets\archive (1)\clean_images\buffalo\nagpuri\nagpuri_0082.png,buffalo,nagpuri,buffalo_nagpuri
D:\B.Tech\CE-AI\Sem 7\MP\Datasets\archive (1)\clean_images\cattle\kherigarh\kherigarh_0045.png,cattle,kherigarh,cattle_kherigarh
D:\B.Tech\CE-AI\Sem 7\MP\Datasets\archive (1)\clean_images\cattle\dangi\dangi_0059.jpg,cattle,dangi,cattle_dangi
D:\B.Tech\CE-AI\Sem 7\MP\Datasets\archive (1)\clean_images\cattle\nimari\nimari_0083.png,cattle,nimari,cattle_nimari
D:\B.Tech\CE-AI\Sem 7\MP\Datasets\archive (1)\clean_images\cattle\hariana\hariana_0126.png,cattle,hariana,cattle_hariana
D:\B.Tech\CE-AI\Sem 7\MP\Datasets\archive (1)\clean_images\cattle\kangayam\kangayam_0004.jpg,cattle,kangayam,cattle_kangayam
D:\B.Tech\CE-AI\Sem 7\MP\Datasets\archive (1)\clean_images\cattle\gir\gir_0612.jpg,cattle,gir,cattle_gir
D:\B.Tech\CE-AI\Sem 7\MP\Datasets\archive (1)\clean_images\cattle\krishna_valley\krishna_valley_0026.jpg,cattle,krishna_valley,cattle_krishna_valley
D:\B.Tech\CE-AI\Sem 7\MP\Datasets\archive (1)\clean_images\cattle\amritmahal\amritmahal_0121.png,cattle,amritmahal,cattle_amritmahal
D:\B.Tech\CE-AI\Sem 7\MP\Datasets\archive (1)\clean_images\cattle\gir\gir_0550.jpg,cattle,gir,cattle_gir
D:\B.Tech\CE-AI\Sem 7\MP\Datasets\archive (1)\clean_images\cattle\gir\gir_0183.jpg,cattle,gir,cattle_gir
D:\B.Tech\CE-AI\Sem 7\MP\Datasets\archive (1)\clean_images\buffalo\toda\toda_0055.jpg,buffalo,toda,buffalo_toda
D:\B.Tech\CE-AI\Sem 7\MP\Datasets\archive (1)\clean_images\cattle\rathi\rathi_0068.jpg,cattle,rathi,cattle_rathi
D:\B.Tech\CE-AI\Sem 7\MP\Datasets\archive (1)\clean_images\buffalo\mehsana\mehsana_0004.jpg,buffalo,mehsana,buffalo_mehsana
D:\B.Tech\CE-AI\Sem 7\MP\Datasets\archive (1)\clean_images\cattle\holstein-friesian\holstein-friesian_0131.jpg,cattle,holstein-friesian,cattle_holstein-friesian
D:\B.Tech\CE-AI\Sem 7\MP\Datasets\archive (1)\clean_images\cattle\ayrshire\ayrshire_0440.jpg,cattle,ayrshire,cattle_ayrshire
D:\B.Tech\CE-AI\Sem 7\MP\Datasets\archive (1)\clean_images\cattle\ongole\ongole_0138.png,cattle,ongole,cattle_ongole
D:\B.Tech\CE-AI\Sem 7\MP\Datasets\archive (1)\clean_images\cattle\red_sindhi\red_sindhi_0007.jpg,cattle,red_sindhi,cattle_red_sindhi
D:\B.Tech\CE-AI\Sem 7\MP\Datasets\archive (1)\clean_images\cattle\rathi\rathi_0035.jpg,cattle,rathi,cattle_rathi
D:\B.Tech\CE-AI\Sem 7\MP\Datasets\archive (1)\clean_images\cattle\ayrshire\ayrshire_0281.jpg,cattle,ayrshire,cattle_ayrshire
D:\B.Tech\CE-AI\Sem 7\MP\Datasets\archive (1)\clean_images\cattle\red_sindhi\red_sindhi_0027.png,cattle,red_sindhi,cattle_red_sindhi
D:\B.Tech\CE-AI\Sem 7\MP\Datasets\archive (1)\clean_images\cattle\ongole\ongole_0042.png,cattle,ongole,cattle_ongole
D:\B.Tech\CE-AI\Sem 7\MP\Datasets\archive (1)\clean_images\cattle\gir\gir_0014.jpg,cattle,gir,cattle_gir
D:\B.Tech\CE-AI\Sem 7\MP\Datasets\archive (1)\clean_images\cattle\rathi\rathi_0106.jpg,cattle,rathi,cattle_rathi
D:\B.Tech\CE-AI\Sem 7\MP\Datasets\archive (1)\clean_images\cattle\holstein-friesian\holstein-friesian_0294.jpg,cattle,holstein-friesian,cattle_holstein-friesian
D:\B.Tech\CE-AI\Sem 7\MP\Datasets\archive (1)\clean_images\cattle\vechur\vechur_0089.jpg,cattle,vechur,cattle_vechur
D:\B.Tech\CE-AI\Sem 7\MP\Datasets\archive (1)\clean_images\cattle\sahiwal\sahiwal_0274.png,cattle,sahiwal,cattle_sahiwal
D:\B.Tech\CE-AI\Sem 7\MP\Datasets\archive (1)\clean_images\cattle\sahiwal\sahiwal_0190.png,cattle,sahiwal,cattle_sahiwal
D:\B.Tech\CE-AI\Sem 7\MP\Datasets\archive (1)\clean_images\buffalo\bargur\bargur_0111.jpg,buffalo,bargur,buffalo_bargur
D:\B.Tech\CE-AI\Sem 7\MP\Datasets\archive (1)\clean_images\cattle\hariana\hariana_0047.jpg,cattle,hariana,cattle_hariana
D:\B.Tech\CE-AI\Sem 7\MP\Datasets\archive (1)\clean_images\cattle\gir\gir_0617.jpg,cattle,gir,cattle_gir
D:\B.Tech\CE-AI\Sem 7\MP\Datasets\archive (1)\clean_images\cattle\jersey\jersey_0069.jpg,cattle,jersey,cattle_jersey
D:\B.Tech\CE-AI\Sem 7\MP\Datasets\archive (1)\clean_images\cattle\kankrej\kankrej_0081.jpg,cattle,kankrej,cattle_kankrej
D:\B.Tech\CE-AI\Sem 7\MP\Datasets\archive (1)\clean_images\cattle\dangi\dangi_0064.jpg,cattle,dangi,cattle_dangi
D:\B.Tech\CE-AI\Sem 7\MP\Datasets\archive (1)\clean_images\buffalo\murrah\murrah_0131.jpg,buffalo,murrah,buffalo_murrah
D:\B.Tech\CE-AI\Sem 7\MP\Datasets\archive (1)\clean_images\cattle\khillar\khillar_0066.jpg,cattle,khillar,cattle_khillar
D:\B.Tech\CE-AI\Sem 7\MP\Datasets\archive (1)\clean_images\cattle\malnad_gidda\malnad_gidda_0113.png,cattle,malnad_gidda,cattle_malnad_gidda
D:\B.Tech\CE-AI\Sem 7\MP\Datasets\archive (1)\clean_images\cattle\holstein-friesian\holstein-friesian_0021.jpg,cattle,holstein-friesian,cattle_holstein-friesian
D:\B.Tech\CE-AI\Sem 7\MP\Datasets\archive (1)\clean_images\cattle\hallikar\hallikar_0112.jpg,cattle,hallikar,cattle_hallikar
D:\B.Tech\CE-AI\Sem 7\MP\Datasets\archive (1)\clean_images\cattle\brown_swiss\brown_swiss_0263.jpg,cattle,brown_swiss,cattle_brown_swiss
D:\B.Tech\CE-AI\Sem 7\MP\Datasets\archive (1)\clean_images\cattle\ayrshire\ayrshire_0713.jpg,cattle,ayrshire,cattle_ayrshire
D:\B.Tech\CE-AI\Sem 7\MP\Datasets\archive (1)\clean_images\cattle\umblachery\umblachery_0019.png,cattle,umblachery,cattle_umblachery
D:\B.Tech\CE-AI\Sem 7\MP\Datasets\archive (1)\clean_images\cattle\guernsey\guernsey_0148.jpg,cattle,guernsey,cattle_guernsey
D:\B.Tech\CE-AI\Sem 7\MP\Datasets\archive (1)\clean_images\cattle\hallikar\hallikar_0253.png,cattle,hallikar,cattle_hallikar
D:\B.Tech\CE-AI\Sem 7\MP\Datasets\archive (1)\clean_images\cattle\kankrej\kankrej_0123.png,cattle,kankrej,cattle_kankrej
D:\B.Tech\CE-AI\Sem 7\MP\Datasets\archive (1)\clean_images\cattle\gir\gir_0555.jpg,cattle,gir,cattle_gir
D:\B.Tech\CE-AI\Sem 7\MP\Datasets\archive (1)\clean_images\cattle\brown_swiss\brown_swiss_0098.jpg,cattle,brown_swiss,cattle_brown_swiss
D:\B.Tech\CE-AI\Sem 7\MP\Datasets\archive (1)\clean_images\buffalo\bargur\bargur_0042.jpg,buffalo,bargur,buffalo_bargur
D:\B.Tech\CE-AI\Sem 7\MP\Datasets\archive (1)\clean_images\cattle\hallikar\hallikar_0201.jpg,cattle,hallikar,cattle_hallikar
D:\B.Tech\CE-AI\Sem 7\MP\Datasets\archive (1)\clean_images\cattle\amritmahal\amritmahal_0152.png,cattle,amritmahal,cattle_amritmahal
D:\B.Tech\CE-AI\Sem 7\MP\Datasets\archive (1)\clean_images\cattle\pulikulam\pulikulam_0124.jpg,cattle,pulikulam,cattle_pulikulam
D:\B.Tech\CE-AI\Sem 7\MP\Datasets\archive (1)\clean_images\buffalo\bargur\bargur_0052.jpg,buffalo,bargur,buffalo_bargur
D:\B.Tech\CE-AI\Sem 7\MP\Datasets\archive (1)\clean_images\cattle\guernsey\guernsey_0187.jpg,cattle,guernsey,cattle_guernsey
D:\B.Tech\CE-AI\Sem 7\MP\Datasets\archive (1)\clean_images\cattle\brown_swiss\brown_swiss_0296.jpg,cattle,brown_swiss,cattle_brown_swiss
D:\B.Tech\CE-AI\Sem 7\MP\Datasets\archive (1)\clean_images\cattle\sahiwal\sahiwal_0299.jpg,cattle,sahiwal,cattle_sahiwal
D:\B.Tech\CE-AI\Sem 7\MP\Datasets\archive (1)\clean_images\cattle\holstein-friesian\holstein-friesian_0089.jpg,cattle,holstein-friesian,cattle_holstein-friesian
D:\B.Tech\CE-AI\Sem 7\MP\Datasets\archive (1)\clean_images\cattle\holstein-friesian\holstein-friesian_0177.jpg,cattle,holstein-friesian,cattle_holstein-friesian
D:\B.Tech\CE-AI\Sem 7\MP\Datasets\archive (1)\clean_images\buffalo\bhadawari\bhadawari_0125.jpg,buffalo,bhadawari,buffalo_bhadawari
D:\B.Tech\CE-AI\Sem 7\MP\Datasets\archive (1)\clean_images\cattle\gir\gir_0296.jpg,cattle,gir,cattle_gir
D:\B.Tech\CE-AI\Sem 7\MP\Datasets\archive (1)\clean_images\cattle\malnad_gidda\malnad_gidda_0070.png,cattle,malnad_gidda,cattle_malnad_gidda
D:\B.Tech\CE-AI\Sem 7\MP\Datasets\archive (1)\clean_images\buffalo\alambadi\alambadi_0154.jpg,buffalo,alambadi,buffalo_alambadi
D:\B.Tech\CE-AI\Sem 7\MP\Datasets\archive (1)\clean_images\buffalo\nagpuri\nagpuri_0024.jpg,buffalo,nagpuri,buffalo_nagpuri
D:\B.Tech\CE-AI\Sem 7\MP\Datasets\archive (1)\clean_images\cattle\sahiwal\sahiwal_0163.jpg,cattle,sahiwal,cattle_sahiwal
D:\B.Tech\CE-AI\Sem 7\MP\Datasets\archive (1)\clean_images\cattle\deoni\deoni_0154.jpg,cattle,deoni,cattle_deoni
D:\B.Tech\CE-AI\Sem 7\MP\Datasets\archive (1)\clean_images\cattle\amritmahal\amritmahal_0128.png,cattle,amritmahal,cattle_amritmahal
D:\B.Tech\CE-AI\Sem 7\MP\Datasets\archive (1)\clean_images\cattle\dangi\dangi_0014.jpg,cattle,dangi,cattle_dangi
D:\B.Tech\CE-AI\Sem 7\MP\Datasets\archive (1)\clean_images\buffalo\alambadi\alambadi_0105.jpg,buffalo,alambadi,buffalo_alambadi
D:\B.Tech\CE-AI\Sem 7\MP\Datasets\archive (1)\clean_images\cattle\guernsey\guernsey_0004.jpg,cattle,guernsey,cattle_guernsey
D:\B.Tech\CE-AI\Sem 7\MP\Datasets\archive (1)\clean_images\cattle\sahiwal\sahiwal_0336.jpeg,cattle,sahiwal,cattle_sahiwal
D:\B.Tech\CE-AI\Sem 7\MP\Datasets\archive (1)\clean_images\cattle\krishna_valley\krishna_valley_0106.jpg,cattle,krishna_valley,cattle_krishna_valley
D:\B.Tech\CE-AI\Sem 7\MP\Datasets\archive (1)\clean_images\cattle\gir\gir_0302.jpg,cattle,gir,cattle_gir
D:\B.Tech\CE-AI\Sem 7\MP\Datasets\archive (1)\clean_images\cattle\ayrshire\ayrshire_0627.jpg,cattle,ayrshire,cattle_ayrshire
D:\B.Tech\CE-AI\Sem 7\MP\Datasets\archive (1)\clean_images\cattle\krishna_valley\krishna_valley_0095.jpg,cattle,krishna_valley,cattle_krishna_valley
D:\B.Tech\CE-AI\Sem 7\MP\Datasets\archive (1)\clean_images\cattle\sahiwal\sahiwal_0317.png,cattle,sahiwal,cattle_sahiwal
D:\B.Tech\CE-AI\Sem 7\MP\Datasets\archive (1)\clean_images\cattle\holstein-friesian\holstein-friesian_0518.jpg,cattle,holstein-friesian,cattle_holstein-friesian
D:\B.Tech\CE-AI\Sem 7\MP\Datasets\archive (1)\clean_images\cattle\krishna_valley\krishna_valley_0058.jpg,cattle,krishna_valley,cattle_krishna_valley
D:\B.Tech\CE-AI\Sem 7\MP\Datasets\archive (1)\clean_images\cattle\nagori\nagori_0087.png,cattle,nagori,cattle_nagori
D:\B.Tech\CE-AI\Sem 7\MP\Datasets\archive (1)\clean_images\cattle\brown_swiss\brown_swiss_0194.jpg,cattle,brown_swiss,cattle_brown_swiss
D:\B.Tech\CE-AI\Sem 7\MP\Datasets\archive (1)\clean_images\buffalo\alambadi\alambadi_0182.png,buffalo,alambadi,buffalo_alambadi
D:\B.Tech\CE-AI\Sem 7\MP\Datasets\archive (1)\clean_images\cattle\holstein-friesian\holstein-friesian_0035.jpg,cattle,holstein-friesian,cattle_holstein-friesian
D:\B.Tech\CE-AI\Sem 7\MP\Datasets\archive (1)\clean_images\cattle\sahiwal\sahiwal_0178.jpg,cattle,sahiwal,cattle_sahiwal
D:\B.Tech\CE-AI\Sem 7\MP\Datasets\archive (1)\clean_images\cattle\gir\gir_0361.jpg,cattle,gir,cattle_gir
D:\B.Tech\CE-AI\Sem 7\MP\Datasets\archive (1)\clean_images\cattle\tharparkar\tharparkar_0150.png,cattle,tharparkar,cattle_tharparkar
D:\B.Tech\CE-AI\Sem 7\MP\Datasets\archive (1)\clean_images\cattle\guernsey\guernsey_0212.jpg,cattle,guernsey,cattle_guernsey
D:\B.Tech\CE-AI\Sem 7\MP\Datasets\archive (1)\clean_images\cattle\nimari\nimari_0031.jpg,cattle,nimari,cattle_nimari
D:\B.Tech\CE-AI\Sem 7\MP\Datasets\archive (1)\clean_images\cattle\brown_swiss\brown_swiss_0330.jpg,cattle,brown_swiss,cattle_brown_swiss
D:\B.Tech\CE-AI\Sem 7\MP\Datasets\archive (1)\clean_images\cattle\pulikulam\pulikulam_0033.jpg,cattle,pulikulam,cattle_pulikulam
D:\B.Tech\CE-AI\Sem 7\MP\Datasets\archive (1)\clean_images\cattle\tharparkar\tharparkar_0223.png,cattle,tharparkar,cattle_tharparkar
D:\B.Tech\CE-AI\Sem 7\MP\Datasets\archive (1)\clean_images\cattle\ayrshire\ayrshire_0213.jpg,cattle,ayrshire,cattle_ayrshire
D:\B.Tech\CE-AI\Sem 7\MP\Datasets\archive (1)\clean_images\cattle\holstein-friesian\holstein-friesian_0415.jpg,cattle,holstein-friesian,cattle_holstein-friesian
D:\B.Tech\CE-AI\Sem 7\MP\Datasets\archive (1)\clean_images\cattle\holstein-friesian\holstein-friesian_0024.jpg,cattle,holstein-friesian,cattle_holstein-friesian
D:\B.Tech\CE-AI\Sem 7\MP\Datasets\archive (1)\clean_images\cattle\ongole\ongole_0163.png,cattle,ongole,cattle_ongole
D:\B.Tech\CE-AI\Sem 7\MP\Datasets\archive (1)\clean_images\cattle\pulikulam\pulikulam_0101.jpg,cattle,pulikulam,cattle_pulikulam
D:\B.Tech\CE-AI\Sem 7\MP\Datasets\archive (1)\clean_images\cattle\ayrshire\ayrshire_0723.jpg,cattle,ayrshire,cattle_ayrshire
D:\B.Tech\CE-AI\Sem 7\MP\Datasets\archive (1)\clean_images\cattle\malnad_gidda\malnad_gidda_0102.png,cattle,malnad_gidda,cattle_malnad_gidda
D:\B.Tech\CE-AI\Sem 7\MP\Datasets\archive (1)\clean_images\buffalo\mehsana\mehsana_0043.png,buffalo,mehsana,buffalo_mehsana
D:\B.Tech\CE-AI\Sem 7\MP\Datasets\archive (1)\clean_images\cattle\pulikulam\pulikulam_0021.jpg,cattle,pulikulam,cattle_pulikulam
D:\B.Tech\CE-AI\Sem 7\MP\Datasets\archive (1)\clean_images\cattle\dangi\dangi_0096.png,cattle,dangi,cattle_dangi
D:\B.Tech\CE-AI\Sem 7\MP\Datasets\archive (1)\clean_images\cattle\gir\gir_0729.png,cattle,gir,cattle_gir
D:\B.Tech\CE-AI\Sem 7\MP\Datasets\archive (1)\clean_images\cattle\kankrej\kankrej_0035.jpg,cattle,kankrej,cattle_kankrej
D:\B.Tech\CE-AI\Sem 7\MP\Datasets\archive (1)\clean_images\cattle\hallikar\hallikar_0195.jpg,cattle,hallikar,cattle_hallikar
D:\B.Tech\CE-AI\Sem 7\MP\Datasets\archive (1)\clean_images\cattle\rathi\rathi_0067.png,cattle,rathi,cattle_rathi
D:\B.Tech\CE-AI\Sem 7\MP\Datasets\archive (1)\clean_images\cattle\amritmahal\amritmahal_0193.png,cattle,amritmahal,cattle_amritmahal
D:\B.Tech\CE-AI\Sem 7\MP\Datasets\archive (1)\clean_images\cattle\deoni\deoni_0009.jpg,cattle,deoni,cattle_deoni
D:\B.Tech\CE-AI\Sem 7\MP\Datasets\archive (1)\clean_images\cattle\holstein-friesian\holstein-friesian_0172.jpg,cattle,holstein-friesian,cattle_holstein-friesian
D:\B.Tech\CE-AI\Sem 7\MP\Datasets\archive (1)\clean_images\buffalo\jaffarabadi\jaffarabadi_0047.png,buffalo,jaffarabadi,buffalo_jaffarabadi
D:\B.Tech\CE-AI\Sem 7\MP\Datasets\archive (1)\clean_images\cattle\bargur\bargur_0012.png,cattle,bargur,cattle_bargur
D:\B.Tech\CE-AI\Sem 7\MP\Datasets\archive (1)\clean_images\cattle\nagori\nagori_0022.jpg,cattle,nagori,cattle_nagori
D:\B.Tech\CE-AI\Sem 7\MP\Datasets\archive (1)\clean_images\cattle\ayrshire\ayrshire_0222.jpg,cattle,ayrshire,cattle_ayrshire
D:\B.Tech\CE-AI\Sem 7\MP\Datasets\archive (1)\clean_images\cattle\ongole\ongole_0184.png,cattle,ongole,cattle_ongole
D:\B.Tech\CE-AI\Sem 7\MP\Datasets\archive (1)\clean_images\buffalo\toda\toda_0037.jpg,buffalo,toda,buffalo_toda
D:\B.Tech\CE-AI\Sem 7\MP\Datasets\archive (1)\clean_images\buffalo\banni\banni_0065.jpg,buffalo,banni,buffalo_banni
D:\B.Tech\CE-AI\Sem 7\MP\Datasets\archive (1)\clean_images\buffalo\banni\banni_0040.jpg,buffalo,banni,buffalo_banni
D:\B.Tech\CE-AI\Sem 7\MP\Datasets\archive (1)\clean_images\buffalo\toda\toda_0039.jpg,buffalo,toda,buffalo_toda
D:\B.Tech\CE-AI\Sem 7\MP\Datasets\archive (1)\clean_images\cattle\deoni\deoni_0114.jpg,cattle,deoni,cattle_deoni
D:\B.Tech\CE-AI\Sem 7\MP\Datasets\archive (1)\clean_images\buffalo\murrah\murrah_0063.jpg,buffalo,murrah,buffalo_murrah
D:\B.Tech\CE-AI\Sem 7\MP\Datasets\archive (1)\clean_images\cattle\kankrej\kankrej_0038.jpg,cattle,kankrej,cattle_kankrej
D:\B.Tech\CE-AI\Sem 7\MP\Datasets\archive (1)\clean_images\buffalo\murrah\murrah_0143.jpg,buffalo,murrah,buffalo_murrah
D:\B.Tech\CE-AI\Sem 7\MP\Datasets\archive (1)\clean_images\cattle\nimari\nimari_0035.jpg,cattle,nimari,cattle_nimari
D:\B.Tech\CE-AI\Sem 7\MP\Datasets\archive (1)\clean_images\buffalo\toda\toda_0005.jpg,buffalo,toda,buffalo_toda
D:\B.Tech\CE-AI\Sem 7\MP\Datasets\archive (1)\clean_images\cattle\ayrshire\ayrshire_0380.jpg,cattle,ayrshire,cattle_ayrshire
D:\B.Tech\CE-AI\Sem 7\MP\Datasets\archive (1)\clean_images\cattle\jersey\jersey_0161.jpg,cattle,jersey,cattle_jersey
D:\B.Tech\CE-AI\Sem 7\MP\Datasets\archive (1)\clean_images\cattle\kangayam\kangayam_0088.png,cattle,kangayam,cattle_kangayam
D:\B.Tech\CE-AI\Sem 7\MP\Datasets\archive (1)\clean_images\cattle\brown_swiss\brown_swiss_0434.jpg,cattle,brown_swiss,cattle_brown_swiss
D:\B.Tech\CE-AI\Sem 7\MP\Datasets\archive (1)\clean_images\buffalo\jaffarabadi\jaffarabadi_0086.jpg,buffalo,jaffarabadi,buffalo_jaffarabadi
D:\B.Tech\CE-AI\Sem 7\MP\Datasets\archive (1)\clean_images\cattle\ayrshire\ayrshire_0170.jpg,cattle,ayrshire,cattle_ayrshire
D:\B.Tech\CE-AI\Sem 7\MP\Datasets\archive (1)\clean_images\cattle\red_sindhi\red_sindhi_0098.jpg,cattle,red_sindhi,cattle_red_sindhi
D:\B.Tech\CE-AI\Sem 7\MP\Datasets\archive (1)\clean_images\cattle\rathi\rathi_0140.png,cattle,rathi,cattle_rathi
D:\B.Tech\CE-AI\Sem 7\MP\Datasets\archive (1)\clean_images\cattle\guernsey\guernsey_0241.jpg,cattle,guernsey,cattle_guernsey
D:\B.Tech\CE-AI\Sem 7\MP\Datasets\archive (1)\clean_images\buffalo\murrah\murrah_0058.jpg,buffalo,murrah,buffalo_murrah
D:\B.Tech\CE-AI\Sem 7\MP\Datasets\archive (1)\clean_images\cattle\tharparkar\tharparkar_0147.jpg,cattle,tharparkar,cattle_tharparkar
D:\B.Tech\CE-AI\Sem 7\MP\Datasets\archive (1)\clean_images\cattle\nimari\nimari_0043.jpg,cattle,nimari,cattle_nimari
D:\B.Tech\CE-AI\Sem 7\MP\Datasets\archive (1)\clean_images\buffalo\nagpuri\nagpuri_0049.jpg,buffalo,nagpuri,buffalo_nagpuri
D:\B.Tech\CE-AI\Sem 7\MP\Datasets\archive (1)\clean_images\cattle\sahiwal\sahiwal_0086.jpg,cattle,sahiwal,cattle_sahiwal
D:\B.Tech\CE-AI\Sem 7\MP\Datasets\archive (1)\clean_images\cattle\red_sindhi\red_sindhi_0127.jpg,cattle,red_sindhi,cattle_red_sindhi
D:\B.Tech\CE-AI\Sem 7\MP\Datasets\archive (1)\clean_images\cattle\malnad_gidda\malnad_gidda_0046.jpg,cattle,malnad_gidda,cattle_malnad_gidda
D:\B.Tech\CE-AI\Sem 7\MP\Datasets\archive (1)\clean_images\cattle\guernsey\guernsey_0215.jpg,cattle,guernsey,cattle_guernsey
D:\B.Tech\CE-AI\Sem 7\MP\Datasets\archive (1)\clean_images\buffalo\jaffarabadi\jaffarabadi_0106.jpg,buffalo,jaffarabadi,buffalo_jaffarabadi
D:\B.Tech\CE-AI\Sem 7\MP\Datasets\archive (1)\clean_images\cattle\vechur\vechur_0012.jpg,cattle,vechur,cattle_vechur
D:\B.Tech\CE-AI\Sem 7\MP\Datasets\archive (1)\clean_images\buffalo\alambadi\alambadi_0091.jpg,buffalo,alambadi,buffalo_alambadi
D:\B.Tech\CE-AI\Sem 7\MP\Datasets\archive (1)\clean_images\cattle\gir\gir_0251.jpg,cattle,gir,cattle_gir
D:\B.Tech\CE-AI\Sem 7\MP\Datasets\archive (1)\clean_images\cattle\sahiwal\sahiwal_0053.jpg,cattle,sahiwal,cattle_sahiwal
D:\B.Tech\CE-AI\Sem 7\MP\Datasets\archive (1)\clean_images\cattle\gir\gir_0244.jpg,cattle,gir,cattle_gir
D:\B.Tech\CE-AI\Sem 7\MP\Datasets\archive (1)\clean_images\buffalo\banni\banni_0109.jpg,buffalo,banni,buffalo_banni
D:\B.Tech\CE-AI\Sem 7\MP\Datasets\archive (1)\clean_images\cattle\jersey\jersey_0027.jpg,cattle,jersey,cattle_jersey
D:\B.Tech\CE-AI\Sem 7\MP\Datasets\archive (1)\clean_images\cattle\gir\gir_0034.jpg,cattle,gir,cattle_gir
D:\B.Tech\CE-AI\Sem 7\MP\Datasets\archive (1)\clean_images\cattle\ayrshire\ayrshire_0065.jpg,cattle,ayrshire,cattle_ayrshire
D:\B.Tech\CE-AI\Sem 7\MP\Datasets\archive (1)\clean_images\cattle\ayrshire\ayrshire_0043.jpg,cattle,ayrshire,cattle_ayrshire
D:\B.Tech\CE-AI\Sem 7\MP\Datasets\archive (1)\clean_images\cattle\khillar\khillar_0079.jpg,cattle,khillar,cattle_khillar
D:\B.Tech\CE-AI\Sem 7\MP\Datasets\archive (1)\clean_images\cattle\jersey\jersey_0006.jpg,cattle,jersey,cattle_jersey
D:\B.Tech\CE-AI\Sem 7\MP\Datasets\archive (1)\clean_images\cattle\holstein-friesian\holstein-friesian_0281.jpg,cattle,holstein-friesian,cattle_holstein-friesian
D:\B.Tech\CE-AI\Sem 7\MP\Datasets\archive (1)\clean_images\cattle\ayrshire\ayrshire_0707.jpg,cattle,ayrshire,cattle_ayrshire
D:\B.Tech\CE-AI\Sem 7\MP\Datasets\archive (1)\clean_images\cattle\sahiwal\sahiwal_0059.jpg,cattle,sahiwal,cattle_sahiwal
D:\B.Tech\CE-AI\Sem 7\MP\Datasets\archive (1)\clean_images\cattle\gir\gir_0266.jpg,cattle,gir,cattle_gir
D:\B.Tech\CE-AI\Sem 7\MP\Datasets\archive (1)\clean_images\cattle\jersey\jersey_0087.jpg,cattle,jersey,cattle_jersey
D:\B.Tech\CE-AI\Sem 7\MP\Datasets\archive (1)\clean_images\buffalo\bhadawari\bhadawari_0087.jpg,buffalo,bhadawari,buffalo_bhadawari
D:\B.Tech\CE-AI\Sem 7\MP\Datasets\archive (1)\clean_images\cattle\holstein-friesian\holstein-friesian_0516.jpg,cattle,holstein-friesian,cattle_holstein-friesian
D:\B.Tech\CE-AI\Sem 7\MP\Datasets\archive (1)\clean_images\buffalo\bhadawari\bhadawari_0060.jpg,buffalo,bhadawari,buffalo_bhadawari
D:\B.Tech\CE-AI\Sem 7\MP\Datasets\archive (1)\clean_images\cattle\kankrej\kankrej_0013.jpg,cattle,kankrej,cattle_kankrej
D:\B.Tech\CE-AI\Sem 7\MP\Datasets\archive (1)\clean_images\buffalo\murrah\murrah_0076.jpg,buffalo,murrah,buffalo_murrah
D:\B.Tech\CE-AI\Sem 7\MP\Datasets\archive (1)\clean_images\cattle\kankrej\kankrej_0147.png,cattle,kankrej,cattle_kankrej
D:\B.Tech\CE-AI\Sem 7\MP\Datasets\archive (1)\clean_images\buffalo\mehsana\mehsana_0105.gif,buffalo,mehsana,buffalo_mehsana
D:\B.Tech\CE-AI\Sem 7\MP\Datasets\archive (1)\clean_images\cattle\kankrej\kankrej_0145.png,cattle,kankrej,cattle_kankrej
D:\B.Tech\CE-AI\Sem 7\MP\Datasets\archive (1)\clean_images\cattle\gir\gir_0671.png,cattle,gir,cattle_gir
D:\B.Tech\CE-AI\Sem 7\MP\Datasets\archive (1)\clean_images\cattle\holstein-friesian\holstein-friesian_0085.jpg,cattle,holstein-friesian,cattle_holstein-friesian
D:\B.Tech\CE-AI\Sem 7\MP\Datasets\archive (1)\clean_images\cattle\vechur\vechur_0033.jpg,cattle,vechur,cattle_vechur
D:\B.Tech\CE-AI\Sem 7\MP\Datasets\archive (1)\clean_images\cattle\holstein-friesian\holstein-friesian_0437.jpg,cattle,holstein-friesian,cattle_holstein-friesian
D:\B.Tech\CE-AI\Sem 7\MP\Datasets\archive (1)\clean_images\cattle\holstein-friesian\holstein-friesian_0301.jpg,cattle,holstein-friesian,cattle_holstein-friesian
D:\B.Tech\CE-AI\Sem 7\MP\Datasets\archive (1)\clean_images\cattle\guernsey\guernsey_0222.jpg,cattle,guernsey,cattle_guernsey
D:\B.Tech\CE-AI\Sem 7\MP\Datasets\archive (1)\clean_images\cattle\holstein-friesian\holstein-friesian_0213.jpg,cattle,holstein-friesian,cattle_holstein-friesian
D:\B.Tech\CE-AI\Sem 7\MP\Datasets\archive (1)\clean_images\cattle\ayrshire\ayrshire_0215.jpg,cattle,ayrshire,cattle_ayrshire
D:\B.Tech\CE-AI\Sem 7\MP\Datasets\archive (1)\clean_images\cattle\tharparkar\tharparkar_0142.jpg,cattle,tharparkar,cattle_tharparkar
D:\B.Tech\CE-AI\Sem 7\MP\Datasets\archive (1)\clean_images\buffalo\toda\toda_0054.jpg,buffalo,toda,buffalo_toda
D:\B.Tech\CE-AI\Sem 7\MP\Datasets\archive (1)\clean_images\buffalo\murrah\murrah_0183.png,buffalo,murrah,buffalo_murrah
D:\B.Tech\CE-AI\Sem 7\MP\Datasets\archive (1)\clean_images\cattle\vechur\vechur_0131.png,cattle,vechur,cattle_vechur
D:\B.Tech\CE-AI\Sem 7\MP\Datasets\archive (1)\clean_images\cattle\brown_swiss\brown_swiss_0016.jpg,cattle,brown_swiss,cattle_brown_swiss
D:\B.Tech\CE-AI\Sem 7\MP\Datasets\archive (1)\clean_images\cattle\deoni\deoni_0070.jpg,cattle,deoni,cattle_deoni
D:\B.Tech\CE-AI\Sem 7\MP\Datasets\archive (1)\clean_images\cattle\brown_swiss\brown_swiss_0009.jpg,cattle,brown_swiss,cattle_brown_swiss
D:\B.Tech\CE-AI\Sem 7\MP\Datasets\archive (1)\clean_images\cattle\sahiwal\sahiwal_0048.jpg,cattle,sahiwal,cattle_sahiwal
D:\B.Tech\CE-AI\Sem 7\MP\Datasets\archive (1)\clean_images\cattle\holstein-friesian\holstein-friesian_0321.jpg,cattle,holstein-friesian,cattle_holstein-friesian
D:\B.Tech\CE-AI\Sem 7\MP\Datasets\archive (1)\clean_images\cattle\gir\gir_0707.jpg,cattle,gir,cattle_gir
D:\B.Tech\CE-AI\Sem 7\MP\Datasets\archive (1)\clean_images\cattle\ayrshire\ayrshire_0006.jpg,cattle,ayrshire,cattle_ayrshire
D:\B.Tech\CE-AI\Sem 7\MP\Datasets\archive (1)\clean_images\cattle\guernsey\guernsey_0108.jpg,cattle,guernsey,cattle_guernsey
D:\B.Tech\CE-AI\Sem 7\MP\Datasets\archive (1)\clean_images\cattle\holstein-friesian\holstein-friesian_0106.jpg,cattle,holstein-friesian,cattle_holstein-friesian
D:\B.Tech\CE-AI\Sem 7\MP\Datasets\archive (1)\clean_images\cattle\kangayam\kangayam_0093.jpg,cattle,kangayam,cattle_kangayam
D:\B.Tech\CE-AI\Sem 7\MP\Datasets\archive (1)\clean_images\cattle\ayrshire\ayrshire_0486.jpg,cattle,ayrshire,cattle_ayrshire
D:\B.Tech\CE-AI\Sem 7\MP\Datasets\archive (1)\clean_images\cattle\ayrshire\ayrshire_0599.jpg,cattle,ayrshire,cattle_ayrshire
D:\B.Tech\CE-AI\Sem 7\MP\Datasets\archive (1)\clean_images\cattle\amritmahal\amritmahal_0179.jpg,cattle,amritmahal,cattle_amritmahal
D:\B.Tech\CE-AI\Sem 7\MP\Datasets\archive (1)\clean_images\cattle\tharparkar\tharparkar_0220.jpg,cattle,tharparkar,cattle_tharparkar
D:\B.Tech\CE-AI\Sem 7\MP\Datasets\archive (1)\clean_images\cattle\kankrej\kankrej_0150.jpg,cattle,kankrej,cattle_kankrej
D:\B.Tech\CE-AI\Sem 7\MP\Datasets\archive (1)\clean_images\cattle\deoni\deoni_0096.jpg,cattle,deoni,cattle_deoni
D:\B.Tech\CE-AI\Sem 7\MP\Datasets\archive (1)\clean_images\cattle\ongole\ongole_0020.png,cattle,ongole,cattle_ongole
D:\B.Tech\CE-AI\Sem 7\MP\Datasets\archive (1)\clean_images\cattle\ayrshire\ayrshire_0108.jpg,cattle,ayrshire,cattle_ayrshire
D:\B.Tech\CE-AI\Sem 7\MP\Datasets\archive (1)\clean_images\cattle\gir\gir_0171.jpg,cattle,gir,cattle_gir
D:\B.Tech\CE-AI\Sem 7\MP\Datasets\archive (1)\clean_images\cattle\gir\gir_0240.jpg,cattle,gir,cattle_gir
D:\B.Tech\CE-AI\Sem 7\MP\Datasets\archive (1)\clean_images\cattle\hariana\hariana_0075.png,cattle,hariana,cattle_hariana
D:\B.Tech\CE-AI\Sem 7\MP\Datasets\archive (1)\clean_images\cattle\bargur\bargur_0064.jpg,cattle,bargur,cattle_bargur
D:\B.Tech\CE-AI\Sem 7\MP\Datasets\archive (1)\clean_images\cattle\holstein-friesian\holstein-friesian_0025.jpg,cattle,holstein-friesian,cattle_holstein-friesian
D:\B.Tech\CE-AI\Sem 7\MP\Datasets\archive (1)\clean_images\cattle\nagori\nagori_0057.png,cattle,nagori,cattle_nagori
D:\B.Tech\CE-AI\Sem 7\MP\Datasets\archive (1)\clean_images\buffalo\alambadi\alambadi_0148.png,buffalo,alambadi,buffalo_alambadi
D:\B.Tech\CE-AI\Sem 7\MP\Datasets\archive (1)\clean_images\cattle\holstein-friesian\holstein-friesian_0547.jpg,cattle,holstein-friesian,cattle_holstein-friesian
D:\B.Tech\CE-AI\Sem 7\MP\Datasets\archive (1)\clean_images\cattle\jersey\jersey_0203.jpg,cattle,jersey,cattle_jersey
D:\B.Tech\CE-AI\Sem 7\MP\Datasets\archive (1)\clean_images\cattle\red_sindhi\red_sindhi_0129.jpg,cattle,red_sindhi,cattle_red_sindhi
D:\B.Tech\CE-AI\Sem 7\MP\Datasets\archive (1)\clean_images\cattle\red_sindhi\red_sindhi_0155.jpg,cattle,red_sindhi,cattle_red_sindhi
D:\B.Tech\CE-AI\Sem 7\MP\Datasets\archive (1)\clean_images\cattle\deoni\deoni_0108.jpg,cattle,deoni,cattle_deoni
D:\B.Tech\CE-AI\Sem 7\MP\Datasets\archive (1)\clean_images\cattle\gir\gir_0346.jpg,cattle,gir,cattle_gir
D:\B.Tech\CE-AI\Sem 7\MP\Datasets\archive (1)\clean_images\cattle\gir\gir_0098.jpg,cattle,gir,cattle_gir
D:\B.Tech\CE-AI\Sem 7\MP\Datasets\archive (1)\clean_images\cattle\sahiwal\sahiwal_0419.jpg,cattle,sahiwal,cattle_sahiwal
D:\B.Tech\CE-AI\Sem 7\MP\Datasets\archive (1)\clean_images\cattle\sahiwal\sahiwal_0269.jpg,cattle,sahiwal,cattle_sahiwal
D:\B.Tech\CE-AI\Sem 7\MP\Datasets\archive (1)\clean_images\buffalo\mehsana\mehsana_0060.png,buffalo,mehsana,buffalo_mehsana
D:\B.Tech\CE-AI\Sem 7\MP\Datasets\archive (1)\clean_images\cattle\malnad_gidda\malnad_gidda_0063.png,cattle,malnad_gidda,cattle_malnad_gidda
D:\B.Tech\CE-AI\Sem 7\MP\Datasets\archive (1)\clean_images\cattle\ongole\ongole_0151.jpg,cattle,ongole,cattle_ongole
D:\B.Tech\CE-AI\Sem 7\MP\Datasets\archive (1)\clean_images\cattle\ayrshire\ayrshire_0269.jpg,cattle,ayrshire,cattle_ayrshire
D:\B.Tech\CE-AI\Sem 7\MP\Datasets\archive (1)\clean_images\buffalo\bargur\bargur_0036.jpg,buffalo,bargur,buffalo_bargur
D:\B.Tech\CE-AI\Sem 7\MP\Datasets\archive (1)\clean_images\cattle\gir\gir_0390.jpg,cattle,gir,cattle_gir
D:\B.Tech\CE-AI\Sem 7\MP\Datasets\archive (1)\clean_images\cattle\holstein-friesian\holstein-friesian_0145.jpg,cattle,holstein-friesian,cattle_holstein-friesian
D:\B.Tech\CE-AI\Sem 7\MP\Datasets\archive (1)\clean_images\cattle\kenkatha\kenkatha_0005.jpg,cattle,kenkatha,cattle_kenkatha
D:\B.Tech\CE-AI\Sem 7\MP\Datasets\archive (1)\clean_images\cattle\hallikar\hallikar_0213.jpg,cattle,hallikar,cattle_hallikar
D:\B.Tech\CE-AI\Sem 7\MP\Datasets\archive (1)\clean_images\cattle\gir\gir_0205.jpg,cattle,gir,cattle_gir
D:\B.Tech\CE-AI\Sem 7\MP\Datasets\archive (1)\clean_images\buffalo\nili_ravi\nili_ravi_0076.png,buffalo,nili_ravi,buffalo_nili_ravi
D:\B.Tech\CE-AI\Sem 7\MP\Datasets\archive (1)\clean_images\cattle\rathi\rathi_0104.jpg,cattle,rathi,cattle_rathi
D:\B.Tech\CE-AI\Sem 7\MP\Datasets\archive (1)\clean_images\cattle\hallikar\hallikar_0275.png,cattle,hallikar,cattle_hallikar
D:\B.Tech\CE-AI\Sem 7\MP\Datasets\archive (1)\clean_images\cattle\bargur\bargur_0061.jpg,cattle,bargur,cattle_bargur
D:\B.Tech\CE-AI\Sem 7\MP\Datasets\archive (1)\clean_images\cattle\gir\gir_0097.jpg,cattle,gir,cattle_gir
D:\B.Tech\CE-AI\Sem 7\MP\Datasets\archive (1)\clean_images\cattle\pulikulam\pulikulam_0009.jpg,cattle,pulikulam,cattle_pulikulam
D:\B.Tech\CE-AI\Sem 7\MP\Datasets\archive (1)\clean_images\cattle\ayrshire\ayrshire_0540.jpg,cattle,ayrshire,cattle_ayrshire
D:\B.Tech\CE-AI\Sem 7\MP\Datasets\archive (1)\clean_images\cattle\ayrshire\ayrshire_0528.jpg,cattle,ayrshire,cattle_ayrshire
D:\B.Tech\CE-AI\Sem 7\MP\Datasets\archive (1)\clean_images\cattle\gir\gir_0252.jpg,cattle,gir,cattle_gir
D:\B.Tech\CE-AI\Sem 7\MP\Datasets\archive (1)\clean_images\cattle\red_dane\red_dane_0146.jpg,cattle,red_dane,cattle_red_dane
D:\B.Tech\CE-AI\Sem 7\MP\Datasets\archive (1)\clean_images\cattle\umblachery\umblachery_0003.jpg,cattle,umblachery,cattle_umblachery
D:\B.Tech\CE-AI\Sem 7\MP\Datasets\archive (1)\clean_images\cattle\red_dane\red_dane_0089.jpg,cattle,red_dane,cattle_red_dane
D:\B.Tech\CE-AI\Sem 7\MP\Datasets\archive (1)\clean_images\cattle\rathi\rathi_0038.jpg,cattle,rathi,cattle_rathi
D:\B.Tech\CE-AI\Sem 7\MP\Datasets\archive (1)\clean_images\cattle\krishna_valley\krishna_valley_0126.jpg,cattle,krishna_valley,cattle_krishna_valley
D:\B.Tech\CE-AI\Sem 7\MP\Datasets\archive (1)\clean_images\cattle\deoni\deoni_0152.png,cattle,deoni,cattle_deoni
D:\B.Tech\CE-AI\Sem 7\MP\Datasets\archive (1)\clean_images\cattle\kherigarh\kherigarh_0018.jpg,cattle,kherigarh,cattle_kherigarh
D:\B.Tech\CE-AI\Sem 7\MP\Datasets\archive (1)\clean_images\cattle\holstein-friesian\holstein-friesian_0410.jpg,cattle,holstein-friesian,cattle_holstein-friesian
D:\B.Tech\CE-AI\Sem 7\MP\Datasets\archive (1)\clean_images\cattle\deoni\deoni_0022.jpg,cattle,deoni,cattle_deoni
D:\B.Tech\CE-AI\Sem 7\MP\Datasets\archive (1)\clean_images\cattle\gir\gir_0592.jpg,cattle,gir,cattle_gir
D:\B.Tech\CE-AI\Sem 7\MP\Datasets\archive (1)\clean_images\cattle\malnad_gidda\malnad_gidda_0008.jpg,cattle,malnad_gidda,cattle_malnad_gidda
D:\B.Tech\CE-AI\Sem 7\MP\Datasets\archive (1)\clean_images\cattle\brown_swiss\brown_swiss_0451.jpg,cattle,brown_swiss,cattle_brown_swiss
D:\B.Tech\CE-AI\Sem 7\MP\Datasets\archive (1)\clean_images\cattle\ongole\ongole_0006.jpg,cattle,ongole,cattle_ongole
D:\B.Tech\CE-AI\Sem 7\MP\Datasets\archive (1)\clean_images\cattle\tharparkar\tharparkar_0177.jpg,cattle,tharparkar,cattle_tharparkar
D:\B.Tech\CE-AI\Sem 7\MP\Datasets\archive (1)\clean_images\cattle\sahiwal\sahiwal_0244.jpg,cattle,sahiwal,cattle_sahiwal
D:\B.Tech\CE-AI\Sem 7\MP\Datasets\archive (1)\clean_images\cattle\jersey\jersey_0072.jpg,cattle,jersey,cattle_jersey
D:\B.Tech\CE-AI\Sem 7\MP\Datasets\archive (1)\clean_images\buffalo\bhadawari\bhadawari_0170.jpg,buffalo,bhadawari,buffalo_bhadawari
D:\B.Tech\CE-AI\Sem 7\MP\Datasets\archive (1)\clean_images\cattle\hariana\hariana_0001.jpg,cattle,hariana,cattle_hariana
D:\B.Tech\CE-AI\Sem 7\MP\Datasets\archive (1)\clean_images\buffalo\murrah\murrah_0001.jpg,buffalo,murrah,buffalo_murrah
D:\B.Tech\CE-AI\Sem 7\MP\Datasets\archive (1)\clean_images\cattle\pulikulam\pulikulam_0011.jpg,cattle,pulikulam,cattle_pulikulam
D:\B.Tech\CE-AI\Sem 7\MP\Datasets\archive (1)\clean_images\cattle\nimari\nimari_0023.jpg,cattle,nimari,cattle_nimari
D:\B.Tech\CE-AI\Sem 7\MP\Datasets\archive (1)\clean_images\buffalo\nagpuri\nagpuri_0158.png,buffalo,nagpuri,buffalo_nagpuri
D:\B.Tech\CE-AI\Sem 7\MP\Datasets\archive (1)\clean_images\buffalo\bargur\bargur_0061.jpg,buffalo,bargur,buffalo_bargur
D:\B.Tech\CE-AI\Sem 7\MP\Datasets\archive (1)\clean_images\cattle\brown_swiss\brown_swiss_0142.jpg,cattle,brown_swiss,cattle_brown_swiss
D:\B.Tech\CE-AI\Sem 7\MP\Datasets\archive (1)\clean_images\cattle\sahiwal\sahiwal_0252.jpg,cattle,sahiwal,cattle_sahiwal
D:\B.Tech\CE-AI\Sem 7\MP\Datasets\archive (1)\clean_images\cattle\deoni\deoni_0080.jpg,cattle,deoni,cattle_deoni
D:\B.Tech\CE-AI\Sem 7\MP\Datasets\archive (1)\clean_images\cattle\gir\gir_0110.jpg,cattle,gir,cattle_gir
D:\B.Tech\CE-AI\Sem 7\MP\Datasets\archive (1)\clean_images\cattle\jersey\jersey_0175.jpg,cattle,jersey,cattle_jersey
D:\B.Tech\CE-AI\Sem 7\MP\Datasets\archive (1)\clean_images\cattle\nagori\nagori_0041.png,cattle,nagori,cattle_nagori
D:\B.Tech\CE-AI\Sem 7\MP\Datasets\archive (1)\clean_images\cattle\hallikar\hallikar_0034.jpg,cattle,hallikar,cattle_hallikar
D:\B.Tech\CE-AI\Sem 7\MP\Datasets\archive (1)\clean_images\cattle\brown_swiss\brown_swiss_0061.jpg,cattle,brown_swiss,cattle_brown_swiss
D:\B.Tech\CE-AI\Sem 7\MP\Datasets\archive (1)\clean_images\cattle\vechur\vechur_0134.png,cattle,vechur,cattle_vechur
D:\B.Tech\CE-AI\Sem 7\MP\Datasets\archive (1)\clean_images\cattle\sahiwal\sahiwal_0409.jpg,cattle,sahiwal,cattle_sahiwal
D:\B.Tech\CE-AI\Sem 7\MP\Datasets\archive (1)\clean_images\buffalo\nagpuri\nagpuri_0143.jpg,buffalo,nagpuri,buffalo_nagpuri
D:\B.Tech\CE-AI\Sem 7\MP\Datasets\archive (1)\clean_images\cattle\jersey\jersey_0076.jpg,cattle,jersey,cattle_jersey
D:\B.Tech\CE-AI\Sem 7\MP\Datasets\archive (1)\clean_images\cattle\khillar\khillar_0021.jpg,cattle,khillar,cattle_khillar
D:\B.Tech\CE-AI\Sem 7\MP\Datasets\archive (1)\clean_images\cattle\sahiwal\sahiwal_0428.jpg,cattle,sahiwal,cattle_sahiwal
D:\B.Tech\CE-AI\Sem 7\MP\Datasets\archive (1)\clean_images\cattle\khillar\khillar_0055.jpg,cattle,khillar,cattle_khillar
D:\B.Tech\CE-AI\Sem 7\MP\Datasets\archive (1)\clean_images\buffalo\toda\toda_0040.jpg,buffalo,toda,buffalo_toda
D:\B.Tech\CE-AI\Sem 7\MP\Datasets\archive (1)\clean_images\cattle\ayrshire\ayrshire_0623.jpg,cattle,ayrshire,cattle_ayrshire
D:\B.Tech\CE-AI\Sem 7\MP\Datasets\archive (1)\clean_images\cattle\guernsey\guernsey_0080.jpg,cattle,guernsey,cattle_guernsey
D:\B.Tech\CE-AI\Sem 7\MP\Datasets\archive (1)\clean_images\cattle\ayrshire\ayrshire_0542.jpg,cattle,ayrshire,cattle_ayrshire
D:\B.Tech\CE-AI\Sem 7\MP\Datasets\archive (1)\clean_images\cattle\gir\gir_0643.png,cattle,gir,cattle_gir
D:\B.Tech\CE-AI\Sem 7\MP\Datasets\archive (1)\clean_images\cattle\hallikar\hallikar_0040.jpg,cattle,hallikar,cattle_hallikar
D:\B.Tech\CE-AI\Sem 7\MP\Datasets\archive (1)\clean_images\cattle\holstein-friesian\holstein-friesian_0168.jpg,cattle,holstein-friesian,cattle_holstein-friesian
D:\B.Tech\CE-AI\Sem 7\MP\Datasets\archive (1)\clean_images\cattle\guernsey\guernsey_0171.jpg,cattle,guernsey,cattle_guernsey
D:\B.Tech\CE-AI\Sem 7\MP\Datasets\archive (1)\clean_images\buffalo\nili_ravi\nili_ravi_0006.jpg,buffalo,nili_ravi,buffalo_nili_ravi
D:\B.Tech\CE-AI\Sem 7\MP\Datasets\archive (1)\clean_images\buffalo\surti\surti_0052.jpg,buffalo,surti,buffalo_surti
D:\B.Tech\CE-AI\Sem 7\MP\Datasets\archive (1)\clean_images\cattle\deoni\deoni_0200.png,cattle,deoni,cattle_deoni
D:\B.Tech\CE-AI\Sem 7\MP\Datasets\archive (1)\clean_images\cattle\brown_swiss\brown_swiss_0432.jpg,cattle,brown_swiss,cattle_brown_swiss
D:\B.Tech\CE-AI\Sem 7\MP\Datasets\archive (1)\clean_images\cattle\hallikar\hallikar_0159.jpg,cattle,hallikar,cattle_hallikar
D:\B.Tech\CE-AI\Sem 7\MP\Datasets\archive (1)\clean_images\cattle\sahiwal\sahiwal_0341.jpg,cattle,sahiwal,cattle_sahiwal
D:\B.Tech\CE-AI\Sem 7\MP\Datasets\archive (1)\clean_images\cattle\tharparkar\tharparkar_0052.jpg,cattle,tharparkar,cattle_tharparkar
D:\B.Tech\CE-AI\Sem 7\MP\Datasets\archive (1)\clean_images\cattle\amritmahal\amritmahal_0015.jpg,cattle,amritmahal,cattle_amritmahal
D:\B.Tech\CE-AI\Sem 7\MP\Datasets\archive (1)\clean_images\cattle\brown_swiss\brown_swiss_0418.jpg,cattle,brown_swiss,cattle_brown_swiss
D:\B.Tech\CE-AI\Sem 7\MP\Datasets\archive (1)\clean_images\buffalo\banni\banni_0082.jpg,buffalo,banni,buffalo_banni
D:\B.Tech\CE-AI\Sem 7\MP\Datasets\archive (1)\clean_images\cattle\vechur\vechur_0084.jpg,cattle,vechur,cattle_vechur
D:\B.Tech\CE-AI\Sem 7\MP\Datasets\archive (1)\clean_images\cattle\kenkatha\kenkatha_0024.jpg,cattle,kenkatha,cattle_kenkatha
D:\B.Tech\CE-AI\Sem 7\MP\Datasets\archive (1)\clean_images\cattle\vechur\vechur_0120.png,cattle,vechur,cattle_vechur
D:\B.Tech\CE-AI\Sem 7\MP\Datasets\archive (1)\clean_images\cattle\gir\gir_0506.jpg,cattle,gir,cattle_gir
D:\B.Tech\CE-AI\Sem 7\MP\Datasets\archive (1)\clean_images\cattle\tharparkar\tharparkar_0143.jpg,cattle,tharparkar,cattle_tharparkar
D:\B.Tech\CE-AI\Sem 7\MP\Datasets\archive (1)\clean_images\cattle\ayrshire\ayrshire_0598.jpg,cattle,ayrshire,cattle_ayrshire
D:\B.Tech\CE-AI\Sem 7\MP\Datasets\archive (1)\clean_images\cattle\hallikar\hallikar_0140.jpg,cattle,hallikar,cattle_hallikar
D:\B.Tech\CE-AI\Sem 7\MP\Datasets\archive (1)\clean_images\cattle\brown_swiss\brown_swiss_0241.jpg,cattle,brown_swiss,cattle_brown_swiss
D:\B.Tech\CE-AI\Sem 7\MP\Datasets\archive (1)\clean_images\buffalo\surti\surti_0048.png,buffalo,surti,buffalo_surti
D:\B.Tech\CE-AI\Sem 7\MP\Datasets\archive (1)\clean_images\cattle\deoni\deoni_0029.jpg,cattle,deoni,cattle_deoni
D:\B.Tech\CE-AI\Sem 7\MP\Datasets\archive (1)\clean_images\cattle\holstein-friesian\holstein-friesian_0463.jpg,cattle,holstein-friesian,cattle_holstein-friesian
D:\B.Tech\CE-AI\Sem 7\MP\Datasets\archive (1)\clean_images\cattle\holstein-friesian\holstein-friesian_0365.jpg,cattle,holstein-friesian,cattle_holstein-friesian
D:\B.Tech\CE-AI\Sem 7\MP\Datasets\archive (1)\clean_images\cattle\gir\gir_0510.jpg,cattle,gir,cattle_gir
D:\B.Tech\CE-AI\Sem 7\MP\Datasets\archive (1)\clean_images\buffalo\alambadi\alambadi_0187.png,buffalo,alambadi,buffalo_alambadi
D:\B.Tech\CE-AI\Sem 7\MP\Datasets\archive (1)\clean_images\cattle\brown_swiss\brown_swiss_0110.jpg,cattle,brown_swiss,cattle_brown_swiss
D:\B.Tech\CE-AI\Sem 7\MP\Datasets\archive (1)\clean_images\buffalo\mehsana\mehsana_0016.png,buffalo,mehsana,buffalo_mehsana
D:\B.Tech\CE-AI\Sem 7\MP\Datasets\archive (1)\clean_images\buffalo\murrah\murrah_0118.jpg,buffalo,murrah,buffalo_murrah
D:\B.Tech\CE-AI\Sem 7\MP\Datasets\archive (1)\clean_images\cattle\ayrshire\ayrshire_0050.jpg,cattle,ayrshire,cattle_ayrshire
D:\B.Tech\CE-AI\Sem 7\MP\Datasets\archive (1)\clean_images\buffalo\nagpuri\nagpuri_0144.jpg,buffalo,nagpuri,buffalo_nagpuri
D:\B.Tech\CE-AI\Sem 7\MP\Datasets\archive (1)\clean_images\buffalo\bhadawari\bhadawari_0057.jpg,buffalo,bhadawari,buffalo_bhadawari
D:\B.Tech\CE-AI\Sem 7\MP\Datasets\archive (1)\clean_images\cattle\brown_swiss\brown_swiss_0196.jpg,cattle,brown_swiss,cattle_brown_swiss
D:\B.Tech\CE-AI\Sem 7\MP\Datasets\archive (1)\clean_images\cattle\sahiwal\sahiwal_0047.jpg,cattle,sahiwal,cattle_sahiwal
D:\B.Tech\CE-AI\Sem 7\MP\Datasets\archive (1)\clean_images\cattle\gir\gir_0633.jpg,cattle,gir,cattle_gir
D:\B.Tech\CE-AI\Sem 7\MP\Datasets\archive (1)\clean_images\cattle\red_dane\red_dane_0045.jpg,cattle,red_dane,cattle_red_dane
D:\B.Tech\CE-AI\Sem 7\MP\Datasets\archive (1)\clean_images\cattle\kangayam\kangayam_0060.jpg,cattle,kangayam,cattle_kangayam
D:\B.Tech\CE-AI\Sem 7\MP\Datasets\archive (1)\clean_images\cattle\holstein-friesian\holstein-friesian_0032.jpg,cattle,holstein-friesian,cattle_holstein-friesian
D:\B.Tech\CE-AI\Sem 7\MP\Datasets\archive (1)\clean_images\cattle\sahiwal\sahiwal_0077.png,cattle,sahiwal,cattle_sahiwal
D:\B.Tech\CE-AI\Sem 7\MP\Datasets\archive (1)\clean_images\cattle\kankrej\kankrej_0008.jpg,cattle,kankrej,cattle_kankrej
D:\B.Tech\CE-AI\Sem 7\MP\Datasets\archive (1)\clean_images\cattle\ayrshire\ayrshire_0419.jpg,cattle,ayrshire,cattle_ayrshire
D:\B.Tech\CE-AI\Sem 7\MP\Datasets\archive (1)\clean_images\cattle\khillar\khillar_0106.jpg,cattle,khillar,cattle_khillar
D:\B.Tech\CE-AI\Sem 7\MP\Datasets\archive (1)\clean_images\cattle\deoni\deoni_0036.jpg,cattle,deoni,cattle_deoni
D:\B.Tech\CE-AI\Sem 7\MP\Datasets\archive (1)\clean_images\buffalo\banni\banni_0001.jpg,buffalo,banni,buffalo_banni
D:\B.Tech\CE-AI\Sem 7\MP\Datasets\archive (1)\clean_images\cattle\hallikar\hallikar_0006.jpg,cattle,hallikar,cattle_hallikar
D:\B.Tech\CE-AI\Sem 7\MP\Datasets\archive (1)\clean_images\cattle\khillar\khillar_0020.jpg,cattle,khillar,cattle_khillar
D:\B.Tech\CE-AI\Sem 7\MP\Datasets\archive (1)\clean_images\cattle\holstein-friesian\holstein-friesian_0003.jpg,cattle,holstein-friesian,cattle_holstein-friesian
D:\B.Tech\CE-AI\Sem 7\MP\Datasets\archive (1)\clean_images\cattle\sahiwal\sahiwal_0116.jpg,cattle,sahiwal,cattle_sahiwal
D:\B.Tech\CE-AI\Sem 7\MP\Datasets\archive (1)\clean_images\cattle\ongole\ongole_0188.png,cattle,ongole,cattle_ongole
D:\B.Tech\CE-AI\Sem 7\MP\Datasets\archive (1)\clean_images\buffalo\banni\banni_0057.jpg,buffalo,banni,buffalo_banni
D:\B.Tech\CE-AI\Sem 7\MP\Datasets\archive (1)\clean_images\cattle\sahiwal\sahiwal_0243.jpg,cattle,sahiwal,cattle_sahiwal
D:\B.Tech\CE-AI\Sem 7\MP\Datasets\archive (1)\clean_images\buffalo\bhadawari\bhadawari_0171.jpg,buffalo,bhadawari,buffalo_bhadawari
D:\B.Tech\CE-AI\Sem 7\MP\Datasets\archive (1)\clean_images\cattle\sahiwal\sahiwal_0013.jpg,cattle,sahiwal,cattle_sahiwal
D:\B.Tech\CE-AI\Sem 7\MP\Datasets\archive (1)\clean_images\cattle\sahiwal\sahiwal_0235.jpg,cattle,sahiwal,cattle_sahiwal
D:\B.Tech\CE-AI\Sem 7\MP\Datasets\archive (1)\clean_images\cattle\gir\gir_0381.jpg,cattle,gir,cattle_gir
D:\B.Tech\CE-AI\Sem 7\MP\Datasets\archive (1)\clean_images\cattle\kankrej\kankrej_0037.jpg,cattle,kankrej,cattle_kankrej
D:\B.Tech\CE-AI\Sem 7\MP\Datasets\archive (1)\clean_images\cattle\brown_swiss\brown_swiss_0193.jpg,cattle,brown_swiss,cattle_brown_swiss
D:\B.Tech\CE-AI\Sem 7\MP\Datasets\archive (1)\clean_images\cattle\ongole\ongole_0057.jpg,cattle,ongole,cattle_ongole
D:\B.Tech\CE-AI\Sem 7\MP\Datasets\archive (1)\clean_images\cattle\red_dane\red_dane_0016.jpg,cattle,red_dane,cattle_red_dane
D:\B.Tech\CE-AI\Sem 7\MP\Datasets\archive (1)\clean_images\cattle\nimari\nimari_0081.png,cattle,nimari,cattle_nimari
D:\B.Tech\CE-AI\Sem 7\MP\Datasets\archive (1)\clean_images\cattle\holstein-friesian\holstein-friesian_0418.jpg,cattle,holstein-friesian,cattle_holstein-friesian
D:\B.Tech\CE-AI\Sem 7\MP\Datasets\archive (1)\clean_images\cattle\holstein-friesian\holstein-friesian_0146.jpg,cattle,holstein-friesian,cattle_holstein-friesian
D:\B.Tech\CE-AI\Sem 7\MP\Datasets\archive (1)\clean_images\cattle\jersey\jersey_0184.jpg,cattle,jersey,cattle_jersey
D:\B.Tech\CE-AI\Sem 7\MP\Datasets\archive (1)\clean_images\cattle\vechur\vechur_0034.jpg,cattle,vechur,cattle_vechur
D:\B.Tech\CE-AI\Sem 7\MP\Datasets\archive (1)\clean_images\cattle\ayrshire\ayrshire_0709.jpg,cattle,ayrshire,cattle_ayrshire
D:\B.Tech\CE-AI\Sem 7\MP\Datasets\archive (1)\clean_images\cattle\ongole\ongole_0146.png,cattle,ongole,cattle_ongole
D:\B.Tech\CE-AI\Sem 7\MP\Datasets\archive (1)\clean_images\cattle\umblachery\umblachery_0066.png,cattle,umblachery,cattle_umblachery
D:\B.Tech\CE-AI\Sem 7\MP\Datasets\archive (1)\clean_images\cattle\ayrshire\ayrshire_0712.jpg,cattle,ayrshire,cattle_ayrshire
D:\B.Tech\CE-AI\Sem 7\MP\Datasets\archive (1)\clean_images\cattle\khillar\khillar_0092.jpg,cattle,khillar,cattle_khillar
D:\B.Tech\CE-AI\Sem 7\MP\Datasets\archive (1)\clean_images\cattle\holstein-friesian\holstein-friesian_0178.jpg,cattle,holstein-friesian,cattle_holstein-friesian
D:\B.Tech\CE-AI\Sem 7\MP\Datasets\archive (1)\clean_images\cattle\gir\gir_0482.jpg,cattle,gir,cattle_gir
D:\B.Tech\CE-AI\Sem 7\MP\Datasets\archive (1)\clean_images\cattle\ayrshire\ayrshire_0494.jpg,cattle,ayrshire,cattle_ayrshire
D:\B.Tech\CE-AI\Sem 7\MP\Datasets\archive (1)\clean_images\cattle\hallikar\hallikar_0156.jpg,cattle,hallikar,cattle_hallikar
D:\B.Tech\CE-AI\Sem 7\MP\Datasets\archive (1)\clean_images\cattle\holstein-friesian\holstein-friesian_0164.jpg,cattle,holstein-friesian,cattle_holstein-friesian
D:\B.Tech\CE-AI\Sem 7\MP\Datasets\archive (1)\clean_images\buffalo\bargur\bargur_0070.jpg,buffalo,bargur,buffalo_bargur
D:\B.Tech\CE-AI\Sem 7\MP\Datasets\archive (1)\clean_images\cattle\gir\gir_0538.jpg,cattle,gir,cattle_gir
D:\B.Tech\CE-AI\Sem 7\MP\Datasets\archive (1)\clean_images\cattle\red_dane\red_dane_0015.jpg,cattle,red_dane,cattle_red_dane
D:\B.Tech\CE-AI\Sem 7\MP\Datasets\archive (1)\clean_images\cattle\ayrshire\ayrshire_0687.jpg,cattle,ayrshire,cattle_ayrshire
D:\B.Tech\CE-AI\Sem 7\MP\Datasets\archive (1)\clean_images\cattle\sahiwal\sahiwal_0094.jpg,cattle,sahiwal,cattle_sahiwal
D:\B.Tech\CE-AI\Sem 7\MP\Datasets\archive (1)\clean_images\cattle\holstein-friesian\holstein-friesian_0265.jpg,cattle,holstein-friesian,cattle_holstein-friesian
D:\B.Tech\CE-AI\Sem 7\MP\Datasets\archive (1)\clean_images\cattle\hariana\hariana_0049.jpg,cattle,hariana,cattle_hariana
D:\B.Tech\CE-AI\Sem 7\MP\Datasets\archive (1)\clean_images\buffalo\nagpuri\nagpuri_0017.jpg,buffalo,nagpuri,buffalo_nagpuri
D:\B.Tech\CE-AI\Sem 7\MP\Datasets\archive (1)\clean_images\cattle\gir\gir_0725.jpg,cattle,gir,cattle_gir
D:\B.Tech\CE-AI\Sem 7\MP\Datasets\archive (1)\clean_images\cattle\gir\gir_0513.jpg,cattle,gir,cattle_gir
D:\B.Tech\CE-AI\Sem 7\MP\Datasets\archive (1)\clean_images\buffalo\toda\toda_0127.jpg,buffalo,toda,buffalo_toda
D:\B.Tech\CE-AI\Sem 7\MP\Datasets\archive (1)\clean_images\buffalo\bhadawari\bhadawari_0108.jpg,buffalo,bhadawari,buffalo_bhadawari
D:\B.Tech\CE-AI\Sem 7\MP\Datasets\archive (1)\clean_images\buffalo\mehsana\mehsana_0056.png,buffalo,mehsana,buffalo_mehsana
D:\B.Tech\CE-AI\Sem 7\MP\Datasets\archive (1)\clean_images\cattle\hallikar\hallikar_0074.jpg,cattle,hallikar,cattle_hallikar
D:\B.Tech\CE-AI\Sem 7\MP\Datasets\archive (1)\clean_images\cattle\holstein-friesian\holstein-friesian_0551.jpg,cattle,holstein-friesian,cattle_holstein-friesian
D:\B.Tech\CE-AI\Sem 7\MP\Datasets\archive (1)\clean_images\cattle\ayrshire\ayrshire_0336.jpg,cattle,ayrshire,cattle_ayrshire
D:\B.Tech\CE-AI\Sem 7\MP\Datasets\archive (1)\clean_images\cattle\amritmahal\amritmahal_0113.jpeg,cattle,amritmahal,cattle_amritmahal
D:\B.Tech\CE-AI\Sem 7\MP\Datasets\archive (1)\clean_images\cattle\kenkatha\kenkatha_0008.jpg,cattle,kenkatha,cattle_kenkatha
D:\B.Tech\CE-AI\Sem 7\MP\Datasets\archive (1)\clean_images\cattle\holstein-friesian\holstein-friesian_0460.jpg,cattle,holstein-friesian,cattle_holstein-friesian
D:\B.Tech\CE-AI\Sem 7\MP\Datasets\archive (1)\clean_images\buffalo\bhadawari\bhadawari_0122.jpg,buffalo,bhadawari,buffalo_bhadawari
D:\B.Tech\CE-AI\Sem 7\MP\Datasets\archive (1)\clean_images\cattle\kankrej\kankrej_0133.png,cattle,kankrej,cattle_kankrej
D:\B.Tech\CE-AI\Sem 7\MP\Datasets\archive (1)\clean_images\buffalo\alambadi\alambadi_0138.jpg,buffalo,alambadi,buffalo_alambadi
D:\B.Tech\CE-AI\Sem 7\MP\Datasets\archive (1)\clean_images\cattle\ayrshire\ayrshire_0376.jpg,cattle,ayrshire,cattle_ayrshire
D:\B.Tech\CE-AI\Sem 7\MP\Datasets\archive (1)\clean_images\cattle\hariana\hariana_0023.jpg,cattle,hariana,cattle_hariana
D:\B.Tech\CE-AI\Sem 7\MP\Datasets\archive (1)\clean_images\buffalo\murrah\murrah_0069.jpg,buffalo,murrah,buffalo_murrah
D:\B.Tech\CE-AI\Sem 7\MP\Datasets\archive (1)\clean_images\cattle\umblachery\umblachery_0086.png,cattle,umblachery,cattle_umblachery
D:\B.Tech\CE-AI\Sem 7\MP\Datasets\archive (1)\clean_images\cattle\sahiwal\sahiwal_0439.jpg,cattle,sahiwal,cattle_sahiwal
D:\B.Tech\CE-AI\Sem 7\MP\Datasets\archive (1)\clean_images\cattle\malnad_gidda\malnad_gidda_0103.png,cattle,malnad_gidda,cattle_malnad_gidda
D:\B.Tech\CE-AI\Sem 7\MP\Datasets\archive (1)\clean_images\cattle\bargur\bargur_0037.png,cattle,bargur,cattle_bargur
D:\B.Tech\CE-AI\Sem 7\MP\Datasets\archive (1)\clean_images\buffalo\toda\toda_0034.jpg,buffalo,toda,buffalo_toda
D:\B.Tech\CE-AI\Sem 7\MP\Datasets\archive (1)\clean_images\cattle\gir\gir_0043.jpg,cattle,gir,cattle_gir
D:\B.Tech\CE-AI\Sem 7\MP\Datasets\archive (1)\clean_images\cattle\brown_swiss\brown_swiss_0159.jpg,cattle,brown_swiss,cattle_brown_swiss
D:\B.Tech\CE-AI\Sem 7\MP\Datasets\archive (1)\clean_images\buffalo\toda\toda_0028.jpg,buffalo,toda,buffalo_toda
D:\B.Tech\CE-AI\Sem 7\MP\Datasets\archive (1)\clean_images\cattle\ayrshire\ayrshire_0095.jpg,cattle,ayrshire,cattle_ayrshire
D:\B.Tech\CE-AI\Sem 7\MP\Datasets\archive (1)\clean_images\buffalo\murrah\murrah_0081.jpg,buffalo,murrah,buffalo_murrah
D:\B.Tech\CE-AI\Sem 7\MP\Datasets\archive (1)\clean_images\cattle\kangayam\kangayam_0071.jpg,cattle,kangayam,cattle_kangayam
D:\B.Tech\CE-AI\Sem 7\MP\Datasets\archive (1)\clean_images\cattle\kankrej\kankrej_0064.jpg,cattle,kankrej,cattle_kankrej
D:\B.Tech\CE-AI\Sem 7\MP\Datasets\archive (1)\clean_images\cattle\red_sindhi\red_sindhi_0125.jpg,cattle,red_sindhi,cattle_red_sindhi
D:\B.Tech\CE-AI\Sem 7\MP\Datasets\archive (1)\clean_images\cattle\bargur\bargur_0063.png,cattle,bargur,cattle_bargur
D:\B.Tech\CE-AI\Sem 7\MP\Datasets\archive (1)\clean_images\cattle\hariana\hariana_0082.png,cattle,hariana,cattle_hariana
D:\B.Tech\CE-AI\Sem 7\MP\Datasets\archive (1)\clean_images\cattle\ayrshire\ayrshire_0452.jpg,cattle,ayrshire,cattle_ayrshire
D:\B.Tech\CE-AI\Sem 7\MP\Datasets\archive (1)\clean_images\buffalo\jaffarabadi\jaffarabadi_0004.jpg,buffalo,jaffarabadi,buffalo_jaffarabadi
D:\B.Tech\CE-AI\Sem 7\MP\Datasets\archive (1)\clean_images\buffalo\nagpuri\nagpuri_0039.jpg,buffalo,nagpuri,buffalo_nagpuri
D:\B.Tech\CE-AI\Sem 7\MP\Datasets\archive (1)\clean_images\buffalo\banni\banni_0050.jpg,buffalo,banni,buffalo_banni
D:\B.Tech\CE-AI\Sem 7\MP\Datasets\archive (1)\clean_images\cattle\ayrshire\ayrshire_0026.jpg,cattle,ayrshire,cattle_ayrshire
D:\B.Tech\CE-AI\Sem 7\MP\Datasets\archive (1)\clean_images\cattle\kankrej\kankrej_0132.jpg,cattle,kankrej,cattle_kankrej
D:\B.Tech\CE-AI\Sem 7\MP\Datasets\archive (1)\clean_images\cattle\brown_swiss\brown_swiss_0465.jpg,cattle,brown_swiss,cattle_brown_swiss
D:\B.Tech\CE-AI\Sem 7\MP\Datasets\archive (1)\clean_images\cattle\krishna_valley\krishna_valley_0142.jpg,cattle,krishna_valley,cattle_krishna_valley
D:\B.Tech\CE-AI\Sem 7\MP\Datasets\archive (1)\clean_images\buffalo\murrah\murrah_0091.jpg,buffalo,murrah,buffalo_murrah
D:\B.Tech\CE-AI\Sem 7\MP\Datasets\archive (1)\clean_images\cattle\amritmahal\amritmahal_0134.png,cattle,amritmahal,cattle_amritmahal
D:\B.Tech\CE-AI\Sem 7\MP\Datasets\archive (1)\clean_images\cattle\gir\gir_0206.jpg,cattle,gir,cattle_gir
D:\B.Tech\CE-AI\Sem 7\MP\Datasets\archive (1)\clean_images\cattle\pulikulam\pulikulam_0048.jpg,cattle,pulikulam,cattle_pulikulam
D:\B.Tech\CE-AI\Sem 7\MP\Datasets\archive (1)\clean_images\cattle\gir\gir_0258.jpg,cattle,gir,cattle_gir
D:\B.Tech\CE-AI\Sem 7\MP\Datasets\archive (1)\clean_images\buffalo\bhadawari\bhadawari_0072.jpg,buffalo,bhadawari,buffalo_bhadawari
D:\B.Tech\CE-AI\Sem 7\MP\Datasets\archive (1)\clean_images\cattle\nagori\nagori_0029.jpg,cattle,nagori,cattle_nagori
D:\B.Tech\CE-AI\Sem 7\MP\Datasets\archive (1)\clean_images\buffalo\toda\toda_0130.jpg,buffalo,toda,buffalo_toda
D:\B.Tech\CE-AI\Sem 7\MP\Datasets\archive (1)\clean_images\cattle\malnad_gidda\malnad_gidda_0033.jpg,cattle,malnad_gidda,cattle_malnad_gidda
D:\B.Tech\CE-AI\Sem 7\MP\Datasets\archive (1)\clean_images\cattle\deoni\deoni_0066.jpg,cattle,deoni,cattle_deoni
D:\B.Tech\CE-AI\Sem 7\MP\Datasets\archive (1)\clean_images\buffalo\jaffarabadi\jaffarabadi_0007.jpg,buffalo,jaffarabadi,buffalo_jaffarabadi
D:\B.Tech\CE-AI\Sem 7\MP\Datasets\archive (1)\clean_images\cattle\deoni\deoni_0191.png,cattle,deoni,cattle_deoni
D:\B.Tech\CE-AI\Sem 7\MP\Datasets\archive (1)\clean_images\buffalo\alambadi\alambadi_0127.png,buffalo,alambadi,buffalo_alambadi
D:\B.Tech\CE-AI\Sem 7\MP\Datasets\archive (1)\clean_images\cattle\krishna_valley\krishna_valley_0049.jpg,cattle,krishna_valley,cattle_krishna_valley
D:\B.Tech\CE-AI\Sem 7\MP\Datasets\archive (1)\clean_images\cattle\gir\gir_0599.png,cattle,gir,cattle_gir
D:\B.Tech\CE-AI\Sem 7\MP\Datasets\archive (1)\clean_images\buffalo\nili_ravi\nili_ravi_0027.jpg,buffalo,nili_ravi,buffalo_nili_ravi
D:\B.Tech\CE-AI\Sem 7\MP\Datasets\archive (1)\clean_images\cattle\vechur\vechur_0051.jpg,cattle,vechur,cattle_vechur
D:\B.Tech\CE-AI\Sem 7\MP\Datasets\archive (1)\clean_images\cattle\ongole\ongole_0117.jpg,cattle,ongole,cattle_ongole
D:\B.Tech\CE-AI\Sem 7\MP\Datasets\archive (1)\clean_images\cattle\sahiwal\sahiwal_0050.jpg,cattle,sahiwal,cattle_sahiwal
D:\B.Tech\CE-AI\Sem 7\MP\Datasets\archive (1)\clean_images\cattle\tharparkar\tharparkar_0157.png,cattle,tharparkar,cattle_tharparkar
D:\B.Tech\CE-AI\Sem 7\MP\Datasets\archive (1)\clean_images\cattle\sahiwal\sahiwal_0157.jpeg,cattle,sahiwal,cattle_sahiwal
D:\B.Tech\CE-AI\Sem 7\MP\Datasets\archive (1)\clean_images\cattle\red_sindhi\red_sindhi_0102.jpg,cattle,red_sindhi,cattle_red_sindhi
D:\B.Tech\CE-AI\Sem 7\MP\Datasets\archive (1)\clean_images\buffalo\banni\banni_0083.jpg,buffalo,banni,buffalo_banni
D:\B.Tech\CE-AI\Sem 7\MP\Datasets\archive (1)\clean_images\cattle\sahiwal\sahiwal_0431.jpg,cattle,sahiwal,cattle_sahiwal
D:\B.Tech\CE-AI\Sem 7\MP\Datasets\archive (1)\clean_images\cattle\holstein-friesian\holstein-friesian_0210.jpg,cattle,holstein-friesian,cattle_holstein-friesian
D:\B.Tech\CE-AI\Sem 7\MP\Datasets\archive (1)\clean_images\cattle\bargur\bargur_0023.png,cattle,bargur,cattle_bargur
D:\B.Tech\CE-AI\Sem 7\MP\Datasets\archive (1)\clean_images\buffalo\nagpuri\nagpuri_0001.jpg,buffalo,nagpuri,buffalo_nagpuri
D:\B.Tech\CE-AI\Sem 7\MP\Datasets\archive (1)\clean_images\cattle\ayrshire\ayrshire_0337.jpg,cattle,ayrshire,cattle_ayrshire
D:\B.Tech\CE-AI\Sem 7\MP\Datasets\archive (1)\clean_images\buffalo\alambadi\alambadi_0171.png,buffalo,alambadi,buffalo_alambadi
D:\B.Tech\CE-AI\Sem 7\MP\Datasets\archive (1)\clean_images\cattle\holstein-friesian\holstein-friesian_0332.jpg,cattle,holstein-friesian,cattle_holstein-friesian
D:\B.Tech\CE-AI\Sem 7\MP\Datasets\archive (1)\clean_images\cattle\sahiwal\sahiwal_0320.png,cattle,sahiwal,cattle_sahiwal
D:\B.Tech\CE-AI\Sem 7\MP\Datasets\archive (1)\clean_images\cattle\pulikulam\pulikulam_0065.png,cattle,pulikulam,cattle_pulikulam
D:\B.Tech\CE-AI\Sem 7\MP\Datasets\archive (1)\clean_images\cattle\guernsey\guernsey_0202.jpg,cattle,guernsey,cattle_guernsey
D:\B.Tech\CE-AI\Sem 7\MP\Datasets\archive (1)\clean_images\cattle\hariana\hariana_0051.png,cattle,hariana,cattle_hariana
D:\B.Tech\CE-AI\Sem 7\MP\Datasets\archive (1)\clean_images\cattle\sahiwal\sahiwal_0347.jpg,cattle,sahiwal,cattle_sahiwal
D:\B.Tech\CE-AI\Sem 7\MP\Datasets\archive (1)\clean_images\cattle\gir\gir_0403.jpg,cattle,gir,cattle_gir
D:\B.Tech\CE-AI\Sem 7\MP\Datasets\archive (1)\clean_images\cattle\tharparkar\tharparkar_0168.jpg,cattle,tharparkar,cattle_tharparkar
D:\B.Tech\CE-AI\Sem 7\MP\Datasets\archive (1)\clean_images\buffalo\nagpuri\nagpuri_0056.jpg,buffalo,nagpuri,buffalo_nagpuri
D:\B.Tech\CE-AI\Sem 7\MP\Datasets\archive (1)\clean_images\buffalo\nagpuri\nagpuri_0132.jpg,buffalo,nagpuri,buffalo_nagpuri
D:\B.Tech\CE-AI\Sem 7\MP\Datasets\archive (1)\clean_images\cattle\khillar\khillar_0099.jpg,cattle,khillar,cattle_khillar
D:\B.Tech\CE-AI\Sem 7\MP\Datasets\archive (1)\clean_images\cattle\kenkatha\kenkatha_0052.jpg,cattle,kenkatha,cattle_kenkatha
D:\B.Tech\CE-AI\Sem 7\MP\Datasets\archive (1)\clean_images\cattle\holstein-friesian\holstein-friesian_0275.jpg,cattle,holstein-friesian,cattle_holstein-friesian
D:\B.Tech\CE-AI\Sem 7\MP\Datasets\archive (1)\clean_images\buffalo\nagpuri\nagpuri_0176.jpg,buffalo,nagpuri,buffalo_nagpuri
D:\B.Tech\CE-AI\Sem 7\MP\Datasets\archive (1)\clean_images\cattle\jersey\jersey_0078.jpg,cattle,jersey,cattle_jersey
D:\B.Tech\CE-AI\Sem 7\MP\Datasets\archive (1)\clean_images\cattle\deoni\deoni_0133.png,cattle,deoni,cattle_deoni
D:\B.Tech\CE-AI\Sem 7\MP\Datasets\archive (1)\clean_images\cattle\sahiwal\sahiwal_0202.jpg,cattle,sahiwal,cattle_sahiwal
D:\B.Tech\CE-AI\Sem 7\MP\Datasets\archive (1)\clean_images\cattle\holstein-friesian\holstein-friesian_0108.jpg,cattle,holstein-friesian,cattle_holstein-friesian
D:\B.Tech\CE-AI\Sem 7\MP\Datasets\archive (1)\clean_images\cattle\khillar\khillar_0054.jpg,cattle,khillar,cattle_khillar
D:\B.Tech\CE-AI\Sem 7\MP\Datasets\archive (1)\clean_images\cattle\ongole\ongole_0039.png,cattle,ongole,cattle_ongole
D:\B.Tech\CE-AI\Sem 7\MP\Datasets\archive (1)\clean_images\cattle\ayrshire\ayrshire_0196.jpg,cattle,ayrshire,cattle_ayrshire
D:\B.Tech\CE-AI\Sem 7\MP\Datasets\archive (1)\clean_images\cattle\red_sindhi\red_sindhi_0048.jpg,cattle,red_sindhi,cattle_red_sindhi
D:\B.Tech\CE-AI\Sem 7\MP\Datasets\archive (1)\clean_images\cattle\khillar\khillar_0058.png,cattle,khillar,cattle_khillar
D:\B.Tech\CE-AI\Sem 7\MP\Datasets\archive (1)\clean_images\buffalo\murrah\murrah_0012.jpg,buffalo,murrah,buffalo_murrah
D:\B.Tech\CE-AI\Sem 7\MP\Datasets\archive (1)\clean_images\cattle\umblachery\umblachery_0041.jpg,cattle,umblachery,cattle_umblachery
D:\B.Tech\CE-AI\Sem 7\MP\Datasets\archive (1)\clean_images\cattle\sahiwal\sahiwal_0150.jpg,cattle,sahiwal,cattle_sahiwal
D:\B.Tech\CE-AI\Sem 7\MP\Datasets\archive (1)\clean_images\cattle\red_dane\red_dane_0104.jpg,cattle,red_dane,cattle_red_dane
D:\B.Tech\CE-AI\Sem 7\MP\Datasets\archive (1)\clean_images\cattle\deoni\deoni_0167.jpg,cattle,deoni,cattle_deoni
D:\B.Tech\CE-AI\Sem 7\MP\Datasets\archive (1)\clean_images\buffalo\bargur\bargur_0082.jpg,buffalo,bargur,buffalo_bargur
D:\B.Tech\CE-AI\Sem 7\MP\Datasets\archive (1)\clean_images\buffalo\bhadawari\bhadawari_0133.jpg,buffalo,bhadawari,buffalo_bhadawari
D:\B.Tech\CE-AI\Sem 7\MP\Datasets\archive (1)\clean_images\buffalo\surti\surti_0061.jpg,buffalo,surti,buffalo_surti
D:\B.Tech\CE-AI\Sem 7\MP\Datasets\archive (1)\clean_images\cattle\holstein-friesian\holstein-friesian_0012.jpg,cattle,holstein-friesian,cattle_holstein-friesian
D:\B.Tech\CE-AI\Sem 7\MP\Datasets\archive (1)\clean_images\cattle\ayrshire\ayrshire_0655.jpg,cattle,ayrshire,cattle_ayrshire
D:\B.Tech\CE-AI\Sem 7\MP\Datasets\archive (1)\clean_images\cattle\umblachery\umblachery_0073.png,cattle,umblachery,cattle_umblachery
D:\B.Tech\CE-AI\Sem 7\MP\Datasets\archive (1)\clean_images\cattle\ayrshire\ayrshire_0506.jpg,cattle,ayrshire,cattle_ayrshire
D:\B.Tech\CE-AI\Sem 7\MP\Datasets\archive (1)\clean_images\buffalo\alambadi\alambadi_0109.png,buffalo,alambadi,buffalo_alambadi
D:\B.Tech\CE-AI\Sem 7\MP\Datasets\archive (1)\clean_images\cattle\hallikar\hallikar_0019.jpg,cattle,hallikar,cattle_hallikar
D:\B.Tech\CE-AI\Sem 7\MP\Datasets\archive (1)\clean_images\cattle\khillar\khillar_0049.jpg,cattle,khillar,cattle_khillar
D:\B.Tech\CE-AI\Sem 7\MP\Datasets\archive (1)\clean_images\cattle\sahiwal\sahiwal_0380.jpg,cattle,sahiwal,cattle_sahiwal
D:\B.Tech\CE-AI\Sem 7\MP\Datasets\archive (1)\clean_images\cattle\gir\gir_0618.jpg,cattle,gir,cattle_gir
D:\B.Tech\CE-AI\Sem 7\MP\Datasets\archive (1)\clean_images\cattle\ayrshire\ayrshire_0482.jpg,cattle,ayrshire,cattle_ayrshire
D:\B.Tech\CE-AI\Sem 7\MP\Datasets\archive (1)\clean_images\buffalo\bhadawari\bhadawari_0052.jpg,buffalo,bhadawari,buffalo_bhadawari
D:\B.Tech\CE-AI\Sem 7\MP\Datasets\archive (1)\clean_images\cattle\kankrej\kankrej_0180.jpg,cattle,kankrej,cattle_kankrej
D:\B.Tech\CE-AI\Sem 7\MP\Datasets\archive (1)\clean_images\cattle\gir\gir_0192.jpg,cattle,gir,cattle_gir
D:\B.Tech\CE-AI\Sem 7\MP\Datasets\archive (1)\clean_images\cattle\brown_swiss\brown_swiss_0056.jpg,cattle,brown_swiss,cattle_brown_swiss
D:\B.Tech\CE-AI\Sem 7\MP\Datasets\archive (1)\clean_images\cattle\gir\gir_0211.jpg,cattle,gir,cattle_gir
D:\B.Tech\CE-AI\Sem 7\MP\Datasets\archive (1)\clean_images\cattle\ayrshire\ayrshire_0016.jpg,cattle,ayrshire,cattle_ayrshire
D:\B.Tech\CE-AI\Sem 7\MP\Datasets\archive (1)\clean_images\cattle\deoni\deoni_0186.jpg,cattle,deoni,cattle_deoni
D:\B.Tech\CE-AI\Sem 7\MP\Datasets\archive (1)\clean_images\cattle\holstein-friesian\holstein-friesian_0302.jpg,cattle,holstein-friesian,cattle_holstein-friesian
D:\B.Tech\CE-AI\Sem 7\MP\Datasets\archive (1)\clean_images\cattle\hallikar\hallikar_0211.jpg,cattle,hallikar,cattle_hallikar
D:\B.Tech\CE-AI\Sem 7\MP\Datasets\archive (1)\clean_images\cattle\brown_swiss\brown_swiss_0097.jpg,cattle,brown_swiss,cattle_brown_swiss
D:\B.Tech\CE-AI\Sem 7\MP\Datasets\archive (1)\clean_images\cattle\kangayam\kangayam_0081.jpg,cattle,kangayam,cattle_kangayam
D:\B.Tech\CE-AI\Sem 7\MP\Datasets\archive (1)\clean_images\cattle\ayrshire\ayrshire_0394.jpg,cattle,ayrshire,cattle_ayrshire
D:\B.Tech\CE-AI\Sem 7\MP\Datasets\archive (1)\clean_images\cattle\brown_swiss\brown_swiss_0323.jpg,cattle,brown_swiss,cattle_brown_swiss
D:\B.Tech\CE-AI\Sem 7\MP\Datasets\archive (1)\clean_images\buffalo\bhadawari\bhadawari_0155.jpg,buffalo,bhadawari,buffalo_bhadawari
D:\B.Tech\CE-AI\Sem 7\MP\Datasets\archive (1)\clean_images\cattle\ayrshire\ayrshire_0557.jpg,cattle,ayrshire,cattle_ayrshire
D:\B.Tech\CE-AI\Sem 7\MP\Datasets\archive (1)\clean_images\cattle\nagori\nagori_0006.jpg,cattle,nagori,cattle_nagori
D:\B.Tech\CE-AI\Sem 7\MP\Datasets\archive (1)\clean_images\cattle\gir\gir_0706.png,cattle,gir,cattle_gir
D:\B.Tech\CE-AI\Sem 7\MP\Datasets\archive (1)\clean_images\cattle\amritmahal\amritmahal_0087.jpg,cattle,amritmahal,cattle_amritmahal
D:\B.Tech\CE-AI\Sem 7\MP\Datasets\archive (1)\clean_images\cattle\umblachery\umblachery_0078.png,cattle,umblachery,cattle_umblachery
D:\B.Tech\CE-AI\Sem 7\MP\Datasets\archive (1)\clean_images\cattle\vechur\vechur_0108.jpg,cattle,vechur,cattle_vechur
D:\B.Tech\CE-AI\Sem 7\MP\Datasets\archive (1)\clean_images\cattle\ongole\ongole_0015.png,cattle,ongole,cattle_ongole
D:\B.Tech\CE-AI\Sem 7\MP\Datasets\archive (1)\clean_images\cattle\gir\gir_0138.jpg,cattle,gir,cattle_gir
D:\B.Tech\CE-AI\Sem 7\MP\Datasets\archive (1)\clean_images\cattle\krishna_valley\krishna_valley_0147.jpg,cattle,krishna_valley,cattle_krishna_valley
D:\B.Tech\CE-AI\Sem 7\MP\Datasets\archive (1)\clean_images\buffalo\nagpuri\nagpuri_0121.jpg,buffalo,nagpuri,buffalo_nagpuri
D:\B.Tech\CE-AI\Sem 7\MP\Datasets\archive (1)\clean_images\cattle\red_sindhi\red_sindhi_0034.png,cattle,red_sindhi,cattle_red_sindhi
D:\B.Tech\CE-AI\Sem 7\MP\Datasets\archive (1)\clean_images\cattle\ayrshire\ayrshire_0407.jpg,cattle,ayrshire,cattle_ayrshire
D:\B.Tech\CE-AI\Sem 7\MP\Datasets\archive (1)\clean_images\cattle\holstein-friesian\holstein-friesian_0082.jpg,cattle,holstein-friesian,cattle_holstein-friesian
D:\B.Tech\CE-AI\Sem 7\MP\Datasets\archive (1)\clean_images\cattle\ayrshire\ayrshire_0481.jpg,cattle,ayrshire,cattle_ayrshire
D:\B.Tech\CE-AI\Sem 7\MP\Datasets\archive (1)\clean_images\cattle\ayrshire\ayrshire_0503.jpg,cattle,ayrshire,cattle_ayrshire
D:\B.Tech\CE-AI\Sem 7\MP\Datasets\archive (1)\clean_images\buffalo\banni\banni_0077.jpg,buffalo,banni,buffalo_banni
D:\B.Tech\CE-AI\Sem 7\MP\Datasets\archive (1)\clean_images\cattle\guernsey\guernsey_0197.jpg,cattle,guernsey,cattle_guernsey
D:\B.Tech\CE-AI\Sem 7\MP\Datasets\archive (1)\clean_images\buffalo\murrah\murrah_0149.jpg,buffalo,murrah,buffalo_murrah
D:\B.Tech\CE-AI\Sem 7\MP\Datasets\archive (1)\clean_images\cattle\rathi\rathi_0041.jpg,cattle,rathi,cattle_rathi
D:\B.Tech\CE-AI\Sem 7\MP\Datasets\archive (1)\clean_images\cattle\ayrshire\ayrshire_0619.jpg,cattle,ayrshire,cattle_ayrshire
D:\B.Tech\CE-AI\Sem 7\MP\Datasets\archive (1)\clean_images\cattle\sahiwal\sahiwal_0314.png,cattle,sahiwal,cattle_sahiwal
D:\B.Tech\CE-AI\Sem 7\MP\Datasets\archive (1)\clean_images\cattle\holstein-friesian\holstein-friesian_0127.jpg,cattle,holstein-friesian,cattle_holstein-friesian
D:\B.Tech\CE-AI\Sem 7\MP\Datasets\archive (1)\clean_images\cattle\amritmahal\amritmahal_0115.png,cattle,amritmahal,cattle_amritmahal
D:\B.Tech\CE-AI\Sem 7\MP\Datasets\archive (1)\clean_images\cattle\bargur\bargur_0038.png,cattle,bargur,cattle_bargur
D:\B.Tech\CE-AI\Sem 7\MP\Datasets\archive (1)\clean_images\cattle\dangi\dangi_0002.jpg,cattle,dangi,cattle_dangi
D:\B.Tech\CE-AI\Sem 7\MP\Datasets\archive (1)\clean_images\cattle\khillar\khillar_0052.jpg,cattle,khillar,cattle_khillar
D:\B.Tech\CE-AI\Sem 7\MP\Datasets\archive (1)\clean_images\cattle\guernsey\guernsey_0117.jpg,cattle,guernsey,cattle_guernsey
D:\B.Tech\CE-AI\Sem 7\MP\Datasets\archive (1)\clean_images\cattle\rathi\rathi_0158.png,cattle,rathi,cattle_rathi
D:\B.Tech\CE-AI\Sem 7\MP\Datasets\archive (1)\clean_images\cattle\brown_swiss\brown_swiss_0062.jpg,cattle,brown_swiss,cattle_brown_swiss
D:\B.Tech\CE-AI\Sem 7\MP\Datasets\archive (1)\clean_images\buffalo\jaffarabadi\jaffarabadi_0055.jpg,buffalo,jaffarabadi,buffalo_jaffarabadi
D:\B.Tech\CE-AI\Sem 7\MP\Datasets\archive (1)\clean_images\cattle\holstein-friesian\holstein-friesian_0272.jpg,cattle,holstein-friesian,cattle_holstein-friesian
D:\B.Tech\CE-AI\Sem 7\MP\Datasets\archive (1)\clean_images\cattle\kankrej\kankrej_0092.jpg,cattle,kankrej,cattle_kankrej
D:\B.Tech\CE-AI\Sem 7\MP\Datasets\archive (1)\clean_images\buffalo\nagpuri\nagpuri_0003.jpg,buffalo,nagpuri,buffalo_nagpuri
D:\B.Tech\CE-AI\Sem 7\MP\Datasets\archive (1)\clean_images\cattle\sahiwal\sahiwal_0114.jpg,cattle,sahiwal,cattle_sahiwal
D:\B.Tech\CE-AI\Sem 7\MP\Datasets\archive (1)\clean_images\cattle\ayrshire\ayrshire_0195.jpg,cattle,ayrshire,cattle_ayrshire
D:\B.Tech\CE-AI\Sem 7\MP\Datasets\archive (1)\clean_images\cattle\ongole\ongole_0120.png,cattle,ongole,cattle_ongole
D:\B.Tech\CE-AI\Sem 7\MP\Datasets\archive (1)\clean_images\cattle\brown_swiss\brown_swiss_0326.jpg,cattle,brown_swiss,cattle_brown_swiss
D:\B.Tech\CE-AI\Sem 7\MP\Datasets\archive (1)\clean_images\buffalo\murrah\murrah_0133.jpeg,buffalo,murrah,buffalo_murrah
D:\B.Tech\CE-AI\Sem 7\MP\Datasets\archive (1)\clean_images\cattle\khillar\khillar_0012.jpg,cattle,khillar,cattle_khillar
D:\B.Tech\CE-AI\Sem 7\MP\Datasets\archive (1)\clean_images\buffalo\bargur\bargur_0102.jpg,buffalo,bargur,buffalo_bargur
D:\B.Tech\CE-AI\Sem 7\MP\Datasets\archive (1)\clean_images\buffalo\nagpuri\nagpuri_0152.png,buffalo,nagpuri,buffalo_nagpuri
D:\B.Tech\CE-AI\Sem 7\MP\Datasets\archive (1)\clean_images\buffalo\banni\banni_0103.jpg,buffalo,banni,buffalo_banni
D:\B.Tech\CE-AI\Sem 7\MP\Datasets\archive (1)\clean_images\cattle\holstein-friesian\holstein-friesian_0334.jpg,cattle,holstein-friesian,cattle_holstein-friesian
D:\B.Tech\CE-AI\Sem 7\MP\Datasets\archive (1)\clean_images\cattle\pulikulam\pulikulam_0116.jpg,cattle,pulikulam,cattle_pulikulam
D:\B.Tech\CE-AI\Sem 7\MP\Datasets\archive (1)\clean_images\cattle\hariana\hariana_0025.png,cattle,hariana,cattle_hariana
D:\B.Tech\CE-AI\Sem 7\MP\Datasets\archive (1)\clean_images\cattle\hariana\hariana_0058.png,cattle,hariana,cattle_hariana
D:\B.Tech\CE-AI\Sem 7\MP\Datasets\archive (1)\clean_images\buffalo\bhadawari\bhadawari_0112.jpg,buffalo,bhadawari,buffalo_bhadawari
D:\B.Tech\CE-AI\Sem 7\MP\Datasets\archive (1)\clean_images\cattle\hariana\hariana_0065.jpg,cattle,hariana,cattle_hariana
D:\B.Tech\CE-AI\Sem 7\MP\Datasets\archive (1)\clean_images\cattle\tharparkar\tharparkar_0214.jpg,cattle,tharparkar,cattle_tharparkar
D:\B.Tech\CE-AI\Sem 7\MP\Datasets\archive (1)\clean_images\cattle\jersey\jersey_0172.jpg,cattle,jersey,cattle_jersey
D:\B.Tech\CE-AI\Sem 7\MP\Datasets\archive (1)\clean_images\cattle\jersey\jersey_0018.jpg,cattle,jersey,cattle_jersey
D:\B.Tech\CE-AI\Sem 7\MP\Datasets\archive (1)\clean_images\cattle\rathi\rathi_0093.jpg,cattle,rathi,cattle_rathi
D:\B.Tech\CE-AI\Sem 7\MP\Datasets\archive (1)\clean_images\buffalo\alambadi\alambadi_0007.jpg,buffalo,alambadi,buffalo_alambadi
D:\B.Tech\CE-AI\Sem 7\MP\Datasets\archive (1)\clean_images\cattle\bargur\bargur_0046.jpg,cattle,bargur,cattle_bargur
D:\B.Tech\CE-AI\Sem 7\MP\Datasets\archive (1)\clean_images\cattle\red_sindhi\red_sindhi_0059.png,cattle,red_sindhi,cattle_red_sindhi
D:\B.Tech\CE-AI\Sem 7\MP\Datasets\archive (1)\clean_images\cattle\gir\gir_0713.jpg,cattle,gir,cattle_gir
D:\B.Tech\CE-AI\Sem 7\MP\Datasets\archive (1)\clean_images\cattle\ayrshire\ayrshire_0586.jpg,cattle,ayrshire,cattle_ayrshire
D:\B.Tech\CE-AI\Sem 7\MP\Datasets\archive (1)\clean_images\cattle\rathi\rathi_0004.jpg,cattle,rathi,cattle_rathi
D:\B.Tech\CE-AI\Sem 7\MP\Datasets\archive (1)\clean_images\cattle\red_dane\red_dane_0066.jpg,cattle,red_dane,cattle_red_dane
D:\B.Tech\CE-AI\Sem 7\MP\Datasets\archive (1)\clean_images\cattle\kankrej\kankrej_0021.jpg,cattle,kankrej,cattle_kankrej
D:\B.Tech\CE-AI\Sem 7\MP\Datasets\archive (1)\clean_images\cattle\ayrshire\ayrshire_0192.jpg,cattle,ayrshire,cattle_ayrshire
D:\B.Tech\CE-AI\Sem 7\MP\Datasets\archive (1)\clean_images\buffalo\banni\banni_0012.jpg,buffalo,banni,buffalo_banni
D:\B.Tech\CE-AI\Sem 7\MP\Datasets\archive (1)\clean_images\buffalo\bargur\bargur_0051.jpg,buffalo,bargur,buffalo_bargur
D:\B.Tech\CE-AI\Sem 7\MP\Datasets\archive (1)\clean_images\cattle\malnad_gidda\malnad_gidda_0012.jpg,cattle,malnad_gidda,cattle_malnad_gidda
D:\B.Tech\CE-AI\Sem 7\MP\Datasets\archive (1)\clean_images\cattle\amritmahal\amritmahal_0196.png,cattle,amritmahal,cattle_amritmahal
D:\B.Tech\CE-AI\Sem 7\MP\Datasets\archive (1)\clean_images\cattle\red_sindhi\red_sindhi_0005.jpg,cattle,red_sindhi,cattle_red_sindhi
D:\B.Tech\CE-AI\Sem 7\MP\Datasets\archive (1)\clean_images\cattle\ayrshire\ayrshire_0135.jpg,cattle,ayrshire,cattle_ayrshire
D:\B.Tech\CE-AI\Sem 7\MP\Datasets\archive (1)\clean_images\buffalo\bhadawari\bhadawari_0159.jpg,buffalo,bhadawari,buffalo_bhadawari
D:\B.Tech\CE-AI\Sem 7\MP\Datasets\archive (1)\clean_images\cattle\dangi\dangi_0007.jpg,cattle,dangi,cattle_dangi
D:\B.Tech\CE-AI\Sem 7\MP\Datasets\archive (1)\clean_images\cattle\hallikar\hallikar_0177.jpg,cattle,hallikar,cattle_hallikar
D:\B.Tech\CE-AI\Sem 7\MP\Datasets\archive (1)\clean_images\buffalo\nagpuri\nagpuri_0050.jpg,buffalo,nagpuri,buffalo_nagpuri
D:\B.Tech\CE-AI\Sem 7\MP\Datasets\archive (1)\clean_images\buffalo\bargur\bargur_0011.jpg,buffalo,bargur,buffalo_bargur
D:\B.Tech\CE-AI\Sem 7\MP\Datasets\archive (1)\clean_images\cattle\deoni\deoni_0044.jpg,cattle,deoni,cattle_deoni
D:\B.Tech\CE-AI\Sem 7\MP\Datasets\archive (1)\clean_images\cattle\rathi\rathi_0034.jpg,cattle,rathi,cattle_rathi
D:\B.Tech\CE-AI\Sem 7\MP\Datasets\archive (1)\clean_images\buffalo\toda\toda_0126.jpg,buffalo,toda,buffalo_toda
D:\B.Tech\CE-AI\Sem 7\MP\Datasets\archive (1)\clean_images\buffalo\banni\banni_0009.jpg,buffalo,banni,buffalo_banni
D:\B.Tech\CE-AI\Sem 7\MP\Datasets\archive (1)\clean_images\cattle\amritmahal\amritmahal_0164.jpg,cattle,amritmahal,cattle_amritmahal
D:\B.Tech\CE-AI\Sem 7\MP\Datasets\archive (1)\clean_images\cattle\gir\gir_0169.jpg,cattle,gir,cattle_gir
D:\B.Tech\CE-AI\Sem 7\MP\Datasets\archive (1)\clean_images\cattle\brown_swiss\brown_swiss_0161.jpg,cattle,brown_swiss,cattle_brown_swiss
D:\B.Tech\CE-AI\Sem 7\MP\Datasets\archive (1)\clean_images\cattle\nagori\nagori_0072.png,cattle,nagori,cattle_nagori
D:\B.Tech\CE-AI\Sem 7\MP\Datasets\archive (1)\clean_images\cattle\sahiwal\sahiwal_0041.png,cattle,sahiwal,cattle_sahiwal
D:\B.Tech\CE-AI\Sem 7\MP\Datasets\archive (1)\clean_images\cattle\gir\gir_0703.jpeg,cattle,gir,cattle_gir
D:\B.Tech\CE-AI\Sem 7\MP\Datasets\archive (1)\clean_images\cattle\ayrshire\ayrshire_0523.jpg,cattle,ayrshire,cattle_ayrshire
D:\B.Tech\CE-AI\Sem 7\MP\Datasets\archive (1)\clean_images\buffalo\nili_ravi\nili_ravi_0091.jpg,buffalo,nili_ravi,buffalo_nili_ravi
D:\B.Tech\CE-AI\Sem 7\MP\Datasets\archive (1)\clean_images\cattle\gir\gir_0556.jpg,cattle,gir,cattle_gir
D:\B.Tech\CE-AI\Sem 7\MP\Datasets\archive (1)\clean_images\buffalo\nagpuri\nagpuri_0057.jpg,buffalo,nagpuri,buffalo_nagpuri
D:\B.Tech\CE-AI\Sem 7\MP\Datasets\archive (1)\clean_images\buffalo\nili_ravi\nili_ravi_0015.jpg,buffalo,nili_ravi,buffalo_nili_ravi
D:\B.Tech\CE-AI\Sem 7\MP\Datasets\archive (1)\clean_images\cattle\ayrshire\ayrshire_0405.jpg,cattle,ayrshire,cattle_ayrshire
D:\B.Tech\CE-AI\Sem 7\MP\Datasets\archive (1)\clean_images\cattle\ayrshire\ayrshire_0641.jpg,cattle,ayrshire,cattle_ayrshire
D:\B.Tech\CE-AI\Sem 7\MP\Datasets\archive (1)\clean_images\cattle\krishna_valley\krishna_valley_0020.jpg,cattle,krishna_valley,cattle_krishna_valley
D:\B.Tech\CE-AI\Sem 7\MP\Datasets\archive (1)\clean_images\cattle\red_sindhi\red_sindhi_0116.jpg,cattle,red_sindhi,cattle_red_sindhi
D:\B.Tech\CE-AI\Sem 7\MP\Datasets\archive (1)\clean_images\cattle\gir\gir_0457.jpg,cattle,gir,cattle_gir
D:\B.Tech\CE-AI\Sem 7\MP\Datasets\archive (1)\clean_images\cattle\jersey\jersey_0121.jpg,cattle,jersey,cattle_jersey
D:\B.Tech\CE-AI\Sem 7\MP\Datasets\archive (1)\clean_images\cattle\red_dane\red_dane_0084.jpg,cattle,red_dane,cattle_red_dane
D:\B.Tech\CE-AI\Sem 7\MP\Datasets\archive (1)\clean_images\cattle\vechur\vechur_0136.png,cattle,vechur,cattle_vechur
D:\B.Tech\CE-AI\Sem 7\MP\Datasets\archive (1)\clean_images\cattle\amritmahal\amritmahal_0056.jpg,cattle,amritmahal,cattle_amritmahal
D:\B.Tech\CE-AI\Sem 7\MP\Datasets\archive (1)\clean_images\cattle\sahiwal\sahiwal_0425.jpg,cattle,sahiwal,cattle_sahiwal
D:\B.Tech\CE-AI\Sem 7\MP\Datasets\archive (1)\clean_images\cattle\bargur\bargur_0014.png,cattle,bargur,cattle_bargur
D:\B.Tech\CE-AI\Sem 7\MP\Datasets\archive (1)\clean_images\cattle\tharparkar\tharparkar_0091.png,cattle,tharparkar,cattle_tharparkar
D:\B.Tech\CE-AI\Sem 7\MP\Datasets\archive (1)\clean_images\cattle\hallikar\hallikar_0240.png,cattle,hallikar,cattle_hallikar
D:\B.Tech\CE-AI\Sem 7\MP\Datasets\archive (1)\clean_images\cattle\ayrshire\ayrshire_0075.jpg,cattle,ayrshire,cattle_ayrshire
D:\B.Tech\CE-AI\Sem 7\MP\Datasets\archive (1)\clean_images\cattle\brown_swiss\brown_swiss_0226.jpg,cattle,brown_swiss,cattle_brown_swiss
D:\B.Tech\CE-AI\Sem 7\MP\Datasets\archive (1)\clean_images\cattle\holstein-friesian\holstein-friesian_0327.jpg,cattle,holstein-friesian,cattle_holstein-friesian
D:\B.Tech\CE-AI\Sem 7\MP\Datasets\archive (1)\clean_images\cattle\nimari\nimari_0087.png,cattle,nimari,cattle_nimari
D:\B.Tech\CE-AI\Sem 7\MP\Datasets\archive (1)\clean_images\cattle\tharparkar\tharparkar_0114.png,cattle,tharparkar,cattle_tharparkar
D:\B.Tech\CE-AI\Sem 7\MP\Datasets\archive (1)\clean_images\cattle\ayrshire\ayrshire_0426.jpg,cattle,ayrshire,cattle_ayrshire
D:\B.Tech\CE-AI\Sem 7\MP\Datasets\archive (1)\clean_images\cattle\holstein-friesian\holstein-friesian_0320.jpg,cattle,holstein-friesian,cattle_holstein-friesian
D:\B.Tech\CE-AI\Sem 7\MP\Datasets\archive (1)\clean_images\cattle\gir\gir_0647.png,cattle,gir,cattle_gir
D:\B.Tech\CE-AI\Sem 7\MP\Datasets\archive (1)\clean_images\cattle\guernsey\guernsey_0028.jpg,cattle,guernsey,cattle_guernsey
D:\B.Tech\CE-AI\Sem 7\MP\Datasets\archive (1)\clean_images\cattle\vechur\vechur_0037.jpg,cattle,vechur,cattle_vechur
D:\B.Tech\CE-AI\Sem 7\MP\Datasets\archive (1)\clean_images\cattle\hallikar\hallikar_0010.jpg,cattle,hallikar,cattle_hallikar
D:\B.Tech\CE-AI\Sem 7\MP\Datasets\archive (1)\clean_images\cattle\pulikulam\pulikulam_0001.jpg,cattle,pulikulam,cattle_pulikulam
D:\B.Tech\CE-AI\Sem 7\MP\Datasets\archive (1)\clean_images\cattle\ayrshire\ayrshire_0256.jpg,cattle,ayrshire,cattle_ayrshire
D:\B.Tech\CE-AI\Sem 7\MP\Datasets\archive (1)\clean_images\cattle\pulikulam\pulikulam_0076.jpg,cattle,pulikulam,cattle_pulikulam
D:\B.Tech\CE-AI\Sem 7\MP\Datasets\archive (1)\clean_images\cattle\hallikar\hallikar_0049.jpg,cattle,hallikar,cattle_hallikar
D:\B.Tech\CE-AI\Sem 7\MP\Datasets\archive (1)\clean_images\cattle\krishna_valley\krishna_valley_0023.jpg,cattle,krishna_valley,cattle_krishna_valley
D:\B.Tech\CE-AI\Sem 7\MP\Datasets\archive (1)\clean_images\cattle\ayrshire\ayrshire_0101.jpg,cattle,ayrshire,cattle_ayrshire
D:\B.Tech\CE-AI\Sem 7\MP\Datasets\archive (1)\clean_images\buffalo\toda\toda_0103.jpg,buffalo,toda,buffalo_toda
D:\B.Tech\CE-AI\Sem 7\MP\Datasets\archive (1)\clean_images\cattle\hariana\hariana_0114.jpg,cattle,hariana,cattle_hariana
D:\B.Tech\CE-AI\Sem 7\MP\Datasets\archive (1)\clean_images\cattle\dangi\dangi_0045.jpg,cattle,dangi,cattle_dangi
D:\B.Tech\CE-AI\Sem 7\MP\Datasets\archive (1)\clean_images\buffalo\murrah\murrah_0016.jpeg,buffalo,murrah,buffalo_murrah
D:\B.Tech\CE-AI\Sem 7\MP\Datasets\archive (1)\clean_images\cattle\deoni\deoni_0210.png,cattle,deoni,cattle_deoni
D:\B.Tech\CE-AI\Sem 7\MP\Datasets\archive (1)\clean_images\cattle\jersey\jersey_0150.jpg,cattle,jersey,cattle_jersey
D:\B.Tech\CE-AI\Sem 7\MP\Datasets\archive (1)\clean_images\cattle\tharparkar\tharparkar_0203.png,cattle,tharparkar,cattle_tharparkar
D:\B.Tech\CE-AI\Sem 7\MP\Datasets\archive (1)\clean_images\cattle\jersey\jersey_0186.jpg,cattle,jersey,cattle_jersey
D:\B.Tech\CE-AI\Sem 7\MP\Datasets\archive (1)\clean_images\cattle\gir\gir_0167.jpg,cattle,gir,cattle_gir
D:\B.Tech\CE-AI\Sem 7\MP\Datasets\archive (1)\clean_images\cattle\jersey\jersey_0070.jpg,cattle,jersey,cattle_jersey
D:\B.Tech\CE-AI\Sem 7\MP\Datasets\archive (1)\clean_images\cattle\red_sindhi\red_sindhi_0079.png,cattle,red_sindhi,cattle_red_sindhi
D:\B.Tech\CE-AI\Sem 7\MP\Datasets\archive (1)\clean_images\cattle\dangi\dangi_0037.jpg,cattle,dangi,cattle_dangi
D:\B.Tech\CE-AI\Sem 7\MP\Datasets\archive (1)\clean_images\cattle\pulikulam\pulikulam_0075.jpg,cattle,pulikulam,cattle_pulikulam
D:\B.Tech\CE-AI\Sem 7\MP\Datasets\archive (1)\clean_images\cattle\pulikulam\pulikulam_0071.jpg,cattle,pulikulam,cattle_pulikulam
D:\B.Tech\CE-AI\Sem 7\MP\Datasets\archive (1)\clean_images\cattle\brown_swiss\brown_swiss_0105.jpg,cattle,brown_swiss,cattle_brown_swiss
D:\B.Tech\CE-AI\Sem 7\MP\Datasets\archive (1)\clean_images\cattle\brown_swiss\brown_swiss_0165.jpg,cattle,brown_swiss,cattle_brown_swiss
D:\B.Tech\CE-AI\Sem 7\MP\Datasets\archive (1)\clean_images\cattle\gir\gir_0541.png,cattle,gir,cattle_gir
D:\B.Tech\CE-AI\Sem 7\MP\Datasets\archive (1)\clean_images\cattle\guernsey\guernsey_0119.jpg,cattle,guernsey,cattle_guernsey
D:\B.Tech\CE-AI\Sem 7\MP\Datasets\archive (1)\clean_images\cattle\pulikulam\pulikulam_0068.jpg,cattle,pulikulam,cattle_pulikulam
D:\B.Tech\CE-AI\Sem 7\MP\Datasets\archive (1)\clean_images\cattle\ayrshire\ayrshire_0255.jpg,cattle,ayrshire,cattle_ayrshire
D:\B.Tech\CE-AI\Sem 7\MP\Datasets\archive (1)\clean_images\cattle\sahiwal\sahiwal_0126.jpg,cattle,sahiwal,cattle_sahiwal
D:\B.Tech\CE-AI\Sem 7\MP\Datasets\archive (1)\clean_images\cattle\rathi\rathi_0014.jpg,cattle,rathi,cattle_rathi
D:\B.Tech\CE-AI\Sem 7\MP\Datasets\archive (1)\clean_images\cattle\vechur\vechur_0141.png,cattle,vechur,cattle_vechur
D:\B.Tech\CE-AI\Sem 7\MP\Datasets\archive (1)\clean_images\cattle\deoni\deoni_0088.jpg,cattle,deoni,cattle_deoni
D:\B.Tech\CE-AI\Sem 7\MP\Datasets\archive (1)\clean_images\buffalo\bhadawari\bhadawari_0091.jpg,buffalo,bhadawari,buffalo_bhadawari
D:\B.Tech\CE-AI\Sem 7\MP\Datasets\archive (1)\clean_images\cattle\hallikar\hallikar_0193.jpg,cattle,hallikar,cattle_hallikar
D:\B.Tech\CE-AI\Sem 7\MP\Datasets\archive (1)\clean_images\buffalo\nagpuri\nagpuri_0163.jpg,buffalo,nagpuri,buffalo_nagpuri
D:\B.Tech\CE-AI\Sem 7\MP\Datasets\archive (1)\clean_images\cattle\hariana\hariana_0129.jpg,cattle,hariana,cattle_hariana
D:\B.Tech\CE-AI\Sem 7\MP\Datasets\archive (1)\clean_images\cattle\bargur\bargur_0027.png,cattle,bargur,cattle_bargur
D:\B.Tech\CE-AI\Sem 7\MP\Datasets\archive (1)\clean_images\buffalo\surti\surti_0020.png,buffalo,surti,buffalo_surti
D:\B.Tech\CE-AI\Sem 7\MP\Datasets\archive (1)\clean_images\buffalo\toda\toda_0003.jpg,buffalo,toda,buffalo_toda
D:\B.Tech\CE-AI\Sem 7\MP\Datasets\archive (1)\clean_images\cattle\ayrshire\ayrshire_0083.jpg,cattle,ayrshire,cattle_ayrshire
D:\B.Tech\CE-AI\Sem 7\MP\Datasets\archive (1)\clean_images\cattle\brown_swiss\brown_swiss_0294.jpg,cattle,brown_swiss,cattle_brown_swiss
D:\B.Tech\CE-AI\Sem 7\MP\Datasets\archive (1)\clean_images\cattle\kangayam\kangayam_0089.png,cattle,kangayam,cattle_kangayam
D:\B.Tech\CE-AI\Sem 7\MP\Datasets\archive (1)\clean_images\buffalo\bargur\bargur_0029.jpg,buffalo,bargur,buffalo_bargur
D:\B.Tech\CE-AI\Sem 7\MP\Datasets\archive (1)\clean_images\cattle\guernsey\guernsey_0137.jpg,cattle,guernsey,cattle_guernsey
D:\B.Tech\CE-AI\Sem 7\MP\Datasets\archive (1)\clean_images\cattle\guernsey\guernsey_0098.jpg,cattle,guernsey,cattle_guernsey
D:\B.Tech\CE-AI\Sem 7\MP\Datasets\archive (1)\clean_images\cattle\hariana\hariana_0046.png,cattle,hariana,cattle_hariana
D:\B.Tech\CE-AI\Sem 7\MP\Datasets\archive (1)\clean_images\cattle\guernsey\guernsey_0120.jpg,cattle,guernsey,cattle_guernsey
D:\B.Tech\CE-AI\Sem 7\MP\Datasets\archive (1)\clean_images\cattle\ayrshire\ayrshire_0030.jpg,cattle,ayrshire,cattle_ayrshire
D:\B.Tech\CE-AI\Sem 7\MP\Datasets\archive (1)\clean_images\cattle\red_dane\red_dane_0167.jpg,cattle,red_dane,cattle_red_dane
D:\B.Tech\CE-AI\Sem 7\MP\Datasets\archive (1)\clean_images\cattle\amritmahal\amritmahal_0182.jpg,cattle,amritmahal,cattle_amritmahal
D:\B.Tech\CE-AI\Sem 7\MP\Datasets\archive (1)\clean_images\cattle\ongole\ongole_0194.png,cattle,ongole,cattle_ongole
D:\B.Tech\CE-AI\Sem 7\MP\Datasets\archive (1)\clean_images\cattle\sahiwal\sahiwal_0240.jpg,cattle,sahiwal,cattle_sahiwal
D:\B.Tech\CE-AI\Sem 7\MP\Datasets\archive (1)\clean_images\cattle\deoni\deoni_0063.jpg,cattle,deoni,cattle_deoni
D:\B.Tech\CE-AI\Sem 7\MP\Datasets\archive (1)\clean_images\cattle\gir\gir_0473.jpg,cattle,gir,cattle_gir
D:\B.Tech\CE-AI\Sem 7\MP\Datasets\archive (1)\clean_images\cattle\brown_swiss\brown_swiss_0096.jpg,cattle,brown_swiss,cattle_brown_swiss
D:\B.Tech\CE-AI\Sem 7\MP\Datasets\archive (1)\clean_images\cattle\guernsey\guernsey_0010.jpg,cattle,guernsey,cattle_guernsey
D:\B.Tech\CE-AI\Sem 7\MP\Datasets\archive (1)\clean_images\buffalo\bhadawari\bhadawari_0028.jpg,buffalo,bhadawari,buffalo_bhadawari
D:\B.Tech\CE-AI\Sem 7\MP\Datasets\archive (1)\clean_images\cattle\ayrshire\ayrshire_0342.jpg,cattle,ayrshire,cattle_ayrshire
D:\B.Tech\CE-AI\Sem 7\MP\Datasets\archive (1)\clean_images\cattle\vechur\vechur_0068.jpg,cattle,vechur,cattle_vechur
D:\B.Tech\CE-AI\Sem 7\MP\Datasets\archive (1)\clean_images\cattle\brown_swiss\brown_swiss_0083.jpg,cattle,brown_swiss,cattle_brown_swiss
D:\B.Tech\CE-AI\Sem 7\MP\Datasets\archive (1)\clean_images\cattle\sahiwal\sahiwal_0327.png,cattle,sahiwal,cattle_sahiwal
D:\B.Tech\CE-AI\Sem 7\MP\Datasets\archive (1)\clean_images\cattle\hallikar\hallikar_0173.jpg,cattle,hallikar,cattle_hallikar
D:\B.Tech\CE-AI\Sem 7\MP\Datasets\archive (1)\clean_images\cattle\ongole\ongole_0152.jpg,cattle,ongole,cattle_ongole
D:\B.Tech\CE-AI\Sem 7\MP\Datasets\archive (1)\clean_images\cattle\nagori\nagori_0007.jpg,cattle,nagori,cattle_nagori
D:\B.Tech\CE-AI\Sem 7\MP\Datasets\archive (1)\clean_images\cattle\brown_swiss\brown_swiss_0395.jpg,cattle,brown_swiss,cattle_brown_swiss
D:\B.Tech\CE-AI\Sem 7\MP\Datasets\archive (1)\clean_images\cattle\gir\gir_0236.jpg,cattle,gir,cattle_gir
D:\B.Tech\CE-AI\Sem 7\MP\Datasets\archive (1)\clean_images\cattle\ayrshire\ayrshire_0354.jpg,cattle,ayrshire,cattle_ayrshire
D:\B.Tech\CE-AI\Sem 7\MP\Datasets\archive (1)\clean_images\cattle\tharparkar\tharparkar_0007.jpg,cattle,tharparkar,cattle_tharparkar
D:\B.Tech\CE-AI\Sem 7\MP\Datasets\archive (1)\clean_images\cattle\gir\gir_0552.png,cattle,gir,cattle_gir
D:\B.Tech\CE-AI\Sem 7\MP\Datasets\archive (1)\clean_images\cattle\guernsey\guernsey_0056.jpg,cattle,guernsey,cattle_guernsey
D:\B.Tech\CE-AI\Sem 7\MP\Datasets\archive (1)\clean_images\cattle\nimari\nimari_0070.png,cattle,nimari,cattle_nimari
D:\B.Tech\CE-AI\Sem 7\MP\Datasets\archive (1)\clean_images\cattle\gir\gir_0120.jpg,cattle,gir,cattle_gir
D:\B.Tech\CE-AI\Sem 7\MP\Datasets\archive (1)\clean_images\buffalo\bargur\bargur_0090.jpg,buffalo,bargur,buffalo_bargur
D:\B.Tech\CE-AI\Sem 7\MP\Datasets\archive (1)\clean_images\cattle\pulikulam\pulikulam_0012.jpg,cattle,pulikulam,cattle_pulikulam
D:\B.Tech\CE-AI\Sem 7\MP\Datasets\archive (1)\clean_images\cattle\umblachery\umblachery_0016.jpg,cattle,umblachery,cattle_umblachery
D:\B.Tech\CE-AI\Sem 7\MP\Datasets\archive (1)\clean_images\cattle\malnad_gidda\malnad_gidda_0041.jpg,cattle,malnad_gidda,cattle_malnad_gidda
D:\B.Tech\CE-AI\Sem 7\MP\Datasets\archive (1)\clean_images\buffalo\jaffarabadi\jaffarabadi_0069.jpg,buffalo,jaffarabadi,buffalo_jaffarabadi
D:\B.Tech\CE-AI\Sem 7\MP\Datasets\archive (1)\clean_images\cattle\brown_swiss\brown_swiss_0212.jpg,cattle,brown_swiss,cattle_brown_swiss
D:\B.Tech\CE-AI\Sem 7\MP\Datasets\archive (1)\clean_images\buffalo\nagpuri\nagpuri_0180.jpg,buffalo,nagpuri,buffalo_nagpuri
D:\B.Tech\CE-AI\Sem 7\MP\Datasets\archive (1)\clean_images\cattle\brown_swiss\brown_swiss_0448.jpg,cattle,brown_swiss,cattle_brown_swiss
D:\B.Tech\CE-AI\Sem 7\MP\Datasets\archive (1)\clean_images\cattle\ayrshire\ayrshire_0622.jpg,cattle,ayrshire,cattle_ayrshire
D:\B.Tech\CE-AI\Sem 7\MP\Datasets\archive (1)\clean_images\cattle\amritmahal\amritmahal_0024.jpg,cattle,amritmahal,cattle_amritmahal
D:\B.Tech\CE-AI\Sem 7\MP\Datasets\archive (1)\clean_images\cattle\amritmahal\amritmahal_0102.jpg,cattle,amritmahal,cattle_amritmahal
D:\B.Tech\CE-AI\Sem 7\MP\Datasets\archive (1)\clean_images\cattle\amritmahal\amritmahal_0066.jpg,cattle,amritmahal,cattle_amritmahal
D:\B.Tech\CE-AI\Sem 7\MP\Datasets\archive (1)\clean_images\cattle\rathi\rathi_0113.jpg,cattle,rathi,cattle_rathi
D:\B.Tech\CE-AI\Sem 7\MP\Datasets\archive (1)\clean_images\buffalo\bhadawari\bhadawari_0166.jpg,buffalo,bhadawari,buffalo_bhadawari
D:\B.Tech\CE-AI\Sem 7\MP\Datasets\archive (1)\clean_images\cattle\holstein-friesian\holstein-friesian_0004.jpg,cattle,holstein-friesian,cattle_holstein-friesian
D:\B.Tech\CE-AI\Sem 7\MP\Datasets\archive (1)\clean_images\cattle\vechur\vechur_0115.png,cattle,vechur,cattle_vechur
D:\B.Tech\CE-AI\Sem 7\MP\Datasets\archive (1)\clean_images\cattle\amritmahal\amritmahal_0136.jpg,cattle,amritmahal,cattle_amritmahal
D:\B.Tech\CE-AI\Sem 7\MP\Datasets\archive (1)\clean_images\cattle\ongole\ongole_0144.png,cattle,ongole,cattle_ongole
D:\B.Tech\CE-AI\Sem 7\MP\Datasets\archive (1)\clean_images\cattle\sahiwal\sahiwal_0376.jpeg,cattle,sahiwal,cattle_sahiwal
D:\B.Tech\CE-AI\Sem 7\MP\Datasets\archive (1)\clean_images\buffalo\toda\toda_0044.jpg,buffalo,toda,buffalo_toda
D:\B.Tech\CE-AI\Sem 7\MP\Datasets\archive (1)\clean_images\cattle\hallikar\hallikar_0106.jpg,cattle,hallikar,cattle_hallikar
D:\B.Tech\CE-AI\Sem 7\MP\Datasets\archive (1)\clean_images\buffalo\alambadi\alambadi_0125.png,buffalo,alambadi,buffalo_alambadi
D:\B.Tech\CE-AI\Sem 7\MP\Datasets\archive (1)\clean_images\buffalo\bargur\bargur_0007.jpg,buffalo,bargur,buffalo_bargur
D:\B.Tech\CE-AI\Sem 7\MP\Datasets\archive (1)\clean_images\buffalo\alambadi\alambadi_0052.jpg,buffalo,alambadi,buffalo_alambadi
D:\B.Tech\CE-AI\Sem 7\MP\Datasets\archive (1)\clean_images\cattle\sahiwal\sahiwal_0328.png,cattle,sahiwal,cattle_sahiwal
D:\B.Tech\CE-AI\Sem 7\MP\Datasets\archive (1)\clean_images\buffalo\nili_ravi\nili_ravi_0001.jpg,buffalo,nili_ravi,buffalo_nili_ravi
D:\B.Tech\CE-AI\Sem 7\MP\Datasets\archive (1)\clean_images\cattle\jersey\jersey_0117.jpg,cattle,jersey,cattle_jersey
D:\B.Tech\CE-AI\Sem 7\MP\Datasets\archive (1)\clean_images\cattle\holstein-friesian\holstein-friesian_0374.jpg,cattle,holstein-friesian,cattle_holstein-friesian
D:\B.Tech\CE-AI\Sem 7\MP\Datasets\archive (1)\clean_images\cattle\guernsey\guernsey_0021.jpg,cattle,guernsey,cattle_guernsey
D:\B.Tech\CE-AI\Sem 7\MP\Datasets\archive (1)\clean_images\cattle\ayrshire\ayrshire_0661.jpg,cattle,ayrshire,cattle_ayrshire
D:\B.Tech\CE-AI\Sem 7\MP\Datasets\archive (1)\clean_images\cattle\nagori\nagori_0096.png,cattle,nagori,cattle_nagori
D:\B.Tech\CE-AI\Sem 7\MP\Datasets\archive (1)\clean_images\cattle\holstein-friesian\holstein-friesian_0342.jpg,cattle,holstein-friesian,cattle_holstein-friesian
D:\B.Tech\CE-AI\Sem 7\MP\Datasets\archive (1)\clean_images\buffalo\nili_ravi\nili_ravi_0052.jpg,buffalo,nili_ravi,buffalo_nili_ravi
D:\B.Tech\CE-AI\Sem 7\MP\Datasets\archive (1)\clean_images\cattle\bargur\bargur_0022.png,cattle,bargur,cattle_bargur
D:\B.Tech\CE-AI\Sem 7\MP\Datasets\archive (1)\clean_images\cattle\kangayam\kangayam_0079.jpg,cattle,kangayam,cattle_kangayam
D:\B.Tech\CE-AI\Sem 7\MP\Datasets\archive (1)\clean_images\buffalo\mehsana\mehsana_0022.png,buffalo,mehsana,buffalo_mehsana
D:\B.Tech\CE-AI\Sem 7\MP\Datasets\archive (1)\clean_images\cattle\gir\gir_0142.jpg,cattle,gir,cattle_gir
D:\B.Tech\CE-AI\Sem 7\MP\Datasets\archive (1)\clean_images\cattle\hariana\hariana_0084.jpg,cattle,hariana,cattle_hariana
D:\B.Tech\CE-AI\Sem 7\MP\Datasets\archive (1)\clean_images\cattle\hariana\hariana_0017.jpg,cattle,hariana,cattle_hariana
D:\B.Tech\CE-AI\Sem 7\MP\Datasets\archive (1)\clean_images\cattle\amritmahal\amritmahal_0202.jpg,cattle,amritmahal,cattle_amritmahal
D:\B.Tech\CE-AI\Sem 7\MP\Datasets\archive (1)\clean_images\cattle\ayrshire\ayrshire_0360.jpg,cattle,ayrshire,cattle_ayrshire
D:\B.Tech\CE-AI\Sem 7\MP\Datasets\archive (1)\clean_images\cattle\holstein-friesian\holstein-friesian_0201.jpg,cattle,holstein-friesian,cattle_holstein-friesian
D:\B.Tech\CE-AI\Sem 7\MP\Datasets\archive (1)\clean_images\buffalo\alambadi\alambadi_0188.png,buffalo,alambadi,buffalo_alambadi
D:\B.Tech\CE-AI\Sem 7\MP\Datasets\archive (1)\clean_images\cattle\ayrshire\ayrshire_0474.jpg,cattle,ayrshire,cattle_ayrshire
D:\B.Tech\CE-AI\Sem 7\MP\Datasets\archive (1)\clean_images\cattle\guernsey\guernsey_0035.jpg,cattle,guernsey,cattle_guernsey
D:\B.Tech\CE-AI\Sem 7\MP\Datasets\archive (1)\clean_images\cattle\rathi\rathi_0030.jpg,cattle,rathi,cattle_rathi
D:\B.Tech\CE-AI\Sem 7\MP\Datasets\archive (1)\clean_images\cattle\guernsey\guernsey_0025.jpg,cattle,guernsey,cattle_guernsey
D:\B.Tech\CE-AI\Sem 7\MP\Datasets\archive (1)\clean_images\buffalo\alambadi\alambadi_0006.jpg,buffalo,alambadi,buffalo_alambadi
D:\B.Tech\CE-AI\Sem 7\MP\Datasets\archive (1)\clean_images\cattle\jersey\jersey_0131.jpg,cattle,jersey,cattle_jersey
D:\B.Tech\CE-AI\Sem 7\MP\Datasets\archive (1)\clean_images\cattle\hallikar\hallikar_0113.jpg,cattle,hallikar,cattle_hallikar
D:\B.Tech\CE-AI\Sem 7\MP\Datasets\archive (1)\clean_images\buffalo\banni\banni_0048.jpg,buffalo,banni,buffalo_banni
D:\B.Tech\CE-AI\Sem 7\MP\Datasets\archive (1)\clean_images\cattle\nagori\nagori_0010.jpg,cattle,nagori,cattle_nagori
D:\B.Tech\CE-AI\Sem 7\MP\Datasets\archive (1)\clean_images\cattle\deoni\deoni_0033.jpg,cattle,deoni,cattle_deoni
D:\B.Tech\CE-AI\Sem 7\MP\Datasets\archive (1)\clean_images\cattle\krishna_valley\krishna_valley_0063.jpg,cattle,krishna_valley,cattle_krishna_valley
D:\B.Tech\CE-AI\Sem 7\MP\Datasets\archive (1)\clean_images\cattle\kherigarh\kherigarh_0009.jpg,cattle,kherigarh,cattle_kherigarh
D:\B.Tech\CE-AI\Sem 7\MP\Datasets\archive (1)\clean_images\cattle\hallikar\hallikar_0234.jpg,cattle,hallikar,cattle_hallikar
D:\B.Tech\CE-AI\Sem 7\MP\Datasets\archive (1)\clean_images\cattle\holstein-friesian\holstein-friesian_0199.jpg,cattle,holstein-friesian,cattle_holstein-friesian
D:\B.Tech\CE-AI\Sem 7\MP\Datasets\archive (1)\clean_images\cattle\holstein-friesian\holstein-friesian_0053.jpg,cattle,holstein-friesian,cattle_holstein-friesian
D:\B.Tech\CE-AI\Sem 7\MP\Datasets\archive (1)\clean_images\cattle\ayrshire\ayrshire_0690.jpg,cattle,ayrshire,cattle_ayrshire
D:\B.Tech\CE-AI\Sem 7\MP\Datasets\archive (1)\clean_images\cattle\ongole\ongole_0026.png,cattle,ongole,cattle_ongole
D:\B.Tech\CE-AI\Sem 7\MP\Datasets\archive (1)\clean_images\cattle\tharparkar\tharparkar_0195.jpg,cattle,tharparkar,cattle_tharparkar
D:\B.Tech\CE-AI\Sem 7\MP\Datasets\archive (1)\clean_images\cattle\gir\gir_0118.jpg,cattle,gir,cattle_gir
D:\B.Tech\CE-AI\Sem 7\MP\Datasets\archive (1)\clean_images\cattle\ayrshire\ayrshire_0339.jpg,cattle,ayrshire,cattle_ayrshire
D:\B.Tech\CE-AI\Sem 7\MP\Datasets\archive (1)\clean_images\buffalo\surti\surti_0004.jpg,buffalo,surti,buffalo_surti
D:\B.Tech\CE-AI\Sem 7\MP\Datasets\archive (1)\clean_images\cattle\nagori\nagori_0056.png,cattle,nagori,cattle_nagori
D:\B.Tech\CE-AI\Sem 7\MP\Datasets\archive (1)\clean_images\cattle\holstein-friesian\holstein-friesian_0304.jpg,cattle,holstein-friesian,cattle_holstein-friesian
D:\B.Tech\CE-AI\Sem 7\MP\Datasets\archive (1)\clean_images\buffalo\bhadawari\bhadawari_0139.jpg,buffalo,bhadawari,buffalo_bhadawari
D:\B.Tech\CE-AI\Sem 7\MP\Datasets\archive (1)\clean_images\cattle\ongole\ongole_0158.jpg,cattle,ongole,cattle_ongole
D:\B.Tech\CE-AI\Sem 7\MP\Datasets\archive (1)\clean_images\cattle\red_sindhi\red_sindhi_0150.jpg,cattle,red_sindhi,cattle_red_sindhi
D:\B.Tech\CE-AI\Sem 7\MP\Datasets\archive (1)\clean_images\cattle\dangi\dangi_0085.png,cattle,dangi,cattle_dangi
D:\B.Tech\CE-AI\Sem 7\MP\Datasets\archive (1)\clean_images\buffalo\toda\toda_0027.jpg,buffalo,toda,buffalo_toda
D:\B.Tech\CE-AI\Sem 7\MP\Datasets\archive (1)\clean_images\cattle\holstein-friesian\holstein-friesian_0472.jpg,cattle,holstein-friesian,cattle_holstein-friesian
D:\B.Tech\CE-AI\Sem 7\MP\Datasets\archive (1)\clean_images\cattle\nagori\nagori_0025.jpg,cattle,nagori,cattle_nagori
D:\B.Tech\CE-AI\Sem 7\MP\Datasets\archive (1)\clean_images\cattle\jersey\jersey_0200.jpg,cattle,jersey,cattle_jersey
D:\B.Tech\CE-AI\Sem 7\MP\Datasets\archive (1)\clean_images\cattle\brown_swiss\brown_swiss_0033.jpg,cattle,brown_swiss,cattle_brown_swiss
D:\B.Tech\CE-AI\Sem 7\MP\Datasets\archive (1)\clean_images\cattle\sahiwal\sahiwal_0438.jpg,cattle,sahiwal,cattle_sahiwal
D:\B.Tech\CE-AI\Sem 7\MP\Datasets\archive (1)\clean_images\cattle\guernsey\guernsey_0131.jpg,cattle,guernsey,cattle_guernsey
D:\B.Tech\CE-AI\Sem 7\MP\Datasets\archive (1)\clean_images\cattle\guernsey\guernsey_0040.jpg,cattle,guernsey,cattle_guernsey
D:\B.Tech\CE-AI\Sem 7\MP\Datasets\archive (1)\clean_images\cattle\brown_swiss\brown_swiss_0047.jpg,cattle,brown_swiss,cattle_brown_swiss
D:\B.Tech\CE-AI\Sem 7\MP\Datasets\archive (1)\clean_images\cattle\red_dane\red_dane_0079.jpg,cattle,red_dane,cattle_red_dane
D:\B.Tech\CE-AI\Sem 7\MP\Datasets\archive (1)\clean_images\cattle\holstein-friesian\holstein-friesian_0242.jpg,cattle,holstein-friesian,cattle_holstein-friesian
D:\B.Tech\CE-AI\Sem 7\MP\Datasets\archive (1)\clean_images\cattle\sahiwal\sahiwal_0400.jpg,cattle,sahiwal,cattle_sahiwal
D:\B.Tech\CE-AI\Sem 7\MP\Datasets\archive (1)\clean_images\buffalo\nili_ravi\nili_ravi_0022.png,buffalo,nili_ravi,buffalo_nili_ravi
D:\B.Tech\CE-AI\Sem 7\MP\Datasets\archive (1)\clean_images\cattle\malnad_gidda\malnad_gidda_0074.png,cattle,malnad_gidda,cattle_malnad_gidda
D:\B.Tech\CE-AI\Sem 7\MP\Datasets\archive (1)\clean_images\cattle\gir\gir_0089.jpg,cattle,gir,cattle_gir
D:\B.Tech\CE-AI\Sem 7\MP\Datasets\archive (1)\clean_images\buffalo\alambadi\alambadi_0176.jpg,buffalo,alambadi,buffalo_alambadi
D:\B.Tech\CE-AI\Sem 7\MP\Datasets\archive (1)\clean_images\cattle\brown_swiss\brown_swiss_0206.jpg,cattle,brown_swiss,cattle_brown_swiss
D:\B.Tech\CE-AI\Sem 7\MP\Datasets\archive (1)\clean_images\cattle\hallikar\hallikar_0078.jpg,cattle,hallikar,cattle_hallikar
D:\B.Tech\CE-AI\Sem 7\MP\Datasets\archive (1)\clean_images\cattle\kangayam\kangayam_0095.jpg,cattle,kangayam,cattle_kangayam
D:\B.Tech\CE-AI\Sem 7\MP\Datasets\archive (1)\clean_images\buffalo\bhadawari\bhadawari_0189.jpg,buffalo,bhadawari,buffalo_bhadawari
D:\B.Tech\CE-AI\Sem 7\MP\Datasets\archive (1)\clean_images\cattle\brown_swiss\brown_swiss_0447.jpg,cattle,brown_swiss,cattle_brown_swiss
D:\B.Tech\CE-AI\Sem 7\MP\Datasets\archive (1)\clean_images\cattle\kangayam\kangayam_0001.jpg,cattle,kangayam,cattle_kangayam
D:\B.Tech\CE-AI\Sem 7\MP\Datasets\archive (1)\clean_images\cattle\hallikar\hallikar_0001.jpg,cattle,hallikar,cattle_hallikar
D:\B.Tech\CE-AI\Sem 7\MP\Datasets\archive (1)\clean_images\cattle\red_sindhi\red_sindhi_0091.png,cattle,red_sindhi,cattle_red_sindhi
D:\B.Tech\CE-AI\Sem 7\MP\Datasets\archive (1)\clean_images\buffalo\jaffarabadi\jaffarabadi_0082.png,buffalo,jaffarabadi,buffalo_jaffarabadi
D:\B.Tech\CE-AI\Sem 7\MP\Datasets\archive (1)\clean_images\cattle\holstein-friesian\holstein-friesian_0027.jpg,cattle,holstein-friesian,cattle_holstein-friesian
D:\B.Tech\CE-AI\Sem 7\MP\Datasets\archive (1)\clean_images\cattle\gir\gir_0675.png,cattle,gir,cattle_gir
D:\B.Tech\CE-AI\Sem 7\MP\Datasets\archive (1)\clean_images\cattle\holstein-friesian\holstein-friesian_0546.jpg,cattle,holstein-friesian,cattle_holstein-friesian
D:\B.Tech\CE-AI\Sem 7\MP\Datasets\archive (1)\clean_images\cattle\bargur\bargur_0018.jpg,cattle,bargur,cattle_bargur
D:\B.Tech\CE-AI\Sem 7\MP\Datasets\archive (1)\clean_images\cattle\gir\gir_0350.jpg,cattle,gir,cattle_gir
D:\B.Tech\CE-AI\Sem 7\MP\Datasets\archive (1)\clean_images\cattle\red_sindhi\red_sindhi_0066.gif,cattle,red_sindhi,cattle_red_sindhi
D:\B.Tech\CE-AI\Sem 7\MP\Datasets\archive (1)\clean_images\cattle\gir\gir_0739.jpg,cattle,gir,cattle_gir
D:\B.Tech\CE-AI\Sem 7\MP\Datasets\archive (1)\clean_images\buffalo\nagpuri\nagpuri_0016.png,buffalo,nagpuri,buffalo_nagpuri
D:\B.Tech\CE-AI\Sem 7\MP\Datasets\archive (1)\clean_images\cattle\jersey\jersey_0033.jpg,cattle,jersey,cattle_jersey
D:\B.Tech\CE-AI\Sem 7\MP\Datasets\archive (1)\clean_images\cattle\hallikar\hallikar_0052.jpg,cattle,hallikar,cattle_hallikar
D:\B.Tech\CE-AI\Sem 7\MP\Datasets\archive (1)\clean_images\cattle\amritmahal\amritmahal_0138.png,cattle,amritmahal,cattle_amritmahal
D:\B.Tech\CE-AI\Sem 7\MP\Datasets\archive (1)\clean_images\buffalo\bargur\bargur_0089.jpg,buffalo,bargur,buffalo_bargur
D:\B.Tech\CE-AI\Sem 7\MP\Datasets\archive (1)\clean_images\cattle\gir\gir_0516.jpg,cattle,gir,cattle_gir
D:\B.Tech\CE-AI\Sem 7\MP\Datasets\archive (1)\clean_images\cattle\guernsey\guernsey_0230.jpg,cattle,guernsey,cattle_guernsey
D:\B.Tech\CE-AI\Sem 7\MP\Datasets\archive (1)\clean_images\cattle\deoni\deoni_0178.png,cattle,deoni,cattle_deoni
D:\B.Tech\CE-AI\Sem 7\MP\Datasets\archive (1)\clean_images\cattle\gir\gir_0338.jpg,cattle,gir,cattle_gir
D:\B.Tech\CE-AI\Sem 7\MP\Datasets\archive (1)\clean_images\cattle\amritmahal\amritmahal_0166.png,cattle,amritmahal,cattle_amritmahal
D:\B.Tech\CE-AI\Sem 7\MP\Datasets\archive (1)\clean_images\cattle\amritmahal\amritmahal_0111.jpg,cattle,amritmahal,cattle_amritmahal
D:\B.Tech\CE-AI\Sem 7\MP\Datasets\archive (1)\clean_images\cattle\rathi\rathi_0047.png,cattle,rathi,cattle_rathi
D:\B.Tech\CE-AI\Sem 7\MP\Datasets\archive (1)\clean_images\cattle\red_sindhi\red_sindhi_0014.jpg,cattle,red_sindhi,cattle_red_sindhi
D:\B.Tech\CE-AI\Sem 7\MP\Datasets\archive (1)\clean_images\cattle\kherigarh\kherigarh_0037.jpg,cattle,kherigarh,cattle_kherigarh
D:\B.Tech\CE-AI\Sem 7\MP\Datasets\archive (1)\clean_images\cattle\brown_swiss\brown_swiss_0058.jpg,cattle,brown_swiss,cattle_brown_swiss
D:\B.Tech\CE-AI\Sem 7\MP\Datasets\archive (1)\clean_images\cattle\krishna_valley\krishna_valley_0091.jpg,cattle,krishna_valley,cattle_krishna_valley
D:\B.Tech\CE-AI\Sem 7\MP\Datasets\archive (1)\clean_images\cattle\rathi\rathi_0077.jpg,cattle,rathi,cattle_rathi
D:\B.Tech\CE-AI\Sem 7\MP\Datasets\archive (1)\clean_images\cattle\nagori\nagori_0098.png,cattle,nagori,cattle_nagori
D:\B.Tech\CE-AI\Sem 7\MP\Datasets\archive (1)\clean_images\cattle\vechur\vechur_0130.png,cattle,vechur,cattle_vechur
D:\B.Tech\CE-AI\Sem 7\MP\Datasets\archive (1)\clean_images\cattle\ayrshire\ayrshire_0328.jpg,cattle,ayrshire,cattle_ayrshire
D:\B.Tech\CE-AI\Sem 7\MP\Datasets\archive (1)\clean_images\cattle\amritmahal\amritmahal_0001.jpg,cattle,amritmahal,cattle_amritmahal
D:\B.Tech\CE-AI\Sem 7\MP\Datasets\archive (1)\clean_images\cattle\gir\gir_0763.jpg,cattle,gir,cattle_gir
D:\B.Tech\CE-AI\Sem 7\MP\Datasets\archive (1)\clean_images\cattle\sahiwal\sahiwal_0426.jpg,cattle,sahiwal,cattle_sahiwal
D:\B.Tech\CE-AI\Sem 7\MP\Datasets\archive (1)\clean_images\cattle\kankrej\kankrej_0079.jpg,cattle,kankrej,cattle_kankrej
D:\B.Tech\CE-AI\Sem 7\MP\Datasets\archive (1)\clean_images\cattle\ayrshire\ayrshire_0183.jpg,cattle,ayrshire,cattle_ayrshire
D:\B.Tech\CE-AI\Sem 7\MP\Datasets\archive (1)\clean_images\cattle\brown_swiss\brown_swiss_0355.jpg,cattle,brown_swiss,cattle_brown_swiss
D:\B.Tech\CE-AI\Sem 7\MP\Datasets\archive (1)\clean_images\cattle\deoni\deoni_0163.png,cattle,deoni,cattle_deoni
D:\B.Tech\CE-AI\Sem 7\MP\Datasets\archive (1)\clean_images\cattle\holstein-friesian\holstein-friesian_0031.jpg,cattle,holstein-friesian,cattle_holstein-friesian
D:\B.Tech\CE-AI\Sem 7\MP\Datasets\archive (1)\clean_images\cattle\brown_swiss\brown_swiss_0182.jpg,cattle,brown_swiss,cattle_brown_swiss
D:\B.Tech\CE-AI\Sem 7\MP\Datasets\archive (1)\clean_images\cattle\jersey\jersey_0049.jpg,cattle,jersey,cattle_jersey
D:\B.Tech\CE-AI\Sem 7\MP\Datasets\archive (1)\clean_images\cattle\gir\gir_0752.jpg,cattle,gir,cattle_gir
D:\B.Tech\CE-AI\Sem 7\MP\Datasets\archive (1)\clean_images\cattle\ongole\ongole_0165.png,cattle,ongole,cattle_ongole
D:\B.Tech\CE-AI\Sem 7\MP\Datasets\archive (1)\clean_images\cattle\brown_swiss\brown_swiss_0080.jpg,cattle,brown_swiss,cattle_brown_swiss
D:\B.Tech\CE-AI\Sem 7\MP\Datasets\archive (1)\clean_images\cattle\ayrshire\ayrshire_0240.jpg,cattle,ayrshire,cattle_ayrshire
D:\B.Tech\CE-AI\Sem 7\MP\Datasets\archive (1)\clean_images\cattle\brown_swiss\brown_swiss_0084.jpg,cattle,brown_swiss,cattle_brown_swiss
D:\B.Tech\CE-AI\Sem 7\MP\Datasets\archive (1)\clean_images\cattle\red_sindhi\red_sindhi_0003.jpg,cattle,red_sindhi,cattle_red_sindhi
D:\B.Tech\CE-AI\Sem 7\MP\Datasets\archive (1)\clean_images\cattle\ayrshire\ayrshire_0626.jpg,cattle,ayrshire,cattle_ayrshire
D:\B.Tech\CE-AI\Sem 7\MP\Datasets\archive (1)\clean_images\buffalo\toda\toda_0020.jpg,buffalo,toda,buffalo_toda
D:\B.Tech\CE-AI\Sem 7\MP\Datasets\archive (1)\clean_images\cattle\ongole\ongole_0072.jpg,cattle,ongole,cattle_ongole
D:\B.Tech\CE-AI\Sem 7\MP\Datasets\archive (1)\clean_images\cattle\kangayam\kangayam_0007.jpg,cattle,kangayam,cattle_kangayam
D:\B.Tech\CE-AI\Sem 7\MP\Datasets\archive (1)\clean_images\cattle\holstein-friesian\holstein-friesian_0203.jpg,cattle,holstein-friesian,cattle_holstein-friesian
D:\B.Tech\CE-AI\Sem 7\MP\Datasets\archive (1)\clean_images\cattle\krishna_valley\krishna_valley_0086.jpg,cattle,krishna_valley,cattle_krishna_valley
D:\B.Tech\CE-AI\Sem 7\MP\Datasets\archive (1)\clean_images\cattle\bargur\bargur_0007.jpg,cattle,bargur,cattle_bargur
D:\B.Tech\CE-AI\Sem 7\MP\Datasets\archive (1)\clean_images\buffalo\bhadawari\bhadawari_0021.jpg,buffalo,bhadawari,buffalo_bhadawari
D:\B.Tech\CE-AI\Sem 7\MP\Datasets\archive (1)\clean_images\cattle\tharparkar\tharparkar_0044.jpg,cattle,tharparkar,cattle_tharparkar
D:\B.Tech\CE-AI\Sem 7\MP\Datasets\archive (1)\clean_images\buffalo\nagpuri\nagpuri_0127.jpg,buffalo,nagpuri,buffalo_nagpuri
D:\B.Tech\CE-AI\Sem 7\MP\Datasets\archive (1)\clean_images\cattle\malnad_gidda\malnad_gidda_0071.png,cattle,malnad_gidda,cattle_malnad_gidda
D:\B.Tech\CE-AI\Sem 7\MP\Datasets\archive (1)\clean_images\cattle\sahiwal\sahiwal_0131.jpg,cattle,sahiwal,cattle_sahiwal
D:\B.Tech\CE-AI\Sem 7\MP\Datasets\archive (1)\clean_images\buffalo\nagpuri\nagpuri_0171.jpg,buffalo,nagpuri,buffalo_nagpuri
D:\B.Tech\CE-AI\Sem 7\MP\Datasets\archive (1)\clean_images\cattle\red_dane\red_dane_0004.jpg,cattle,red_dane,cattle_red_dane
D:\B.Tech\CE-AI\Sem 7\MP\Datasets\archive (1)\clean_images\buffalo\mehsana\mehsana_0069.jpg,buffalo,mehsana,buffalo_mehsana
D:\B.Tech\CE-AI\Sem 7\MP\Datasets\archive (1)\clean_images\cattle\gir\gir_0086.jpg,cattle,gir,cattle_gir
D:\B.Tech\CE-AI\Sem 7\MP\Datasets\archive (1)\clean_images\buffalo\murrah\murrah_0096.jpg,buffalo,murrah,buffalo_murrah
D:\B.Tech\CE-AI\Sem 7\MP\Datasets\archive (1)\clean_images\buffalo\toda\toda_0038.jpg,buffalo,toda,buffalo_toda
D:\B.Tech\CE-AI\Sem 7\MP\Datasets\archive (1)\clean_images\cattle\malnad_gidda\malnad_gidda_0062.png,cattle,malnad_gidda,cattle_malnad_gidda
D:\B.Tech\CE-AI\Sem 7\MP\Datasets\archive (1)\clean_images\cattle\gir\gir_0293.jpg,cattle,gir,cattle_gir
D:\B.Tech\CE-AI\Sem 7\MP\Datasets\archive (1)\clean_images\cattle\ayrshire\ayrshire_0071.jpg,cattle,ayrshire,cattle_ayrshire
D:\B.Tech\CE-AI\Sem 7\MP\Datasets\archive (1)\clean_images\cattle\brown_swiss\brown_swiss_0167.jpg,cattle,brown_swiss,cattle_brown_swiss
D:\B.Tech\CE-AI\Sem 7\MP\Datasets\archive (1)\clean_images\cattle\brown_swiss\brown_swiss_0349.jpg,cattle,brown_swiss,cattle_brown_swiss
D:\B.Tech\CE-AI\Sem 7\MP\Datasets\archive (1)\clean_images\buffalo\nili_ravi\nili_ravi_0003.jpg,buffalo,nili_ravi,buffalo_nili_ravi
D:\B.Tech\CE-AI\Sem 7\MP\Datasets\archive (1)\clean_images\cattle\amritmahal\amritmahal_0161.png,cattle,amritmahal,cattle_amritmahal
D:\B.Tech\CE-AI\Sem 7\MP\Datasets\archive (1)\clean_images\cattle\bargur\bargur_0062.jpg,cattle,bargur,cattle_bargur
D:\B.Tech\CE-AI\Sem 7\MP\Datasets\archive (1)\clean_images\cattle\gir\gir_0644.jpg,cattle,gir,cattle_gir
D:\B.Tech\CE-AI\Sem 7\MP\Datasets\archive (1)\clean_images\cattle\tharparkar\tharparkar_0193.jpg,cattle,tharparkar,cattle_tharparkar
D:\B.Tech\CE-AI\Sem 7\MP\Datasets\archive (1)\clean_images\cattle\gir\gir_0747.jpg,cattle,gir,cattle_gir
D:\B.Tech\CE-AI\Sem 7\MP\Datasets\archive (1)\clean_images\cattle\ongole\ongole_0090.jpg,cattle,ongole,cattle_ongole
D:\B.Tech\CE-AI\Sem 7\MP\Datasets\archive (1)\clean_images\cattle\gir\gir_0040.jpg,cattle,gir,cattle_gir
D:\B.Tech\CE-AI\Sem 7\MP\Datasets\archive (1)\clean_images\cattle\deoni\deoni_0024.jpg,cattle,deoni,cattle_deoni
D:\B.Tech\CE-AI\Sem 7\MP\Datasets\archive (1)\clean_images\cattle\guernsey\guernsey_0219.jpg,cattle,guernsey,cattle_guernsey
D:\B.Tech\CE-AI\Sem 7\MP\Datasets\archive (1)\clean_images\cattle\brown_swiss\brown_swiss_0198.jpg,cattle,brown_swiss,cattle_brown_swiss
D:\B.Tech\CE-AI\Sem 7\MP\Datasets\archive (1)\clean_images\buffalo\bhadawari\bhadawari_0131.jpg,buffalo,bhadawari,buffalo_bhadawari
D:\B.Tech\CE-AI\Sem 7\MP\Datasets\archive (1)\clean_images\cattle\amritmahal\amritmahal_0012.jpg,cattle,amritmahal,cattle_amritmahal
D:\B.Tech\CE-AI\Sem 7\MP\Datasets\archive (1)\clean_images\buffalo\bhadawari\bhadawari_0037.jpg,buffalo,bhadawari,buffalo_bhadawari
D:\B.Tech\CE-AI\Sem 7\MP\Datasets\archive (1)\clean_images\cattle\sahiwal\sahiwal_0222.jpg,cattle,sahiwal,cattle_sahiwal
D:\B.Tech\CE-AI\Sem 7\MP\Datasets\archive (1)\clean_images\cattle\holstein-friesian\holstein-friesian_0018.jpg,cattle,holstein-friesian,cattle_holstein-friesian
D:\B.Tech\CE-AI\Sem 7\MP\Datasets\archive (1)\clean_images\buffalo\toda\toda_0075.jpg,buffalo,toda,buffalo_toda
D:\B.Tech\CE-AI\Sem 7\MP\Datasets\archive (1)\clean_images\cattle\hariana\hariana_0125.jpg,cattle,hariana,cattle_hariana
D:\B.Tech\CE-AI\Sem 7\MP\Datasets\archive (1)\clean_images\buffalo\jaffarabadi\jaffarabadi_0033.jpg,buffalo,jaffarabadi,buffalo_jaffarabadi
D:\B.Tech\CE-AI\Sem 7\MP\Datasets\archive (1)\clean_images\cattle\kenkatha\kenkatha_0049.jpg,cattle,kenkatha,cattle_kenkatha
D:\B.Tech\CE-AI\Sem 7\MP\Datasets\archive (1)\clean_images\cattle\nimari\nimari_0049.jpg,cattle,nimari,cattle_nimari
D:\B.Tech\CE-AI\Sem 7\MP\Datasets\archive (1)\clean_images\cattle\hallikar\hallikar_0125.jpg,cattle,hallikar,cattle_hallikar
D:\B.Tech\CE-AI\Sem 7\MP\Datasets\archive (1)\clean_images\cattle\ongole\ongole_0073.jpg,cattle,ongole,cattle_ongole
D:\B.Tech\CE-AI\Sem 7\MP\Datasets\archive (1)\clean_images\cattle\khillar\khillar_0045.jpg,cattle,khillar,cattle_khillar
D:\B.Tech\CE-AI\Sem 7\MP\Datasets\archive (1)\clean_images\cattle\sahiwal\sahiwal_0160.jpg,cattle,sahiwal,cattle_sahiwal
D:\B.Tech\CE-AI\Sem 7\MP\Datasets\archive (1)\clean_images\cattle\red_dane\red_dane_0120.jpg,cattle,red_dane,cattle_red_dane
D:\B.Tech\CE-AI\Sem 7\MP\Datasets\archive (1)\clean_images\cattle\holstein-friesian\holstein-friesian_0400.jpg,cattle,holstein-friesian,cattle_holstein-friesian
D:\B.Tech\CE-AI\Sem 7\MP\Datasets\archive (1)\clean_images\cattle\khillar\khillar_0042.jpg,cattle,khillar,cattle_khillar
D:\B.Tech\CE-AI\Sem 7\MP\Datasets\archive (1)\clean_images\cattle\krishna_valley\krishna_valley_0052.jpg,cattle,krishna_valley,cattle_krishna_valley
D:\B.Tech\CE-AI\Sem 7\MP\Datasets\archive (1)\clean_images\cattle\kankrej\kankrej_0069.png,cattle,kankrej,cattle_kankrej
D:\B.Tech\CE-AI\Sem 7\MP\Datasets\archive (1)\clean_images\buffalo\nagpuri\nagpuri_0116.jpg,buffalo,nagpuri,buffalo_nagpuri
D:\B.Tech\CE-AI\Sem 7\MP\Datasets\archive (1)\clean_images\cattle\ayrshire\ayrshire_0036.jpg,cattle,ayrshire,cattle_ayrshire
D:\B.Tech\CE-AI\Sem 7\MP\Datasets\archive (1)\clean_images\buffalo\toda\toda_0041.jpg,buffalo,toda,buffalo_toda
D:\B.Tech\CE-AI\Sem 7\MP\Datasets\archive (1)\clean_images\cattle\gir\gir_0173.jpg,cattle,gir,cattle_gir
D:\B.Tech\CE-AI\Sem 7\MP\Datasets\archive (1)\clean_images\cattle\gir\gir_0326.jpg,cattle,gir,cattle_gir
D:\B.Tech\CE-AI\Sem 7\MP\Datasets\archive (1)\clean_images\cattle\umblachery\umblachery_0067.jpg,cattle,umblachery,cattle_umblachery
D:\B.Tech\CE-AI\Sem 7\MP\Datasets\archive (1)\clean_images\cattle\red_sindhi\red_sindhi_0089.png,cattle,red_sindhi,cattle_red_sindhi
D:\B.Tech\CE-AI\Sem 7\MP\Datasets\archive (1)\clean_images\buffalo\murrah\murrah_0140.jpg,buffalo,murrah,buffalo_murrah
D:\B.Tech\CE-AI\Sem 7\MP\Datasets\archive (1)\clean_images\cattle\hallikar\hallikar_0110.jpg,cattle,hallikar,cattle_hallikar
D:\B.Tech\CE-AI\Sem 7\MP\Datasets\archive (1)\clean_images\cattle\gir\gir_0462.jpg,cattle,gir,cattle_gir
D:\B.Tech\CE-AI\Sem 7\MP\Datasets\archive (1)\clean_images\cattle\red_dane\red_dane_0055.jpg,cattle,red_dane,cattle_red_dane
D:\B.Tech\CE-AI\Sem 7\MP\Datasets\archive (1)\clean_images\buffalo\murrah\murrah_0055.jpg,buffalo,murrah,buffalo_murrah
D:\B.Tech\CE-AI\Sem 7\MP\Datasets\archive (1)\clean_images\buffalo\surti\surti_0030.jpg,buffalo,surti,buffalo_surti
D:\B.Tech\CE-AI\Sem 7\MP\Datasets\archive (1)\clean_images\buffalo\mehsana\mehsana_0042.jpg,buffalo,mehsana,buffalo_mehsana
D:\B.Tech\CE-AI\Sem 7\MP\Datasets\archive (1)\clean_images\buffalo\bhadawari\bhadawari_0064.jpg,buffalo,bhadawari,buffalo_bhadawari
D:\B.Tech\CE-AI\Sem 7\MP\Datasets\archive (1)\clean_images\cattle\tharparkar\tharparkar_0077.jpg,cattle,tharparkar,cattle_tharparkar
D:\B.Tech\CE-AI\Sem 7\MP\Datasets\archive (1)\clean_images\buffalo\jaffarabadi\jaffarabadi_0078.jpg,buffalo,jaffarabadi,buffalo_jaffarabadi
D:\B.Tech\CE-AI\Sem 7\MP\Datasets\archive (1)\clean_images\buffalo\banni\banni_0037.jpg,buffalo,banni,buffalo_banni
D:\B.Tech\CE-AI\Sem 7\MP\Datasets\archive (1)\clean_images\cattle\brown_swiss\brown_swiss_0166.jpg,cattle,brown_swiss,cattle_brown_swiss
D:\B.Tech\CE-AI\Sem 7\MP\Datasets\archive (1)\clean_images\cattle\deoni\deoni_0014.jpg,cattle,deoni,cattle_deoni
D:\B.Tech\CE-AI\Sem 7\MP\Datasets\archive (1)\clean_images\cattle\bargur\bargur_0030.jpg,cattle,bargur,cattle_bargur
D:\B.Tech\CE-AI\Sem 7\MP\Datasets\archive (1)\clean_images\cattle\hallikar\hallikar_0284.png,cattle,hallikar,cattle_hallikar
D:\B.Tech\CE-AI\Sem 7\MP\Datasets\archive (1)\clean_images\cattle\holstein-friesian\holstein-friesian_0232.jpg,cattle,holstein-friesian,cattle_holstein-friesian
D:\B.Tech\CE-AI\Sem 7\MP\Datasets\archive (1)\clean_images\cattle\kenkatha\kenkatha_0061.jpg,cattle,kenkatha,cattle_kenkatha
D:\B.Tech\CE-AI\Sem 7\MP\Datasets\archive (1)\clean_images\cattle\ayrshire\ayrshire_0717.jpg,cattle,ayrshire,cattle_ayrshire
D:\B.Tech\CE-AI\Sem 7\MP\Datasets\archive (1)\clean_images\cattle\gir\gir_0438.jpg,cattle,gir,cattle_gir
D:\B.Tech\CE-AI\Sem 7\MP\Datasets\archive (1)\clean_images\cattle\gir\gir_0471.jpg,cattle,gir,cattle_gir
D:\B.Tech\CE-AI\Sem 7\MP\Datasets\archive (1)\clean_images\cattle\gir\gir_0282.jpg,cattle,gir,cattle_gir
D:\B.Tech\CE-AI\Sem 7\MP\Datasets\archive (1)\clean_images\cattle\red_dane\red_dane_0102.jpg,cattle,red_dane,cattle_red_dane
D:\B.Tech\CE-AI\Sem 7\MP\Datasets\archive (1)\clean_images\cattle\pulikulam\pulikulam_0107.jpg,cattle,pulikulam,cattle_pulikulam
D:\B.Tech\CE-AI\Sem 7\MP\Datasets\archive (1)\clean_images\cattle\ayrshire\ayrshire_0446.jpg,cattle,ayrshire,cattle_ayrshire
D:\B.Tech\CE-AI\Sem 7\MP\Datasets\archive (1)\clean_images\cattle\brown_swiss\brown_swiss_0160.jpg,cattle,brown_swiss,cattle_brown_swiss
D:\B.Tech\CE-AI\Sem 7\MP\Datasets\archive (1)\clean_images\cattle\vechur\vechur_0105.jpg,cattle,vechur,cattle_vechur
D:\B.Tech\CE-AI\Sem 7\MP\Datasets\archive (1)\clean_images\cattle\ayrshire\ayrshire_0346.jpg,cattle,ayrshire,cattle_ayrshire
D:\B.Tech\CE-AI\Sem 7\MP\Datasets\archive (1)\clean_images\cattle\gir\gir_0371.jpg,cattle,gir,cattle_gir
D:\B.Tech\CE-AI\Sem 7\MP\Datasets\archive (1)\clean_images\cattle\rathi\rathi_0114.jpeg,cattle,rathi,cattle_rathi
D:\B.Tech\CE-AI\Sem 7\MP\Datasets\archive (1)\clean_images\buffalo\nili_ravi\nili_ravi_0030.jpg,buffalo,nili_ravi,buffalo_nili_ravi
D:\B.Tech\CE-AI\Sem 7\MP\Datasets\archive (1)\clean_images\cattle\kangayam\kangayam_0075.jpg,cattle,kangayam,cattle_kangayam
D:\B.Tech\CE-AI\Sem 7\MP\Datasets\archive (1)\clean_images\buffalo\alambadi\alambadi_0156.png,buffalo,alambadi,buffalo_alambadi
D:\B.Tech\CE-AI\Sem 7\MP\Datasets\archive (1)\clean_images\cattle\rathi\rathi_0083.jpg,cattle,rathi,cattle_rathi
D:\B.Tech\CE-AI\Sem 7\MP\Datasets\archive (1)\clean_images\buffalo\nagpuri\nagpuri_0117.png,buffalo,nagpuri,buffalo_nagpuri
D:\B.Tech\CE-AI\Sem 7\MP\Datasets\archive (1)\clean_images\cattle\gir\gir_0094.jpg,cattle,gir,cattle_gir
D:\B.Tech\CE-AI\Sem 7\MP\Datasets\archive (1)\clean_images\cattle\sahiwal\sahiwal_0247.jpg,cattle,sahiwal,cattle_sahiwal
D:\B.Tech\CE-AI\Sem 7\MP\Datasets\archive (1)\clean_images\cattle\ayrshire\ayrshire_0679.jpg,cattle,ayrshire,cattle_ayrshire
D:\B.Tech\CE-AI\Sem 7\MP\Datasets\archive (1)\clean_images\buffalo\jaffarabadi\jaffarabadi_0052.jpg,buffalo,jaffarabadi,buffalo_jaffarabadi
D:\B.Tech\CE-AI\Sem 7\MP\Datasets\archive (1)\clean_images\buffalo\toda\toda_0133.jpg,buffalo,toda,buffalo_toda
D:\B.Tech\CE-AI\Sem 7\MP\Datasets\archive (1)\clean_images\cattle\guernsey\guernsey_0205.jpg,cattle,guernsey,cattle_guernsey
D:\B.Tech\CE-AI\Sem 7\MP\Datasets\archive (1)\clean_images\cattle\ayrshire\ayrshire_0644.jpg,cattle,ayrshire,cattle_ayrshire
D:\B.Tech\CE-AI\Sem 7\MP\Datasets\archive (1)\clean_images\cattle\holstein-friesian\holstein-friesian_0245.jpg,cattle,holstein-friesian,cattle_holstein-friesian
D:\B.Tech\CE-AI\Sem 7\MP\Datasets\archive (1)\clean_images\cattle\ayrshire\ayrshire_0435.jpg,cattle,ayrshire,cattle_ayrshire
D:\B.Tech\CE-AI\Sem 7\MP\Datasets\archive (1)\clean_images\cattle\brown_swiss\brown_swiss_0415.jpg,cattle,brown_swiss,cattle_brown_swiss
D:\B.Tech\CE-AI\Sem 7\MP\Datasets\archive (1)\clean_images\buffalo\murrah\murrah_0169.png,buffalo,murrah,buffalo_murrah
D:\B.Tech\CE-AI\Sem 7\MP\Datasets\archive (1)\clean_images\cattle\kenkatha\kenkatha_0010.jpg,cattle,kenkatha,cattle_kenkatha
D:\B.Tech\CE-AI\Sem 7\MP\Datasets\archive (1)\clean_images\cattle\red_sindhi\red_sindhi_0133.jpg,cattle,red_sindhi,cattle_red_sindhi
D:\B.Tech\CE-AI\Sem 7\MP\Datasets\archive (1)\clean_images\cattle\guernsey\guernsey_0210.jpg,cattle,guernsey,cattle_guernsey
D:\B.Tech\CE-AI\Sem 7\MP\Datasets\archive (1)\clean_images\buffalo\bhadawari\bhadawari_0020.jpg,buffalo,bhadawari,buffalo_bhadawari
D:\B.Tech\CE-AI\Sem 7\MP\Datasets\archive (1)\clean_images\buffalo\surti\surti_0066.jpg,buffalo,surti,buffalo_surti
D:\B.Tech\CE-AI\Sem 7\MP\Datasets\archive (1)\clean_images\cattle\gir\gir_0003.jpg,cattle,gir,cattle_gir
D:\B.Tech\CE-AI\Sem 7\MP\Datasets\archive (1)\clean_images\cattle\ayrshire\ayrshire_0663.jpg,cattle,ayrshire,cattle_ayrshire
D:\B.Tech\CE-AI\Sem 7\MP\Datasets\archive (1)\clean_images\cattle\holstein-friesian\holstein-friesian_0451.jpg,cattle,holstein-friesian,cattle_holstein-friesian
D:\B.Tech\CE-AI\Sem 7\MP\Datasets\archive (1)\clean_images\cattle\kherigarh\kherigarh_0044.png,cattle,kherigarh,cattle_kherigarh
D:\B.Tech\CE-AI\Sem 7\MP\Datasets\archive (1)\clean_images\buffalo\nili_ravi\nili_ravi_0049.png,buffalo,nili_ravi,buffalo_nili_ravi
D:\B.Tech\CE-AI\Sem 7\MP\Datasets\archive (1)\clean_images\cattle\gir\gir_0757.png,cattle,gir,cattle_gir
D:\B.Tech\CE-AI\Sem 7\MP\Datasets\archive (1)\clean_images\cattle\ongole\ongole_0137.png,cattle,ongole,cattle_ongole
D:\B.Tech\CE-AI\Sem 7\MP\Datasets\archive (1)\clean_images\buffalo\murrah\murrah_0078.jpg,buffalo,murrah,buffalo_murrah
D:\B.Tech\CE-AI\Sem 7\MP\Datasets\archive (1)\clean_images\cattle\kankrej\kankrej_0087.png,cattle,kankrej,cattle_kankrej
D:\B.Tech\CE-AI\Sem 7\MP\Datasets\archive (1)\clean_images\cattle\vechur\vechur_0092.jpg,cattle,vechur,cattle_vechur
D:\B.Tech\CE-AI\Sem 7\MP\Datasets\archive (1)\clean_images\cattle\ayrshire\ayrshire_0211.jpg,cattle,ayrshire,cattle_ayrshire
D:\B.Tech\CE-AI\Sem 7\MP\Datasets\archive (1)\clean_images\cattle\sahiwal\sahiwal_0217.jpg,cattle,sahiwal,cattle_sahiwal
D:\B.Tech\CE-AI\Sem 7\MP\Datasets\archive (1)\clean_images\buffalo\alambadi\alambadi_0155.png,buffalo,alambadi,buffalo_alambadi
D:\B.Tech\CE-AI\Sem 7\MP\Datasets\archive (1)\clean_images\cattle\holstein-friesian\holstein-friesian_0206.jpg,cattle,holstein-friesian,cattle_holstein-friesian
D:\B.Tech\CE-AI\Sem 7\MP\Datasets\archive (1)\clean_images\buffalo\murrah\murrah_0074.jpg,buffalo,murrah,buffalo_murrah
D:\B.Tech\CE-AI\Sem 7\MP\Datasets\archive (1)\clean_images\cattle\kankrej\kankrej_0175.png,cattle,kankrej,cattle_kankrej
D:\B.Tech\CE-AI\Sem 7\MP\Datasets\archive (1)\clean_images\cattle\gir\gir_0737.jpg,cattle,gir,cattle_gir
D:\B.Tech\CE-AI\Sem 7\MP\Datasets\archive (1)\clean_images\cattle\vechur\vechur_0093.jpeg,cattle,vechur,cattle_vechur
D:\B.Tech\CE-AI\Sem 7\MP\Datasets\archive (1)\clean_images\cattle\red_sindhi\red_sindhi_0088.jpg,cattle,red_sindhi,cattle_red_sindhi
D:\B.Tech\CE-AI\Sem 7\MP\Datasets\archive (1)\clean_images\cattle\sahiwal\sahiwal_0159.jpg,cattle,sahiwal,cattle_sahiwal
D:\B.Tech\CE-AI\Sem 7\MP\Datasets\archive (1)\clean_images\buffalo\murrah\murrah_0046.jpg,buffalo,murrah,buffalo_murrah
D:\B.Tech\CE-AI\Sem 7\MP\Datasets\archive (1)\clean_images\cattle\red_sindhi\red_sindhi_0010.jpg,cattle,red_sindhi,cattle_red_sindhi
D:\B.Tech\CE-AI\Sem 7\MP\Datasets\archive (1)\clean_images\cattle\krishna_valley\krishna_valley_0027.jpg,cattle,krishna_valley,cattle_krishna_valley
D:\B.Tech\CE-AI\Sem 7\MP\Datasets\archive (1)\clean_images\cattle\amritmahal\amritmahal_0200.jpg,cattle,amritmahal,cattle_amritmahal
D:\B.Tech\CE-AI\Sem 7\MP\Datasets\archive (1)\clean_images\buffalo\bhadawari\bhadawari_0184.jpg,buffalo,bhadawari,buffalo_bhadawari
D:\B.Tech\CE-AI\Sem 7\MP\Datasets\archive (1)\clean_images\cattle\brown_swiss\brown_swiss_0183.jpg,cattle,brown_swiss,cattle_brown_swiss
D:\B.Tech\CE-AI\Sem 7\MP\Datasets\archive (1)\clean_images\cattle\hallikar\hallikar_0118.jpg,cattle,hallikar,cattle_hallikar
D:\B.Tech\CE-AI\Sem 7\MP\Datasets\archive (1)\clean_images\cattle\deoni\deoni_0079.jpg,cattle,deoni,cattle_deoni
D:\B.Tech\CE-AI\Sem 7\MP\Datasets\archive (1)\clean_images\cattle\gir\gir_0680.png,cattle,gir,cattle_gir
D:\B.Tech\CE-AI\Sem 7\MP\Datasets\archive (1)\clean_images\cattle\deoni\deoni_0027.jpg,cattle,deoni,cattle_deoni
D:\B.Tech\CE-AI\Sem 7\MP\Datasets\archive (1)\clean_images\cattle\hariana\hariana_0069.png,cattle,hariana,cattle_hariana
D:\B.Tech\CE-AI\Sem 7\MP\Datasets\archive (1)\clean_images\cattle\red_dane\red_dane_0076.jpg,cattle,red_dane,cattle_red_dane
D:\B.Tech\CE-AI\Sem 7\MP\Datasets\archive (1)\clean_images\cattle\krishna_valley\krishna_valley_0109.jpg,cattle,krishna_valley,cattle_krishna_valley
D:\B.Tech\CE-AI\Sem 7\MP\Datasets\archive (1)\clean_images\buffalo\alambadi\alambadi_0118.jpg,buffalo,alambadi,buffalo_alambadi
D:\B.Tech\CE-AI\Sem 7\MP\Datasets\archive (1)\clean_images\cattle\red_dane\red_dane_0043.jpg,cattle,red_dane,cattle_red_dane
D:\B.Tech\CE-AI\Sem 7\MP\Datasets\archive (1)\clean_images\cattle\bargur\bargur_0090.jpg,cattle,bargur,cattle_bargur
D:\B.Tech\CE-AI\Sem 7\MP\Datasets\archive (1)\clean_images\cattle\gir\gir_0596.jpg,cattle,gir,cattle_gir
D:\B.Tech\CE-AI\Sem 7\MP\Datasets\archive (1)\clean_images\cattle\pulikulam\pulikulam_0095.jpg,cattle,pulikulam,cattle_pulikulam
D:\B.Tech\CE-AI\Sem 7\MP\Datasets\archive (1)\clean_images\cattle\vechur\vechur_0017.jpg,cattle,vechur,cattle_vechur
D:\B.Tech\CE-AI\Sem 7\MP\Datasets\archive (1)\clean_images\cattle\gir\gir_0715.jpg,cattle,gir,cattle_gir
D:\B.Tech\CE-AI\Sem 7\MP\Datasets\archive (1)\clean_images\buffalo\toda\toda_0049.jpg,buffalo,toda,buffalo_toda
D:\B.Tech\CE-AI\Sem 7\MP\Datasets\archive (1)\clean_images\cattle\holstein-friesian\holstein-friesian_0066.jpg,cattle,holstein-friesian,cattle_holstein-friesian
D:\B.Tech\CE-AI\Sem 7\MP\Datasets\archive (1)\clean_images\cattle\ayrshire\ayrshire_0565.jpg,cattle,ayrshire,cattle_ayrshire
D:\B.Tech\CE-AI\Sem 7\MP\Datasets\archive (1)\clean_images\cattle\vechur\vechur_0095.jpg,cattle,vechur,cattle_vechur
D:\B.Tech\CE-AI\Sem 7\MP\Datasets\archive (1)\clean_images\buffalo\mehsana\mehsana_0103.jpg,buffalo,mehsana,buffalo_mehsana
D:\B.Tech\CE-AI\Sem 7\MP\Datasets\archive (1)\clean_images\cattle\hallikar\hallikar_0246.png,cattle,hallikar,cattle_hallikar
D:\B.Tech\CE-AI\Sem 7\MP\Datasets\archive (1)\clean_images\cattle\guernsey\guernsey_0147.jpg,cattle,guernsey,cattle_guernsey
D:\B.Tech\CE-AI\Sem 7\MP\Datasets\archive (1)\clean_images\cattle\krishna_valley\krishna_valley_0073.jpg,cattle,krishna_valley,cattle_krishna_valley
D:\B.Tech\CE-AI\Sem 7\MP\Datasets\archive (1)\clean_images\cattle\malnad_gidda\malnad_gidda_0101.png,cattle,malnad_gidda,cattle_malnad_gidda
D:\B.Tech\CE-AI\Sem 7\MP\Datasets\archive (1)\clean_images\cattle\krishna_valley\krishna_valley_0069.jpg,cattle,krishna_valley,cattle_krishna_valley
D:\B.Tech\CE-AI\Sem 7\MP\Datasets\archive (1)\clean_images\cattle\ayrshire\ayrshire_0055.jpg,cattle,ayrshire,cattle_ayrshire
D:\B.Tech\CE-AI\Sem 7\MP\Datasets\archive (1)\clean_images\cattle\rathi\rathi_0048.jpg,cattle,rathi,cattle_rathi
D:\B.Tech\CE-AI\Sem 7\MP\Datasets\archive (1)\clean_images\cattle\rathi\rathi_0031.jpg,cattle,rathi,cattle_rathi
D:\B.Tech\CE-AI\Sem 7\MP\Datasets\archive (1)\clean_images\cattle\sahiwal\sahiwal_0212.jpg,cattle,sahiwal,cattle_sahiwal
D:\B.Tech\CE-AI\Sem 7\MP\Datasets\archive (1)\clean_images\cattle\gir\gir_0049.jpg,cattle,gir,cattle_gir
D:\B.Tech\CE-AI\Sem 7\MP\Datasets\archive (1)\clean_images\cattle\ayrshire\ayrshire_0659.jpg,cattle,ayrshire,cattle_ayrshire
D:\B.Tech\CE-AI\Sem 7\MP\Datasets\archive (1)\clean_images\cattle\kankrej\kankrej_0142.jpg,cattle,kankrej,cattle_kankrej
D:\B.Tech\CE-AI\Sem 7\MP\Datasets\archive (1)\clean_images\cattle\ayrshire\ayrshire_0412.jpg,cattle,ayrshire,cattle_ayrshire
D:\B.Tech\CE-AI\Sem 7\MP\Datasets\archive (1)\clean_images\cattle\jersey\jersey_0010.jpg,cattle,jersey,cattle_jersey
D:\B.Tech\CE-AI\Sem 7\MP\Datasets\archive (1)\clean_images\cattle\ayrshire\ayrshire_0033.jpg,cattle,ayrshire,cattle_ayrshire
D:\B.Tech\CE-AI\Sem 7\MP\Datasets\archive (1)\clean_images\cattle\nimari\nimari_0009.jpg,cattle,nimari,cattle_nimari
D:\B.Tech\CE-AI\Sem 7\MP\Datasets\archive (1)\clean_images\cattle\amritmahal\amritmahal_0199.jpg,cattle,amritmahal,cattle_amritmahal
D:\B.Tech\CE-AI\Sem 7\MP\Datasets\archive (1)\clean_images\cattle\ayrshire\ayrshire_0146.jpg,cattle,ayrshire,cattle_ayrshire
D:\B.Tech\CE-AI\Sem 7\MP\Datasets\archive (1)\clean_images\cattle\brown_swiss\brown_swiss_0279.jpg,cattle,brown_swiss,cattle_brown_swiss
D:\B.Tech\CE-AI\Sem 7\MP\Datasets\archive (1)\clean_images\cattle\deoni\deoni_0053.jpg,cattle,deoni,cattle_deoni
D:\B.Tech\CE-AI\Sem 7\MP\Datasets\archive (1)\clean_images\cattle\rathi\rathi_0028.jpg,cattle,rathi,cattle_rathi
D:\B.Tech\CE-AI\Sem 7\MP\Datasets\archive (1)\clean_images\cattle\ayrshire\ayrshire_0177.jpg,cattle,ayrshire,cattle_ayrshire
D:\B.Tech\CE-AI\Sem 7\MP\Datasets\archive (1)\clean_images\cattle\holstein-friesian\holstein-friesian_0176.jpg,cattle,holstein-friesian,cattle_holstein-friesian
D:\B.Tech\CE-AI\Sem 7\MP\Datasets\archive (1)\clean_images\buffalo\nagpuri\nagpuri_0145.jpg,buffalo,nagpuri,buffalo_nagpuri
D:\B.Tech\CE-AI\Sem 7\MP\Datasets\archive (1)\clean_images\buffalo\nagpuri\nagpuri_0006.jpg,buffalo,nagpuri,buffalo_nagpuri
D:\B.Tech\CE-AI\Sem 7\MP\Datasets\archive (1)\clean_images\cattle\brown_swiss\brown_swiss_0311.jpg,cattle,brown_swiss,cattle_brown_swiss
D:\B.Tech\CE-AI\Sem 7\MP\Datasets\archive (1)\clean_images\cattle\vechur\vechur_0001.jpg,cattle,vechur,cattle_vechur
D:\B.Tech\CE-AI\Sem 7\MP\Datasets\archive (1)\clean_images\cattle\sahiwal\sahiwal_0037.jpeg,cattle,sahiwal,cattle_sahiwal
D:\B.Tech\CE-AI\Sem 7\MP\Datasets\archive (1)\clean_images\cattle\kankrej\kankrej_0162.jpg,cattle,kankrej,cattle_kankrej
D:\B.Tech\CE-AI\Sem 7\MP\Datasets\archive (1)\clean_images\cattle\brown_swiss\brown_swiss_0372.jpg,cattle,brown_swiss,cattle_brown_swiss
D:\B.Tech\CE-AI\Sem 7\MP\Datasets\archive (1)\clean_images\buffalo\bargur\bargur_0115.jpg,buffalo,bargur,buffalo_bargur
D:\B.Tech\CE-AI\Sem 7\MP\Datasets\archive (1)\clean_images\cattle\brown_swiss\brown_swiss_0385.jpg,cattle,brown_swiss,cattle_brown_swiss
D:\B.Tech\CE-AI\Sem 7\MP\Datasets\archive (1)\clean_images\cattle\malnad_gidda\malnad_gidda_0117.png,cattle,malnad_gidda,cattle_malnad_gidda
D:\B.Tech\CE-AI\Sem 7\MP\Datasets\archive (1)\clean_images\buffalo\nagpuri\nagpuri_0110.jpg,buffalo,nagpuri,buffalo_nagpuri
D:\B.Tech\CE-AI\Sem 7\MP\Datasets\archive (1)\clean_images\cattle\gir\gir_0432.jpg,cattle,gir,cattle_gir
D:\B.Tech\CE-AI\Sem 7\MP\Datasets\archive (1)\clean_images\buffalo\toda\toda_0088.jpg,buffalo,toda,buffalo_toda
D:\B.Tech\CE-AI\Sem 7\MP\Datasets\archive (1)\clean_images\cattle\red_dane\red_dane_0049.jpg,cattle,red_dane,cattle_red_dane
D:\B.Tech\CE-AI\Sem 7\MP\Datasets\archive (1)\clean_images\buffalo\alambadi\alambadi_0142.png,buffalo,alambadi,buffalo_alambadi
D:\B.Tech\CE-AI\Sem 7\MP\Datasets\archive (1)\clean_images\cattle\sahiwal\sahiwal_0236.jpg,cattle,sahiwal,cattle_sahiwal
D:\B.Tech\CE-AI\Sem 7\MP\Datasets\archive (1)\clean_images\cattle\jersey\jersey_0023.jpg,cattle,jersey,cattle_jersey
D:\B.Tech\CE-AI\Sem 7\MP\Datasets\archive (1)\clean_images\cattle\ayrshire\ayrshire_0473.jpg,cattle,ayrshire,cattle_ayrshire
D:\B.Tech\CE-AI\Sem 7\MP\Datasets\archive (1)\clean_images\cattle\khillar\khillar_0065.png,cattle,khillar,cattle_khillar
D:\B.Tech\CE-AI\Sem 7\MP\Datasets\archive (1)\clean_images\buffalo\bhadawari\bhadawari_0129.jpg,buffalo,bhadawari,buffalo_bhadawari
D:\B.Tech\CE-AI\Sem 7\MP\Datasets\archive (1)\clean_images\cattle\ayrshire\ayrshire_0319.jpg,cattle,ayrshire,cattle_ayrshire
D:\B.Tech\CE-AI\Sem 7\MP\Datasets\archive (1)\clean_images\cattle\hallikar\hallikar_0165.jpg,cattle,hallikar,cattle_hallikar
D:\B.Tech\CE-AI\Sem 7\MP\Datasets\archive (1)\clean_images\cattle\amritmahal\amritmahal_0148.png,cattle,amritmahal,cattle_amritmahal
D:\B.Tech\CE-AI\Sem 7\MP\Datasets\archive (1)\clean_images\cattle\ayrshire\ayrshire_0550.jpg,cattle,ayrshire,cattle_ayrshire
D:\B.Tech\CE-AI\Sem 7\MP\Datasets\archive (1)\clean_images\cattle\sahiwal\sahiwal_0065.png,cattle,sahiwal,cattle_sahiwal
D:\B.Tech\CE-AI\Sem 7\MP\Datasets\archive (1)\clean_images\cattle\hariana\hariana_0124.jpg,cattle,hariana,cattle_hariana
D:\B.Tech\CE-AI\Sem 7\MP\Datasets\archive (1)\clean_images\buffalo\bhadawari\bhadawari_0164.jpg,buffalo,bhadawari,buffalo_bhadawari
D:\B.Tech\CE-AI\Sem 7\MP\Datasets\archive (1)\clean_images\cattle\tharparkar\tharparkar_0002.jpg,cattle,tharparkar,cattle_tharparkar
D:\B.Tech\CE-AI\Sem 7\MP\Datasets\archive (1)\clean_images\cattle\brown_swiss\brown_swiss_0394.jpg,cattle,brown_swiss,cattle_brown_swiss
D:\B.Tech\CE-AI\Sem 7\MP\Datasets\archive (1)\clean_images\cattle\umblachery\umblachery_0056.png,cattle,umblachery,cattle_umblachery
D:\B.Tech\CE-AI\Sem 7\MP\Datasets\archive (1)\clean_images\cattle\holstein-friesian\holstein-friesian_0099.jpg,cattle,holstein-friesian,cattle_holstein-friesian
D:\B.Tech\CE-AI\Sem 7\MP\Datasets\archive (1)\clean_images\cattle\khillar\khillar_0023.jpg,cattle,khillar,cattle_khillar
D:\B.Tech\CE-AI\Sem 7\MP\Datasets\archive (1)\clean_images\buffalo\surti\surti_0057.png,buffalo,surti,buffalo_surti
D:\B.Tech\CE-AI\Sem 7\MP\Datasets\archive (1)\clean_images\cattle\tharparkar\tharparkar_0100.jpg,cattle,tharparkar,cattle_tharparkar
D:\B.Tech\CE-AI\Sem 7\MP\Datasets\archive (1)\clean_images\buffalo\alambadi\alambadi_0173.jpg,buffalo,alambadi,buffalo_alambadi
D:\B.Tech\CE-AI\Sem 7\MP\Datasets\archive (1)\clean_images\cattle\rathi\rathi_0021.jpg,cattle,rathi,cattle_rathi
D:\B.Tech\CE-AI\Sem 7\MP\Datasets\archive (1)\clean_images\cattle\khillar\khillar_0076.jpg,cattle,khillar,cattle_khillar
D:\B.Tech\CE-AI\Sem 7\MP\Datasets\archive (1)\clean_images\cattle\tharparkar\tharparkar_0128.png,cattle,tharparkar,cattle_tharparkar
D:\B.Tech\CE-AI\Sem 7\MP\Datasets\archive (1)\clean_images\cattle\sahiwal\sahiwal_0326.png,cattle,sahiwal,cattle_sahiwal
D:\B.Tech\CE-AI\Sem 7\MP\Datasets\archive (1)\clean_images\buffalo\bhadawari\bhadawari_0102.jpg,buffalo,bhadawari,buffalo_bhadawari
D:\B.Tech\CE-AI\Sem 7\MP\Datasets\archive (1)\clean_images\cattle\ongole\ongole_0007.jpg,cattle,ongole,cattle_ongole
D:\B.Tech\CE-AI\Sem 7\MP\Datasets\archive (1)\clean_images\cattle\hariana\hariana_0024.png,cattle,hariana,cattle_hariana
D:\B.Tech\CE-AI\Sem 7\MP\Datasets\archive (1)\clean_images\cattle\gir\gir_0315.jpg,cattle,gir,cattle_gir
D:\B.Tech\CE-AI\Sem 7\MP\Datasets\archive (1)\clean_images\cattle\tharparkar\tharparkar_0012.jpg,cattle,tharparkar,cattle_tharparkar
D:\B.Tech\CE-AI\Sem 7\MP\Datasets\archive (1)\clean_images\cattle\gir\gir_0735.jpg,cattle,gir,cattle_gir
D:\B.Tech\CE-AI\Sem 7\MP\Datasets\archive (1)\clean_images\buffalo\murrah\murrah_0114.jpg,buffalo,murrah,buffalo_murrah
